tree
version=v4
num_class=1
num_tree_per_iteration=1
label_index=0
max_feature_idx=39
objective=binary sigmoid:1
feature_names=Column_0 Column_1 Column_2 Column_3 Column_4 Column_5 Column_6 Column_7 Column_8 Column_9 Column_10 Column_11 Column_12 Column_13 Column_14 Column_15 Column_16 Column_17 Column_18 Column_19 Column_20 Column_21 Column_22 Column_23 Column_24 Column_25 Column_26 Column_27 Column_28 Column_29 Column_30 Column_31 Column_32 Column_33 Column_34 Column_35 Column_36 Column_37 Column_38 Column_39
feature_infos=[9:25] [0:1] [0:2] [3:6] [1:4] [0:1] [0:2] [0:2] [0:3] [0:1] [0:1] [0:1] [0:2] [0:1] [0:5] [0:1] [0:2] [0:1] [0:2] [0:1] [0:1] [0:18] [0:171] [0:1] [0:18] none none none none [1.5587198108204574:9.5595878000861187] [3.6548591385232831:64.286403776437012] [1.5587198108204574:9.5595878000861187] [3.6548591385232827:73.84447527600517] [0:1] [0:2] [4:14] [10:35] [0:2] [0:6] [0:1]
tree_sizes=3355 3432 3441 3429 3444 3445 3426 3432 3433 3418 3435 3449 3424 3423 3439 3441 3426 3438 3430 3438 3454 3444 3436 3423 3445 3429 3444 3429 3433 3433 3438 3432 3434 3443 3427 3438 3443 3438 3418 3448 3440 3419 3439 3427 3431 3436 3435 3431 3424 3419 3440 3424 3424 3425 3427 3439 3437 3437 3432 3443 3436 3430 3418 3422 3432 3437 3425 3429 3440 3434 3447 3423 3430 3446 3452 3439 3440 3454 3424 3452 3447 3441 3447 3432 3429 3451 3455 3447 3437 3455 3454 3464 3459 3464 3456 3466 3468 3443 3453 3451 3450 3467 3463 3459 3449 3465 3457 3456 3481 3494 3482 3465 3482 3471 3456 3476 3466 3471 3471 3478 3465 3467 3465 3461 3475 3459 3479 3483 3469 3479 3475 3481 3458 3459 3489 3481 3492 3494 3470 3485 3472 3491 3508 3501 3477 3476 3482 3460 3469 3473 3486 3477 3483 3453 3486 3489 3487 3482 3488 3460 3489 3497 3490 3496 3492 3491 3469 3497 3482 3493 3480 3506 3490 3501 3483 3502 3468 3490 3509 3489 3486 3496 3500 3503

Tree=0
num_leaves=31
num_cat=0
split_feature=2 5 17 11 15 17 29 6 11 39 7 13 2 0 30 36 30 35 29 29 4 36 29 29 29 21 35 35 36 0
split_gain=392.249 264.835 312.783 390.432 249.349 172.91 120.36 90.0288 54.5863 53.5208 16.8502 13.6614 11.8026 11.2762 9.8661 7.67928 4.49102 3.74579 2.7364 1.47017 1.04598 0.791559 0.615343 0.919128 0.424685 0.472379 0.196216 0.155791 0.691958 0.906518
threshold=1.0000000180025095e-35 1.0000000180025095e-35 1.0000000180025095e-35 1.0000000180025095e-35 1.0000000180025095e-35 1.0000000180025095e-35 5.2036832726553373 1.5000000000000002 1.0000000180025095e-35 1.0000000180025095e-35 1.0000000180025095e-35 1.0000000180025095e-35 1.5000000000000002 11.500000000000002 10.892236965371575 24.500000000000004 6.7969257976498705 11.500000000000002 3.3300921486066026 3.2468620983371328 1.5000000000000002 24.500000000000004 2.4860854977526912 1.9758354613039071 3.1385506848250149 1.0000000180025095e-35 7.5000000000000009 6.5000000000000009 16.500000000000004 12.500000000000002
decision_type=2 2 2 2 2 2 2 2 2 2 2 2 2 2 2 2 2 2 2 2 2 2 2 2 2 2 2 2 2 2
left_child=-1 2 3 4 6 -3 10 8 9 11 21 18 -13 16 -6 22 -12 19 -7 20 -17 27 23 -15 -24 -26 -18 28 -2 -30
right_child=1 5 -4 -5 14 7 -8 -9 -10 -11 13 12 -14 15 -16 17 26 -19 -20 -21 -22 -23 24 -25 25 -27 -28 -29 29 -31
leaf_value=0.26218216126991795 0.060733695005766766 0.26218216126991795 0.26218216126991795 0.26218216126991795 0.25949618171972921 0.06073369500576678 0.25185147069226915 0.26218216126991795 0.26218216126991795 0.23070583841614431 0.15474297926237066 0.16418020470897954 0.080228707870039453 0.06665864989588885 0.19293425099161596 0.11496982053842289 0.11109581157180454 0.13534423806656348 0.09670663541007947 0.069890443472319083 0.085914753288785659 0.076637521289778687 0.060733695005766766 0.091725766738713091 0.060733695005766739 0.080228707870039467 0.097360688871976075 0.060733695005766766 0.090950964945389429 0.06073369500576678
leaf_weight=96.79895281791687 32.018115162849426 74.957137823104858 39.712390899658203 38.967783570289612 18.615183234214786 22.090017437934879 9.6798952817916852 15.636753916740416 6.7014659643173209 7.9424781799316397 7.4460732936859158 9.1834903955459612 7.694275736808776 8.4388830661773664 7.9424781799316397 6.4532635211944633 4.9640488624572736 6.7014659643173209 6.9496684074401847 5.460453748703002 5.9568586349487305 9.4316928386688215 20.104397892951965 6.4532635211944571 5.2122513055801374 7.6942757368087769 5.4604537487030029 111.19469451904297 4.9640488624572736 4.9640488624572754
leaf_count=390 129 302 160 157 75 89 39 63 27 32 30 37 31 34 32 26 20 27 28 22 24 38 81 26 21 31 22 448 20 20
internal_value=0.169781 0.152546 0.12965 0.11361 0.093588 0.208264 0.0788222 0.155224 0.127608 0.110864 0.0721998 0.0901343 0.125908 0.089512 0.23959 0.0807406 0.125085 0.103465 0.0693426 0.0915105 0.101023 0.062579 0.0690839 0.0775211 0.0652776 0.0723557 0.103901 0.0617132 0.0643097 0.0758423
internal_weight=615.79 518.991 367.836 328.124 289.156 151.155 262.598 76.1982 60.5614 53.8599 252.918 45.9175 16.8778 90.3457 26.5577 72.4751 17.8706 24.572 29.0397 17.8706 12.4101 162.573 47.9031 14.8921 33.0109 12.9065 10.4245 153.141 41.9462 9.9281
internal_count=2481 2091 1482 1322 1165 609 1058 307 244 217 1019 185 68 364 107 292 72 99 117 72 50 655 193 60 133 52 42 617 169 40
is_linear=0
shrinkage=1


Tree=1
num_leaves=31
num_cat=0
split_feature=2 5 18 12 15 18 29 6 18 12 7 36 35 13 2 30 30 30 36 36 38 13 29 36 35 36 29 13 30 29
split_gain=350.848 247.814 289.629 332.866 225.921 161.644 98.3887 84.2705 52.66 66.4348 14.6528 11.755 11.8721 11.3503 11.0292 4.86586 2.21442 1.93302 1.2113 1.01663 1.84639 1.36208 1.43907 0.218206 0.150622 0.790495 0.146094 0.12491 0.113153 0.0906475
threshold=1.0000000180025095e-35 1.0000000180025095e-35 1.0000000180025095e-35 1.0000000180025095e-35 1.0000000180025095e-35 1.0000000180025095e-35 5.2036832726553373 1.5000000000000002 1.5000000000000002 1.0000000180025095e-35 1.0000000180025095e-35 17.500000000000004 11.500000000000002 1.0000000180025095e-35 1.5000000000000002 10.892236965371575 12.500703125779255 6.7969257976498705 24.500000000000004 21.500000000000004 4.5000000000000009 1.0000000180025095e-35 2.5467889716101815 21.500000000000004 6.5000000000000009 16.500000000000004 2.773112293567868 1.0000000180025095e-35 10.947609537023814 2.6561704564304831
decision_type=2 2 2 2 2 2 2 2 2 2 2 2 2 2 2 2 2 2 2 2 2 2 2 2 2 2 2 2 2 2
left_child=-1 2 3 4 6 -3 10 8 9 13 18 -12 17 16 -15 26 28 23 24 29 27 22 -22 -13 25 -2 -6 -21 -7 -19
right_child=1 5 -4 -5 15 7 -8 -9 -10 -11 11 12 -14 14 -16 -17 -18 19 -20 20 21 -23 -24 -25 -26 -27 -28 -29 -30 -31
leaf_value=0.088468542016870669 -0.10313079406844892 0.088468542016870669 0.088468542016870669 0.088468542016870669 0.088572007172540934 -0.103201037833273 0.072826835224259576 0.088468542016870669 0.089698651341974633 0.088468542016870669 -0.013399737859535219 -0.063497327908477494 -0.026083239711925478 -0.0054652612952846638 -0.086222840029127834 0.037395620388305045 -0.065162901683816776 -0.096586655332377022 -0.084441673600207517 -0.10445015331779756 -0.066184708445401835 -0.061994088167171273 -0.09868135326844979 -0.076509932245632531 -0.10313079406844892 -0.085760681412470785 0.078402714912104987 -0.095058373880598929 -0.094976315572399897 -0.10378248971300637
leaf_weight=95.106228455901146 31.970508575439453 76.67478883266449 39.811909586191177 36.125621661543846 12.537745669484144 20.729817047715194 9.3509339690208417 15.973914340138434 6.9076760411262503 6.8810707926750174 6.9717915505170813 5.9824216961860639 8.7168174237012845 8.689679428935051 8.2338433712720871 7.4306362867355338 4.9863206446170798 6.7395245730876949 10.234964579343794 9.2326372712850553 5.24046714603901 8.2340468913316727 9.7361817061901075 6.9811233878135681 114.14470639824867 8.2375365495681745 4.9167630076408377 5.7421880215406409 5.2385626584291449 12.482667148113249
leaf_count=387 128 312 162 147 51 83 38 65 28 28 28 24 35 35 33 30 20 27 41 37 21 33 39 28 457 33 20 23 21 50
internal_value=0.00023482 -0.0160552 -0.0387345 -0.0545104 -0.0726413 0.0369737 -0.0864165 -0.0138803 -0.0403923 -0.0568028 -0.0923575 -0.075639 -0.0811255 -0.0776812 -0.0447564 0.0712816 -0.0956818 -0.0879435 -0.101099 -0.0918815 -0.0871606 -0.0783294 -0.0873105 -0.0705049 -0.102204 -0.0995721 0.0857074 -0.100849 -0.101542 -0.10126
internal_weight=610.243 515.137 360.821 321.009 284.884 154.316 259.999 77.6409 61.667 54.7593 250.648 86.0599 79.0881 47.8782 16.9235 24.8851 30.9547 70.3713 164.588 57.4077 38.1855 23.2107 14.9766 12.9635 154.353 40.208 17.4545 14.9748 25.9684 19.2222
internal_count=2464 2077 1452 1290 1143 625 1042 313 248 220 1004 345 317 192 68 101 124 282 659 230 153 93 60 52 618 161 71 60 104 77
is_linear=0
shrinkage=0.05


Tree=2
num_leaves=31
num_cat=0
split_feature=2 5 18 11 15 18 29 6 11 18 7 36 35 13 2 30 30 29 30 30 36 35 30 36 35 30 0 7 35 30
split_gain=338.462 206.539 256.742 315.804 204.561 166.388 91.4804 79.9468 46.8522 57.3177 13.4722 11.3658 10.4964 7.63711 6.45786 4.87874 2.83693 4.34693 2.53352 2.02545 1.25246 0.725347 1.45322 0.626436 0.312395 0.228424 0.616769 0.147414 0.140089 0.129738
threshold=1.0000000180025095e-35 1.0000000180025095e-35 1.0000000180025095e-35 1.0000000180025095e-35 1.0000000180025095e-35 1.0000000180025095e-35 5.2036832726553373 1.5000000000000002 1.0000000180025095e-35 1.5000000000000002 1.0000000180025095e-35 16.500000000000004 11.500000000000002 1.0000000180025095e-35 1.5000000000000002 11.525788892979225 6.7969257976498705 1.5834811329248921 12.45888335238622 12.551511353500095 26.500000000000004 9.5000000000000018 8.5850002514866244 24.500000000000004 10.500000000000002 9.0004091861251769 12.500000000000002 1.0000000180025095e-35 6.5000000000000009 14.475916880138364
decision_type=2 2 2 2 2 2 2 2 2 2 2 2 2 2 2 2 2 2 2 2 2 2 2 2 2 2 2 2 2 2
left_child=-1 2 3 4 6 -3 10 8 9 13 23 -12 16 19 18 28 17 -13 -15 27 21 25 -23 -2 -24 -18 -27 -7 -6 -28
right_child=1 5 -4 -5 15 7 -8 -9 -10 -11 11 12 -14 14 -16 -17 20 -19 -20 -21 -22 22 24 -25 -26 26 29 -29 -30 -31
leaf_value=0.085211483436250096 -0.097050778596201703 0.085211483436250096 0.085211483436250096 0.085211483436250096 0.07581663578697935 -0.098224981961384475 0.070344354016628224 0.085211483436250096 0.085211483436250096 0.086292769171672515 -0.000770828728053288 -0.08315201356780276 -0.024688201144388688 0.0020939992689540223 -0.082521023680860367 0.03060314585723737 -0.099918351733976687 -0.024668268650121179 -0.048402714837742333 -0.061765416350568647 -0.068462499587058981 -0.063082669893770635 -0.083794081442574775 -0.08382159256814653 -0.099451999793011725 -0.078583778252211023 -0.098559363151459065 -0.088702356630362522 0.085582156726470127 -0.089129919465123261
leaf_weight=96.503076285123825 154.18426989018917 74.923242643475533 38.310266464948654 37.340386301279068 5.1007960289716783 21.740182876586921 9.4974964410066587 14.790672495961187 6.3042210638523093 6.0923002660274497 5.2325484007596961 8.7492701858282071 8.7293776720762235 4.9686437845230103 8.4973276257514954 5.9211205244064322 10.744704529643057 4.9889826178550711 4.9670673757791519 4.9972354620695105 7.998790279030799 6.7490403652191189 6.2486940473318082 9.4998556077480298 6.4981383383274078 6.9985039234161404 13.495488375425341 4.9985145032405844 13.114628687500952 4.9990914314985266
leaf_count=398 617 309 158 154 21 87 39 61 26 25 21 35 35 20 34 24 43 20 20 20 32 27 25 38 26 28 54 20 54 20
internal_value=-0.000743384 -0.0167976 -0.0372333 -0.0516186 -0.069313 0.0321047 -0.0820232 -0.0193319 -0.0440462 -0.0585299 -0.0876955 -0.072322 -0.0766654 -0.0761165 -0.0505193 0.0700311 -0.0825221 -0.0619139 -0.0231504 -0.0909841 -0.0869645 -0.0896198 -0.0818432 -0.096283 -0.0917762 -0.0938037 -0.0912265 -0.0964448 0.0828476 -0.0960106
internal_weight=613.184 516.681 364.401 326.091 288.751 152.279 264.614 77.3562 62.5655 56.2613 255.117 91.4326 86.2001 50.169 18.433 24.1365 77.4707 13.7383 9.93571 31.7359 63.7325 55.7337 19.4959 163.684 12.7468 36.2378 25.4931 26.7387 18.2154 18.4946
internal_count=2491 2093 1471 1313 1159 622 1060 313 252 226 1021 366 345 201 74 99 310 55 40 127 255 223 78 655 51 145 102 107 75 74
is_linear=0
shrinkage=0.05


Tree=3
num_leaves=31
num_cat=0
split_feature=2 5 17 11 15 17 29 6 18 11 7 36 35 14 2 30 36 30 29 29 36 38 36 2 30 38 30 35 36 35
split_gain=299.177 207.778 230.799 282.914 174.183 132.335 82.0759 66.6623 40.9496 51.1276 13.357 9.92217 10.0168 9.85524 9.1322 7.73297 6.275 2.14095 4.12397 2.03528 1.33704 1.05608 1.04652 0.83003 0.690154 0.401004 0.803717 0.138435 0.575422 0.133268
threshold=1.0000000180025095e-35 1.0000000180025095e-35 1.0000000180025095e-35 1.0000000180025095e-35 1.0000000180025095e-35 1.0000000180025095e-35 5.2036832726553373 1.5000000000000002 1.5000000000000002 1.0000000180025095e-35 1.0000000180025095e-35 16.500000000000004 11.500000000000002 1.0000000180025095e-35 1.5000000000000002 10.892236965371575 24.500000000000004 6.7969257976498705 1.5834811329248921 3.3300921486066026 24.500000000000004 4.5000000000000009 24.500000000000004 1.5000000000000002 12.551511353500095 2.5000000000000004 12.301786280957941 6.5000000000000009 16.500000000000004 7.5000000000000009
decision_type=2 2 2 2 2 2 2 2 2 2 2 2 2 2 2 2 2 2 2 2 2 2 2 2 2 2 2 2 2 2
left_child=-1 2 3 4 6 -3 10 8 9 13 22 -12 17 19 16 29 -15 18 -13 -7 23 -22 27 25 -23 -19 -27 28 -2 -6
right_child=1 5 -4 -5 15 7 -8 -9 -10 -11 11 12 -14 14 -16 -17 -18 20 -20 -21 21 24 -24 -25 -26 26 -28 -29 -30 -31
leaf_value=0.082335345167243723 -0.093491918204198179 0.082335345167243723 0.082335345167243723 0.082335345167243723 0.072804956556907732 -0.093707092899695185 0.067690616844465853 0.082335345167243723 0.083292283957306826 0.082335345167243723 -0.00073225347640001914 -0.079940715344484686 -0.022494672748663132 0.032909037503395064 -0.077998931350802853 0.020253481977544938 -0.04649547095670413 -0.086220043847860847 -0.023538941229803715 -0.063086679314380098 -0.086968843979979296 -0.071942387762752816 -0.076069152215010941 -0.092519293772773514 -0.046773991183974656 -0.058760628489902045 -0.085539640108941994 -0.093491918204198179 -0.079486081183229168 0.082513092825789308
leaf_weight=94.204568415880203 29.854627847671509 74.171191841363907 37.44333478808403 36.489364475011826 5.0221228003501954 21.648922160267833 9.379322871565817 15.025032430887221 6.4784009903669348 6.4392996132373801 5.2327705025672904 9.2347620874643308 9.2366966754198057 4.9729160368442535 8.2343601137399673 8.099952429533003 4.979383185505867 9.9799219369888306 4.9933327734470359 7.2422053962945929 5.7377282232046136 5.9924871772527695 10.228517249226568 23.91686549782753 4.9935412257909775 5.4846325069665909 5.7282977402210236 111.95485442876816 9.7214109748601896 11.938477993011473
leaf_count=395 120 311 157 153 21 87 39 63 27 27 21 37 37 20 33 33 20 40 20 29 23 24 41 96 20 22 23 450 39 50
internal_value=0.000473447 -0.014652 -0.035181 -0.0487946 -0.0654823 0.0349758 -0.0775425 -0.0118475 -0.0354343 -0.0498065 -0.0829418 -0.0675634 -0.0716632 -0.0678809 -0.0390471 0.0604443 -0.00681902 -0.0776341 -0.0601466 -0.0860314 -0.0816581 -0.0695828 -0.0915485 -0.0861348 -0.0605025 -0.0789297 -0.0724411 -0.0925934 -0.0900515 0.0796385
internal_weight=604.059 509.855 360.663 323.22 286.73 149.192 261.67 75.0205 59.9955 53.5171 252.29 90.531 85.2983 47.0778 18.1867 25.0606 9.9523 76.0616 14.2281 28.8911 61.8335 16.7238 161.759 45.1097 10.986 21.1929 11.2129 151.531 39.576 16.9606
internal_count=2478 2083 1466 1309 1156 617 1052 306 243 216 1013 363 342 189 73 104 40 305 57 116 248 67 650 181 44 85 45 609 159 71
is_linear=0
shrinkage=0.05


Tree=4
num_leaves=31
num_cat=0
split_feature=2 5 17 11 15 17 29 6 11 18 7 13 30 2 0 36 35 35 30 29 36 38 35 2 30 35 35 35 36 29
split_gain=268.448 183.505 218.409 256.162 165.426 128.632 81.3821 66.8231 39.8525 47.7073 10.1457 8.65969 8.25641 8.02748 7.99475 4.05215 3.17119 2.24085 1.9925 1.24407 1.06326 1.02336 0.929509 0.398254 0.470647 0.304266 0.916204 0.139945 0.0739944 0.107784
threshold=1.0000000180025095e-35 1.0000000180025095e-35 1.0000000180025095e-35 1.0000000180025095e-35 1.0000000180025095e-35 1.0000000180025095e-35 5.2036832726553373 1.5000000000000002 1.0000000180025095e-35 1.5000000000000002 1.0000000180025095e-35 1.0000000180025095e-35 10.892236965371575 1.5000000000000002 10.500000000000002 24.500000000000004 11.500000000000002 8.5000000000000018 12.500703125779255 3.009344842060647 24.500000000000004 3.5000000000000004 10.500000000000002 1.5000000000000002 12.301786280957941 7.5000000000000009 5.5000000000000009 6.5000000000000009 22.500000000000004 2.8636420052419664
decision_type=2 2 2 2 2 2 2 2 2 2 2 2 2 2 2 2 2 2 2 2 2 2 2 2 2 2 2 2 2 2
left_child=-1 2 3 4 6 -3 10 8 9 11 20 18 27 -13 17 21 19 -12 -7 -17 28 -16 -21 24 -23 26 -25 -6 -2 -30
right_child=1 5 -4 -5 12 7 -8 -9 -10 -11 14 13 -14 -15 15 16 -18 -19 -20 22 -22 23 -24 25 -26 -27 -28 -29 29 -31
leaf_value=0.079779660204010602 -0.08934807648296024 0.079779660204010602 0.079779660204010602 0.079779660204010602 0.069898829139246887 -0.090066194785683229 0.070663393508833258 0.079779660204010602 0.079779660204010602 0.080631643413605514 -0.048105606408471217 -0.0093064818251772496 0.015027581870195789 -0.075470718054147859 -0.064658187911856665 -0.049498487170329855 -0.026131161464307148 -0.0041280982717935713 -0.055416791671697344 -0.064602421770687632 -0.072139654483578938 -0.065048904646931513 -0.092913167765176191 -0.090727758637224112 -0.084828842424499951 -0.091495643831914664 -0.06610754180362835 0.079948235386058386 -0.079603509720635082 -0.089610058730018316
leaf_weight=89.365258485078812 138.39931781589985 72.989425778388977 37.898355692625046 35.325010553002357 4.707336485385901 24.689409732818607 9.2461958527564985 15.440070837736128 6.5503330826759329 6.1249509155750266 6.4795009046792966 9.6991858035326004 7.5905868560075751 8.6930442154407501 8.4437809288501722 6.7225396335125032 6.4939462542533866 5.238412082195282 4.9871186017990103 6.9611563533544523 9.9300241470336896 5.4623700231313688 4.9687356203794479 10.387303680181505 6.691345602273941 15.856094866991041 5.9394295215606681 13.119187816977499 4.9343174844980222 5.9193391799926758
leaf_count=382 561 312 162 151 20 100 39 66 28 26 26 39 31 35 34 27 26 21 20 28 40 22 20 42 27 64 24 56 20 24
internal_value=-0.000110233 -0.0142228 -0.0336967 -0.0471859 -0.0630067 0.0323445 -0.0749932 -0.0131016 -0.0367104 -0.0507904 -0.0804057 -0.0675363 0.0586991 -0.0405789 -0.0669518 -0.0727419 -0.0562235 -0.0284458 -0.0842434 -0.0667004 -0.0879823 -0.0806119 -0.0763937 -0.0836502 -0.0759389 -0.0865624 -0.0817713 0.0772946 -0.0890363 -0.0850609
internal_weight=595.253 505.888 356.714 318.816 283.491 149.174 258.074 76.1841 60.744 54.1937 248.828 48.0688 25.4171 18.3922 89.6446 77.9267 25.1464 11.7179 29.6765 18.6524 159.183 52.7803 11.9299 44.3365 12.1537 32.1828 16.3267 17.8265 149.253 10.8537
internal_count=2473 2091 1465 1303 1152 626 1045 314 248 220 1006 194 107 74 361 314 101 47 120 75 645 213 48 179 49 130 66 76 605 44
is_linear=0
shrinkage=0.05


Tree=5
num_leaves=31
num_cat=0
split_feature=2 5 17 11 15 17 29 39 11 15 7 38 2 0 30 36 30 30 7 35 35 29 38 36 29 29 36 36 30 35
split_gain=249.592 179.589 191.89 239.338 146.803 105.329 69.362 22.5316 24.9812 12.7594 11.5613 10.0524 10.1837 9.73459 7.27796 5.77595 5.21836 3.6525 3.49154 3.41956 2.86278 2.08368 1.06588 0.776737 0.750781 0.995232 0.585839 0.485879 0.148129 0.132325
threshold=1.0000000180025095e-35 1.0000000180025095e-35 1.0000000180025095e-35 1.0000000180025095e-35 1.0000000180025095e-35 1.0000000180025095e-35 5.2036832726553373 1.0000000180025095e-35 1.0000000180025095e-35 1.0000000180025095e-35 1.0000000180025095e-35 2.5000000000000004 1.5000000000000002 11.500000000000002 10.892236965371575 24.500000000000004 7.9383696242776152 8.4970819437662879 1.0000000180025095e-35 11.500000000000002 8.5000000000000018 3.1026927801673843 4.5000000000000009 25.500000000000004 2.4860854977526912 1.9758354613039071 18.500000000000004 24.500000000000004 6.8237214466175589 6.5000000000000009
decision_type=2 2 2 2 2 2 2 2 2 2 2 2 2 2 2 2 2 2 2 2 2 2 2 2 2 2 2 2 2 2
left_child=-1 2 3 4 6 -3 10 8 9 11 27 12 17 16 -6 24 20 28 -13 22 -12 -20 -17 -24 25 -15 -26 29 -7 -2
right_child=1 5 -4 -5 14 7 -8 -9 -10 -11 13 18 -14 15 -16 19 -18 -19 21 -21 -22 -23 23 -25 26 -27 -28 -29 -30 -31
leaf_value=0.077496142225939216 -0.082874051888047681 0.077496142225939216 0.077496142225939216 0.077496142225939216 0.07486352948182276 -0.053760554945868171 0.067732929537492742 0.064288510640443192 0.077496142225939216 0.041844281231682899 -0.030982097570286107 -0.030474879267534245 -0.084802820083552888 -0.082353166409352752 0.016440402098435447 -0.080065066318881412 -0.063165089924562781 -0.004268989765029165 0.033416805603431236 -0.020322236545429567 0.020814196186579825 -0.010625238397127148 -0.066476784681676143 -0.04092078043135236 -0.068947957996451051 -0.054889665923690649 -0.087708230036989396 -0.07373099349641489 -0.041899761850944794 -0.086238316734496376
leaf_weight=90.194038808345795 40.016225218772888 70.735933989286423 35.711345314979553 35.482426434755325 16.770556122064594 5.7732095718383807 8.6220970004796964 9.4996554702520353 6.1808097660541526 5.8620305508375159 5.7372430115938204 9.1491915285587311 14.177495837211607 7.8697965145111066 7.8145669549703589 5.6589462161064192 6.6923930048942557 8.432421535253523 5.4104662090539932 6.7478197664022437 4.9860309511423111 5.3323547840118408 5.9485967755317688 5.9443102180957794 4.9056934565305701 5.6794042885303497 27.428285345435143 9.6111266165971738 4.8387012332677841 108.4168888926506
leaf_count=394 164 309 156 155 73 24 37 41 27 24 23 38 58 32 32 23 27 35 23 27 20 22 24 24 20 23 112 39 20 445
internal_value=0.000993103 -0.0129343 -0.0323353 -0.0448133 -0.0603766 0.0337754 -0.0716576 -0.00764943 -0.0181378 -0.0281604 -0.0765502 -0.0358867 -0.0527184 -0.0619801 0.0562933 -0.0702831 -0.0285201 -0.0288332 -0.00777586 -0.0505729 -0.00689823 0.0115559 -0.0622027 -0.0537034 -0.0807217 -0.0708413 -0.0848619 -0.0846259 -0.0483524 -0.0853313
internal_weight=585.63 495.436 350.044 314.332 278.85 145.392 254.265 74.6563 65.1567 58.9759 245.643 53.1138 33.2218 87.5985 24.5851 70.1829 17.4157 19.0443 19.892 24.2997 10.7233 10.7428 17.5519 11.8929 45.8832 13.5492 32.334 158.044 10.6119 148.433
internal_count=2471 2077 1456 1300 1145 621 1040 312 271 244 1003 220 137 355 105 285 70 79 83 98 43 45 71 48 187 55 132 648 44 609
is_linear=0
shrinkage=0.05


Tree=6
num_leaves=31
num_cat=0
split_feature=2 5 17 11 15 17 29 6 11 18 7 0 13 2 36 35 30 30 29 36 36 29 2 2 36 35 29 30 35 0
split_gain=229.521 154.968 180.538 211.287 139.007 104.765 66.0868 54.2138 33.2831 40.4851 10.2218 10.4565 8.70799 6.91419 6.87694 5.30555 5.10002 3.80153 1.66739 0.937823 0.615567 1.06826 1.24472 0.489095 0.412891 0.320118 0.152135 0.122893 0.11225 0.0733583
threshold=1.0000000180025095e-35 1.0000000180025095e-35 1.0000000180025095e-35 1.0000000180025095e-35 1.0000000180025095e-35 1.0000000180025095e-35 5.2036832726553373 1.5000000000000002 1.0000000180025095e-35 1.5000000000000002 1.0000000180025095e-35 11.500000000000002 1.0000000180025095e-35 1.5000000000000002 23.500000000000004 11.500000000000002 10.892236965371575 6.7969257976498705 3.3300921486066026 24.500000000000004 24.500000000000004 3.009344842060647 1.5000000000000002 1.5000000000000002 18.500000000000004 8.5000000000000018 2.773112293567868 18.728322061516682 6.5000000000000009 10.500000000000002
decision_type=2 2 2 2 2 2 2 2 2 2 2 2 2 2 2 2 2 2 2 2 2 2 2 2 2 2 2 2 2 2
left_child=-1 2 3 4 6 -3 10 8 9 12 19 17 18 14 -14 20 26 -12 -7 -2 23 -22 -23 25 -25 -13 -6 -8 -26 -19
right_child=1 5 -4 -5 16 7 27 -9 -10 -11 11 15 13 -15 -16 -17 -18 29 -20 -21 21 22 -24 24 28 -27 -28 -29 -30 -31
leaf_value=0.075445772090073207 -0.082677942098362808 0.075445772090073207 0.075445772090073207 0.075445772090073207 0.075772445282251924 -0.084615467251066945 0.055548428756872686 0.077366350423681729 0.075469196138507916 0.0764991694024173 0.0017688638179625934 -0.077846375066129625 0.034015674365828398 -0.068825677368752211 -0.047133893930622561 -0.027597596244237323 0.024031983659279582 -0.041339287469406891 -0.057069569773693152 -0.067022149487152821 -0.048736554452291893 -0.055336991635576982 -0.088627617524154406 -0.067702414730388169 -0.077539871815266184 -0.062901423684911126 0.064954230656982068 0.06699980830121631 -0.084806608473317002 -0.049667812087440914
leaf_weight=85.831569671630859 144.02521444857121 68.173512369394302 35.539634317159653 33.304437190294266 11.670143440365797 21.253213301301006 4.5742046833038312 14.164980307221411 6.483979880809783 6.1129742860794059 7.2431166321039226 6.0706023126840583 5.2043862044811267 7.8379857391118994 5.2386597692966461 6.9888513237237921 8.0385539382696134 5.705804690718649 7.4087655693292609 10.246072500944136 6.1588994264602688 4.8677639812231046 6.6350330412387848 5.5741798281669643 7.4755660444498089 8.7444461584091169 4.5040472447872153 4.8029149174690247 18.381863459944725 4.9270293265581131
leaf_count=384 600 305 159 149 52 88 20 62 29 27 29 25 21 32 21 28 33 23 30 42 25 20 27 23 31 36 20 21 76 20
internal_value=5.24786e-05 -0.0132255 -0.0312938 -0.0435332 -0.0578573 0.0307712 -0.0688345 -0.0105507 -0.0314668 -0.0445354 -0.0738598 -0.0603424 -0.0602967 -0.0333319 -0.00669227 -0.0689591 0.0565824 -0.0261679 -0.0774952 -0.0816381 -0.0734823 -0.0655417 -0.0745397 -0.0765148 -0.080045 -0.0690253 0.0727599 0.0614138 -0.0827057 -0.0451985
internal_weight=573.188 487.357 345.478 309.939 276.634 141.878 252.422 73.7049 59.54 53.056 243.044 88.7732 46.943 18.281 10.443 70.8972 24.2127 17.876 28.662 154.271 63.9084 17.6617 11.5028 46.2467 31.4316 14.815 16.1742 9.37712 25.8574 10.6328
internal_count=2458 2074 1459 1300 1151 615 1046 310 248 219 1005 363 192 74 42 291 105 72 118 642 263 72 47 191 130 61 72 41 107 43
is_linear=0
shrinkage=0.05


Tree=7
num_leaves=31
num_cat=0
split_feature=2 5 17 11 15 17 29 6 18 11 36 14 2 32 32 7 36 29 2 29 2 0 3 32 36 36 14 7 32 29
split_gain=220.838 139.124 165.002 202.641 131.589 105.362 61.1206 50.6478 34.6444 43.4114 8.96564 6.39475 5.95986 5.72262 4.4498 3.11 7.08557 3.23322 2.20951 1.59364 1.66058 0.936904 0.885543 0.415857 0.137546 0.303679 0.274984 0.110656 0.0867228 0.338903
threshold=1.0000000180025095e-35 1.0000000180025095e-35 1.0000000180025095e-35 1.0000000180025095e-35 1.0000000180025095e-35 1.0000000180025095e-35 5.2036832726553373 1.5000000000000002 1.5000000000000002 1.0000000180025095e-35 24.500000000000004 1.0000000180025095e-35 1.5000000000000002 8.5850002514866244 11.493068130722984 1.0000000180025095e-35 17.500000000000004 2.1647983306263359 1.5000000000000002 3.438811922224569 1.5000000000000002 10.500000000000002 3.5000000000000004 13.345723213788853 21.500000000000004 23.500000000000004 1.0000000180025095e-35 1.0000000180025095e-35 7.9383696242776152 2.773112293567868
decision_type=2 2 2 2 2 2 2 2 2 2 2 2 2 2 2 2 2 2 2 2 2 2 2 2 2 2 2 2 2 2
left_child=-1 2 3 4 6 -3 10 8 9 11 15 22 -13 -12 27 28 -17 18 -18 20 23 -8 -7 -15 -19 26 -26 -6 -2 -30
right_child=1 5 -4 -5 14 7 21 -9 -10 -11 13 12 -14 19 -16 16 17 24 -20 -21 -22 -23 -24 -25 25 -27 -28 -29 29 -31
leaf_value=0.07359663348968766 -0.080696509863932883 0.07359663348968766 0.07359663348968766 0.07359663348968766 0.074009395587064694 -0.082625555118816238 0.075825992017329438 0.075390597443057872 0.074547604250884233 0.073617083974806291 -0.0052507266359455244 -0.011737740595885955 -0.072151129764753644 -0.086031289199692454 0.022214065397213146 -0.01877098988566156 -0.028272687547182471 -0.082567442174672323 -0.069495471117196103 -0.039256568592798864 -0.047303367564489551 0.043910870187347448 -0.0605057783965866 -0.066719938185542713 -0.077397533793135631 -0.084663715973087861 -0.062597269457507779 0.064946329381898246 -0.072483391757360252 -0.080745635633995769
leaf_weight=87.347100183367729 86.731101736426353 68.178659245371819 34.416064411401749 33.76259483397007 12.052907958626752 23.348661735653881 4.4917458891868574 13.170205339789389 6.6257183253765097 6.5366937518119803 6.4031219482421866 8.9460822790861148 7.5088394284248343 6.5415351539850288 6.3144297003746024 6.9697606116533271 5.9408091902732831 18.60280829668045 7.1782419085502625 8.0467589348554593 7.3352097868919364 4.7116918712854385 5.6122733205556861 4.8581659197807312 9.079179376363756 7.6994735598564139 4.7963562011718741 4.6739756613969794 17.931481644511223 40.316838100552559
leaf_count=401 368 313 158 155 55 98 20 59 30 30 26 36 31 27 26 28 24 78 30 33 30 21 23 20 38 32 20 21 76 171
internal_value=0.000483723 -0.0128547 -0.0301747 -0.0419058 -0.056313 0.0290882 -0.0669471 -0.0132058 -0.033125 -0.0468569 -0.0718275 -0.0641967 -0.0393061 -0.0477147 0.0579765 -0.0757261 -0.06618 -0.0723798 -0.0508282 -0.0578672 -0.0658606 0.0594871 -0.078339 -0.0778014 -0.0794169 -0.0767004 -0.0722815 0.0714769 -0.0796943 -0.0782021
internal_weight=566.128 478.781 338.854 304.438 270.676 139.927 247.634 71.7485 58.5783 51.9526 238.431 45.4159 16.4549 33.1848 23.0413 205.246 60.2666 53.2969 13.1191 26.7817 18.7349 9.20344 28.9609 11.3997 40.1778 21.575 13.8755 16.7269 144.979 58.2483
internal_count=2478 2077 1457 1299 1144 620 1042 307 248 218 1001 188 67 136 102 865 250 222 54 110 77 41 121 47 168 90 58 76 615 247
is_linear=0
shrinkage=0.05


Tree=8
num_leaves=31
num_cat=0
split_feature=2 5 17 11 15 17 29 8 6 11 18 38 13 2 7 0 30 38 30 2 29 35 38 29 30 35 29 30 30 38
split_gain=196.523 126.359 145.025 177.629 112.211 96.7215 57.1352 60.2578 44.4144 30.0202 36.5971 7.18624 5.79959 5.14339 2.90202 5.56968 1.78256 1.74866 1.55484 1.10683 1.06688 0.541275 1.00856 0.438172 0.290502 0.161545 0.502033 0.26822 0.139907 0.0849312
threshold=1.0000000180025095e-35 1.0000000180025095e-35 1.0000000180025095e-35 1.0000000180025095e-35 1.0000000180025095e-35 1.0000000180025095e-35 5.2036832726553373 1.5000000000000002 1.5000000000000002 1.0000000180025095e-35 1.5000000000000002 2.5000000000000004 1.0000000180025095e-35 1.5000000000000002 1.0000000180025095e-35 11.500000000000002 6.9364134982229055 1.5000000000000002 12.551511353500095 1.5000000000000002 3.438811922224569 11.500000000000002 3.5000000000000004 2.5467889716101815 12.683032353141799 6.5000000000000009 2.8169149823684161 8.5850002514866244 18.728322061516682 3.5000000000000004
decision_type=2 2 2 2 2 2 2 2 2 2 2 2 2 2 2 2 2 2 2 2 2 2 2 2 2 2 2 2 2 2
left_child=-1 2 3 4 6 -3 7 14 9 10 12 17 18 -14 21 16 -16 -6 29 20 23 -2 -23 -17 -25 26 -21 -27 -8 -7
right_child=1 5 -4 -5 11 8 28 -9 -10 -11 -12 -13 13 -15 15 19 -18 -19 -20 25 -22 22 -24 24 -26 27 -28 -29 -30 -31
leaf_value=0.071922361803391205 -0.077744750554932879 0.071922361803391205 0.071922361803391205 0.071922361803391205 0.073855483737018807 -0.079207324417062089 0.051644901379387924 0.10856463243602817 0.073563452895527071 0.071940924758055483 0.072784178198846416 -0.0049120014191434266 -0.010632696178819517 -0.064858058138523508 -0.021554188118058717 -0.056714560352098681 -0.054101942720036371 0.039792189839313104 -0.046587646342345052 -0.079904409145216571 -0.04511592410187381 -0.078246531786058615 -0.055115378447535474 -0.082998150110327074 -0.067312946156362505 -0.071895591385777696 -0.058890247935711418 -0.082153478436805261 0.063960261230941659 -0.072083511745074005
leaf_weight=81.36932373046875 126.49407984316349 65.476877689361572 31.996791362762451 31.57299280166626 13.635349780321127 18.13653692603112 4.4043914675712568 4.6980634778738013 12.401790633797644 6.3590444326400748 6.0212613940238944 4.6583525240421286 9.4512208998203278 8.1388867199420929 7.7306653261184719 4.8622936308384004 9.2284515947103483 5.2062384039163581 4.8915887475013724 7.2561536878347379 6.2255682796239844 11.533835649490358 7.9679600894451132 5.4693503528833372 6.4134468883275986 9.729194179177286 4.6722198873758316 18.471010059118271 4.8407385349273682 5.4385171979665747
leaf_count=384 547 309 151 149 63 78 20 19 57 30 28 20 38 34 31 20 38 23 20 31 26 50 34 23 27 41 20 78 22 23
internal_value=0.000255738 -0.0123288 -0.0291849 -0.0401488 -0.0535775 0.0281147 -0.0637876 -0.0686707 -0.0123771 -0.0306158 -0.0431386 0.0506951 -0.0582939 -0.0357226 -0.0723542 -0.0647039 -0.0392653 0.0644432 -0.0722411 -0.071541 -0.0627883 -0.0765494 -0.0687957 -0.0693586 -0.0745324 -0.0765512 -0.0716734 -0.0786145 0.0580932 -0.0775639
internal_weight=544.752 463.383 327.067 295.07 263.497 136.316 239.997 230.752 70.8388 58.4371 52.078 23.4999 46.0568 17.5901 226.054 80.0584 16.9591 18.8416 28.4666 63.0992 22.9707 145.996 19.5018 16.7451 11.8828 40.1286 11.9284 28.2002 9.24513 23.5751
internal_count=2434 2050 1433 1282 1133 617 1027 985 308 251 221 106 193 72 966 335 69 86 121 266 96 631 84 70 50 170 51 119 42 101
is_linear=0
shrinkage=0.05


Tree=9
num_leaves=31
num_cat=0
split_feature=31 15 39 5 11 17 7 35 7 0 38 2 29 32 29 36 32 32 38 32 38 5 32 38 38 36 29 36 32 32
split_gain=187.819 118.559 142.925 168.796 169.918 108.525 11.6146 8.79164 6.74165 7.78453 6.62162 3.85472 2.63106 2.39411 1.98268 1.97004 2.44257 2.37549 1.84824 2.60728 1.63725 1.50305 0.785071 0.772226 2.01951 0.507546 0.360112 0.257467 0.206822 0.291148
threshold=5.2036832726553373 1.0000000180025095e-35 1.0000000180025095e-35 1.0000000180025095e-35 1.0000000180025095e-35 1.0000000180025095e-35 1.0000000180025095e-35 12.500000000000002 1.0000000180025095e-35 11.500000000000002 3.5000000000000004 1.5000000000000002 3.2468620983371328 7.9383696242776152 1.7580705148130871 24.500000000000004 14.827976399610218 12.045426203720492 1.5000000000000002 12.301786280957943 1.5000000000000002 1.0000000180025095e-35 9.1807601708548887 1.5000000000000002 2.5000000000000004 20.500000000000004 2.4860854977526912 23.500000000000004 10.748367880957078 12.792748362673395
decision_type=2 2 2 2 2 2 2 2 2 2 2 2 2 2 2 2 2 2 2 2 2 2 2 2 2 2 2 2 2 2
left_child=1 2 3 4 7 -5 11 8 -1 13 23 18 22 14 -10 27 17 26 -7 -20 -2 -4 -8 -3 -25 -13 -17 28 -11 -30
right_child=20 10 21 5 -6 6 12 -9 9 15 -12 25 -14 -15 -16 16 -18 -19 19 -21 -22 -23 -24 24 -26 -27 -28 -29 29 -31
leaf_value=-0.075052634516602046 0.071111255188154462 0.072001007505719333 0.070401023893256073 0.070401023893256073 0.070401023893256073 -0.048622031343843367 0.031026901889468703 0.0020293633900719285 -0.033883079314576757 -0.073020205844322172 0.015086362014505509 -0.07159215407669979 -0.025396198550504425 -0.052559149729182811 0.0078320804162001975 -0.066183561109101702 -0.08347539208201539 -0.014130389740878137 0.011383792386789403 -0.039389181772766957 0.041193880624451597 0.046691363436092918 0.0052890910140121553 0.03622188398421524 0.075751173548195203 -0.052485860598363146 -0.04842873889821607 -0.078882283853795435 -0.05792367832699024 -0.071603895932148595
leaf_weight=142.94643795490265 78.517235204577446 30.120792210102081 33.95845502614975 54.745145678520203 24.902867019176483 8.8099058419466036 4.8344867527484912 4.5072016268968573 5.9937665462493914 18.001815900206566 6.972009763121604 10.481296643614767 5.8434071838855735 6.2460184693336478 5.4279612600803375 4.8560241609811836 5.0057580471038809 4.8369521349668494 4.4556414186954481 5.846001923084259 4.8558995723724356 8.3226490467786771 7.6529384702444077 6.0259657055139524 6.9664702266454697 5.200464501976966 6.9338105469942093 9.018707871437071 7.3569387495517722 8.2514062225818616
leaf_count=632 379 144 165 266 121 39 22 19 24 78 32 46 25 26 22 20 21 20 20 25 23 39 34 27 32 23 29 39 32 36
internal_value=0.000383619 -0.0122704 -0.0212569 -0.0314129 -0.0536456 0.0209972 -0.029914 -0.0671127 -0.0684985 -0.0570632 0.0602952 -0.0468835 0.00229536 -0.0276697 -0.0140587 -0.0651445 -0.0528551 -0.0436364 -0.0318081 -0.017429 0.0693688 0.065734 0.0152534 0.0676061 0.0574173 -0.065256 -0.0557416 -0.0713809 -0.069368 -0.0651558
internal_weight=537.894 454.521 404.436 362.155 254.286 107.869 53.1241 229.383 224.876 81.9292 50.0852 34.7933 18.3308 17.6677 11.4217 64.2614 21.6325 16.6268 19.1115 10.3016 83.3731 42.2811 12.4874 43.1132 12.9924 15.6818 11.7898 42.6289 33.6102 15.6083
internal_count=2460 2058 1823 1619 1119 500 234 998 979 347 235 153 81 72 46 275 90 69 84 45 402 204 56 203 59 69 49 185 146 68
is_linear=0
shrinkage=0.05


Tree=10
num_leaves=31
num_cat=0
split_feature=31 15 39 5 11 17 6 8 38 8 36 8 36 35 38 5 36 2 29 30 38 38 30 35 29 36 29 29 29 35
split_gain=173.298 110.335 127.423 155.174 146.795 103.041 58.6831 52.6548 10.9003 5.28934 8.46454 3.06219 7.05078 3.67189 1.53613 1.48738 1.32056 0.676942 0.664246 0.528288 0.431547 1.22027 0.423758 0.335488 0.43001 0.32224 0.743337 0.263574 0.26315 0.156893
threshold=5.2036832726553373 1.0000000180025095e-35 1.0000000180025095e-35 1.0000000180025095e-35 1.0000000180025095e-35 1.0000000180025095e-35 1.5000000000000002 1.5000000000000002 3.5000000000000004 1.0000000180025095e-35 24.500000000000004 1.0000000180025095e-35 16.500000000000004 11.500000000000002 1.5000000000000002 1.0000000180025095e-35 24.500000000000004 1.5000000000000002 1.8505551827656268 14.430035842780081 1.5000000000000002 2.5000000000000004 9.1651273959638377 6.5000000000000009 2.054090377967555 20.500000000000004 3.009344842060647 2.5147882373446602 1.9758354613039071 6.5000000000000009
decision_type=2 2 2 2 2 2 2 2 2 2 2 2 2 2 2 2 2 2 2 2 2 2 2 2 2 2 2 2 2 2
left_child=1 2 3 4 7 -5 9 11 20 18 -11 16 -13 17 -2 -4 29 19 -7 25 -3 -22 23 -19 -25 -14 -27 28 -20 -1
right_child=14 8 15 5 -6 6 -8 -9 -10 10 -12 12 13 -15 -16 -17 -18 22 27 -21 21 -23 -24 24 -26 26 -28 -29 -30 -31
leaf_value=-0.070468477836368393 0.069674919993873069 0.070746976528747771 0.069014156742061336 0.069014156742061336 0.069014156742061336 -0.050761632809954438 0.07240472404100172 0.10593207310539809 0.0028244526463746342 0.023970065769330237 -0.058336330692383802 -0.00052645190978993723 -0.055526690809103024 -0.030179008974600831 0.041007366069537421 0.045117498708119826 -0.051842359395881277 -0.075718091748010349 -0.074479277027009044 -0.046348847560162554 0.042794736306768777 0.073842925438170934 -0.076728683457493313 -0.070054720441703133 -0.050987869461975047 -0.077736506104665565 -0.056008367919299751 -0.07624639022230302 -0.058974114780141168 -0.074313304549353698
leaf_weight=36.452266559004784 75.977642118930817 30.351840868592262 31.737143352627754 53.693657621741295 22.754932969808578 4.671754956245425 11.309560179710386 4.4530285298824301 7.6734305620193473 4.7229775935411444 9.2253172397613508 4.7181216031312934 6.8826377093792024 7.3897788077592841 4.9791438430547705 8.1924771070480329 7.6003295034170142 6.0531278103590038 4.8527330905199069 4.8044006824493399 5.7806241214275342 6.9929891675710678 19.904879212379456 6.4107317030429822 5.4889352470636368 9.2142954319715518 6.8717666715383521 12.855958417057989 6.2749146223068237 97.509901478886604
leaf_count=165 378 149 159 269 114 21 53 18 35 21 39 19 29 30 24 39 33 27 22 21 26 33 88 28 24 39 30 55 28 443
internal_value=0.000624323 -0.0116212 -0.020562 -0.0301097 -0.0519778 0.0199864 -0.0288417 -0.0642822 0.0577323 -0.0557185 -0.0304669 -0.0677385 -0.0597655 -0.0635931 0.0679118 0.0641112 -0.0721168 -0.0673554 -0.06801 -0.0614268 0.0675022 0.0597922 -0.0717048 -0.0661347 -0.0612598 -0.0645807 -0.0684545 -0.0713698 -0.0657359 -0.0732671
internal_weight=525.801 444.845 394.046 354.116 246.509 107.607 53.9132 223.754 50.7989 42.6037 13.9483 219.301 77.7387 73.0206 80.9568 39.9296 141.562 65.6308 28.6554 27.7731 43.1255 12.7736 37.8577 17.9528 11.8997 22.9687 16.0861 23.9836 11.1276 133.962
internal_count=2459 2057 1814 1616 1108 508 239 994 243 186 60 976 335 316 402 198 641 286 126 119 208 59 167 79 52 98 69 105 50 608
is_linear=0
shrinkage=0.05


Tree=11
num_leaves=31
num_cat=0
split_feature=2 5 18 11 15 18 29 6 18 11 15 7 36 35 32 29 32 29 7 21 36 38 36 36 32 14 32 32 32 36
split_gain=163.684 96.8335 120.741 142.734 100.778 75.2953 41.8537 40.1626 25.354 32.0265 14.1093 9.55222 7.04177 7.79075 3.36119 2.32065 1.91762 2.52217 1.32333 1.19368 0.861202 1.48691 0.931864 0.508459 0.480037 0.456061 0.364007 0.301991 0.522361 0.227964
threshold=1.0000000180025095e-35 1.0000000180025095e-35 1.0000000180025095e-35 1.0000000180025095e-35 1.0000000180025095e-35 1.0000000180025095e-35 5.2036832726553373 1.5000000000000002 1.5000000000000002 1.0000000180025095e-35 1.0000000180025095e-35 1.0000000180025095e-35 16.500000000000004 11.500000000000002 11.493068130722984 3.814089410479828 6.7969257976498705 1.5834811329248921 1.0000000180025095e-35 1.0000000180025095e-35 21.500000000000004 4.5000000000000009 25.500000000000004 24.500000000000004 9.1651273959638377 1.0000000180025095e-35 11.017322843051893 10.135806659779414 11.929876717786206 25.500000000000004
decision_type=2 2 2 2 2 2 2 2 2 2 2 2 2 2 2 2 2 2 2 2 2 2 2 2 2 2 2 2 2 2
left_child=-1 2 3 4 6 -3 11 8 9 10 15 23 -13 16 -6 18 17 -14 29 -20 27 25 24 -2 -23 -22 -26 -18 -29 -7
right_child=1 5 -4 -5 14 7 -8 -9 -10 -11 -12 12 13 -15 -16 -17 20 -19 19 -21 21 22 -24 -25 26 -27 -28 28 -30 -31
leaf_value=0.067714156665445932 -0.071494294059260555 0.067861553887558809 0.067746172385123773 0.067811923709566971 0.068948587332116049 -0.076586663915427136 0.056946652429279779 0.070570189182474805 0.06932642498566835 0.07017626390312838 0.029023530864881589 0.010097556991915523 -0.057930577393741328 -0.0086634475970106643 0.025392672743991679 -0.030867388629085491 -0.077031789137748774 -0.011950614107349232 -0.070002824953349627 -0.036183611243833992 -0.077412822947080129 -0.045552716313713458 -0.033259302397830301 -0.058789739104556898 -0.073885753494900341 -0.059529416099202918 -0.053777176620572908 -0.051645724235568062 -0.074222654562611137 -0.065136646691978953
leaf_weight=77.459682077169418 128.74384951591492 57.574575647711754 30.73988775908947 29.241250842809677 14.669304698705675 19.059693619608883 7.5715001970529547 12.779620975255964 6.0317762196063986 5.9172928780317298 4.629417970776557 4.7180049270391455 8.085978761315344 8.8652969896793348 6.3452520072460166 4.8797637522220603 9.6934157758951205 4.7254289984703055 5.112158536911009 5.3289629220962524 8.6617987155914289 6.333879858255389 6.2977460026741019 8.3886344134807569 4.3638229221105558 6.0586280375719062 4.6472524702548981 4.3961232453584653 6.1407866477966309 5.631438896059989
leaf_count=401 600 297 159 151 74 86 37 62 30 29 19 19 36 36 27 21 43 19 22 22 38 28 27 37 20 27 21 20 28 24
internal_value=0.000741423 -0.011167 -0.0262841 -0.0366835 -0.0489694 0.025593 -0.0586386 -0.00948833 -0.0275676 -0.0391273 -0.0536157 -0.0626144 -0.0492253 -0.0528011 0.0557971 -0.0631771 -0.058439 -0.0409711 -0.0676648 -0.0527421 -0.0623933 -0.0577928 -0.0494543 -0.0707171 -0.0561009 -0.0700524 -0.0635152 -0.0706626 -0.0648033 -0.0739752
internal_weight=513.092 435.633 308.688 277.948 248.707 126.945 227.692 69.3701 56.5905 50.5587 44.6414 220.121 82.9882 78.2702 21.0146 40.012 69.4049 12.8114 35.1323 10.4411 56.5935 36.3631 21.6427 137.132 15.345 14.7204 9.01108 20.2303 10.5369 24.6911
internal_count=2460 2059 1447 1288 1137 612 1036 315 253 223 194 999 362 343 101 175 307 55 154 44 252 161 96 637 69 65 41 91 48 110
is_linear=0
shrinkage=0.05


Tree=12
num_leaves=31
num_cat=0
split_feature=2 5 17 11 15 17 8 6 29 11 39 14 38 29 2 7 0 38 2 29 29 30 29 2 30 0 30 30 30 30
split_gain=151.23 96.3536 109.029 131.895 84.776 74.4363 46.0838 40.438 39.3218 22.867 19.302 6.31134 5.17684 5.51803 4.04836 3.29059 7.16756 1.90728 1.41025 1.68709 1.13562 0.974225 0.678289 1.6202 0.308135 0.294207 0.243714 0.404802 0.15911 0.423462
threshold=1.0000000180025095e-35 1.0000000180025095e-35 1.0000000180025095e-35 1.0000000180025095e-35 1.0000000180025095e-35 1.0000000180025095e-35 1.5000000000000002 1.5000000000000002 7.6838291415854068 1.0000000180025095e-35 1.0000000180025095e-35 1.0000000180025095e-35 1.5000000000000002 3.0375270496321396 1.5000000000000002 1.0000000180025095e-35 11.500000000000002 3.5000000000000004 1.5000000000000002 3.438811922224569 3.3300921486066026 6.9364134982229055 3.9976927939054847 1.5000000000000002 12.500703125779255 13.500000000000002 8.4970819437662879 9.1807601708548869 7.916125321121406 8.1078832538720516
decision_type=2 2 2 2 2 2 2 2 2 2 2 2 2 2 2 2 2 2 2 2 2 2 2 2 2 2 2 2 2 2
left_child=-1 2 3 4 6 -3 8 9 15 10 11 20 -6 -14 -13 22 21 -18 19 25 -7 -17 28 -24 26 -19 -20 -28 -2 -30
right_child=1 5 -4 -5 12 7 -8 -9 -10 -11 -12 14 13 -15 -16 16 17 18 24 -21 -22 -23 23 -25 -26 -27 27 -29 29 -31
leaf_value=0.066554285402428276 -0.070997573802624378 0.066724453822934279 0.066583753707520274 0.066645022114106153 0.068105626385904172 -0.072832098432736567 0.10203193934833699 0.069096275072874663 0.068698939542874829 0.068973084460138265 0.042385635146264852 -0.0065149431340960906 0.059675332217469138 -0.020072906517224386 -0.0560658099556871 -0.011553851600060505 -0.031331204875344291 -0.071725783820157873 -0.073812164304029537 -0.034168114460315792 -0.048480755690594957 -0.036825977179386619 -0.032500249032912536 -0.07555442187965275 -0.0798020288426044 -0.055558673646133927 -0.051772136620779188 -0.069662328597660472 -0.054541201174225257 -0.068871642737190278
leaf_weight=73.251116871833801 70.396669805049896 58.570371881127357 28.42888879776001 27.915992736816406 12.497445628046991 19.949434250593189 4.4561903327703467 12.973179936408995 5.7445125579833975 5.3615821599960318 6.2465183436870566 9.613002538681032 4.1377209424972516 4.5591433346271515 7.2165559381246558 7.2001695185899726 4.3450734764337531 7.4753023535013217 13.486908480525019 6.6041982918977729 6.2995156049728385 8.1073027700185758 4.1779069155454618 4.5811898112297058 8.30510765314102 4.5128572434186935 4.3949444890022269 11.270380511879919 5.7164914309978476 52.491259962320328
leaf_count=392 338 312 152 149 65 93 18 65 29 27 31 39 20 20 32 29 20 33 62 29 27 35 20 22 38 20 20 52 27 249
internal_value=0.000179192 -0.0112064 -0.0265918 -0.0363169 -0.0480745 0.025457 -0.0571465 -0.0102665 -0.0603882 -0.0290935 -0.0397533 -0.0516637 0.0474916 0.017869 -0.0277625 -0.0638686 -0.0554985 -0.063244 -0.065718 -0.0544607 -0.066988 -0.0249387 -0.0684814 -0.0550185 -0.0713056 -0.0656398 -0.0688851 -0.0646432 -0.0693984 -0.0674643
internal_weight=500.287 427.036 300.806 272.377 244.461 126.23 223.266 67.6598 218.81 54.6866 49.325 43.0785 21.1943 8.69686 16.8296 213.066 75.7022 60.3948 56.0497 18.5924 26.2489 15.3075 137.364 8.7591 37.4573 11.9882 29.1522 15.6653 128.604 58.2078
internal_count=2465 2073 1447 1295 1146 626 1041 314 1023 249 222 191 105 40 71 994 338 274 254 82 120 64 656 42 172 53 134 72 614 276
is_linear=0
shrinkage=0.05


Tree=13
num_leaves=31
num_cat=0
split_feature=31 5 18 15 11 18 6 18 15 7 38 36 35 7 36 29 30 0 0 36 36 29 30 36 4 38 35 0 29 2
split_gain=144.57 86.7514 106.121 115.67 115.927 70.5283 38.2999 23.0127 20.8665 8.73377 8.23652 7.5247 5.64079 4.39643 7.09567 4.09846 2.19447 4.28408 1.99607 1.04712 0.741879 0.716045 0.854639 1.0741 1.05605 0.670957 0.357087 0.65318 0.520006 0.265968
threshold=5.2036832726553373 1.0000000180025095e-35 1.0000000180025095e-35 1.0000000180025095e-35 1.0000000180025095e-35 1.0000000180025095e-35 1.5000000000000002 1.5000000000000002 1.0000000180025095e-35 1.0000000180025095e-35 1.5000000000000002 16.500000000000004 11.500000000000002 1.0000000180025095e-35 24.500000000000004 3.0375270496321396 6.7969257976498705 11.500000000000002 10.500000000000002 24.500000000000004 19.500000000000004 3.5447213558571025 12.683032353141799 24.500000000000004 1.5000000000000002 1.5000000000000002 9.5000000000000018 12.500000000000002 2.6561704564304831 1.5000000000000002
decision_type=2 2 2 2 2 2 2 2 2 2 2 2 2 2 2 2 2 2 2 2 2 2 2 2 2 2 2 2 2 2
left_child=1 2 3 4 9 -3 7 8 13 19 -5 -11 16 18 -15 -12 17 -13 -7 -1 -18 22 24 -24 26 -2 27 -22 -28 -20
right_child=25 5 -4 10 -6 6 -8 -9 -10 11 15 12 -14 14 -16 -17 20 -19 29 -21 21 -23 23 -25 -26 -27 28 -29 -30 -31
leaf_value=-0.068881561092518806 0.066425511905383622 0.065620215261364315 0.065515505595522425 0.066194521673272666 0.065513533596157469 -0.042615902622976813 0.067810637206960941 0.067283662755606571 0.040046767097773522 0.016540307447788893 0.047084784315614275 0.0028824323404276035 -0.010840450871696604 0.021806139502488456 -0.055466962334742298 -0.019612703446259414 -0.073651905941401627 -0.059654443272702633 -0.080979847773928956 -0.051134381686684376 -0.046780137932056161 -0.072564119618441433 -0.059374331132744131 -0.024585569034183668 -0.072886819250489829 0.046476211544915484 -0.056435590076244338 -0.071331005607779621 -0.033294779019337951 -0.069118901808793862
leaf_weight=122.23660615086555 68.492482379078865 55.838105797767639 28.556488960981369 24.178222820162773 20.241220951080322 7.0377192646265057 12.560545220971106 5.5358518958091727 6.8989425003528586 4.4654387831687918 4.2330144196748716 4.4587326645851117 8.0374539047479612 4.3627461045980445 9.3115182220935804 5.0522942394018173 7.9563310742378226 7.0985455811023712 7.5251602232456216 8.917872875928877 5.6327126920223254 6.4061267971992484 4.1853783428668958 4.7218984961509705 8.9982483237981814 4.4911969155073157 5.0896148085594159 5.2197513282299042 4.6417237669229507 12.708137676119804
leaf_count=603 375 308 158 132 112 34 65 29 32 18 21 18 33 20 41 22 37 33 33 41 26 30 20 21 42 23 23 25 21 61
internal_value=0.000335945 -0.011151 -0.0260085 -0.0359928 -0.0487175 0.02427 -0.010745 -0.0292295 -0.0403966 -0.0598302 0.0508221 -0.046453 -0.0503357 -0.0539507 -0.0308131 0.0107935 -0.0552643 -0.0355281 -0.0655523 -0.0676748 -0.05958 -0.0570862 -0.0545101 -0.0409322 -0.0585985 0.0651979 -0.0523523 -0.0585885 -0.0453977 -0.0735302
internal_weight=485.09 412.106 290.328 261.771 228.308 121.779 65.9406 53.3801 47.8442 208.066 33.4635 76.912 72.4465 40.9453 13.6743 9.28531 64.4091 11.5573 27.271 131.154 52.8518 44.8955 38.4893 8.90728 29.5821 72.9837 20.5838 10.8525 9.73134 20.2333
internal_count=2457 2059 1436 1278 1103 623 315 250 221 991 175 347 329 189 61 43 296 51 128 644 245 208 178 41 137 398 95 51 44 94
is_linear=0
shrinkage=0.05


Tree=14
num_leaves=31
num_cat=0
split_feature=2 39 5 12 15 17 8 6 29 12 15 30 29 36 7 36 0 30 36 5 2 36 30 30 30 30 29 30 35 36
split_gain=133.404 79.599 99.9798 114.729 74.4441 73.2064 44.674 39.1236 35.2929 21.0342 10.2175 5.58249 2.63362 5.57773 2.15398 9.96044 1.46515 1.38965 1.13659 1.00601 0.664976 0.825265 0.357851 0.299694 0.430978 0.268014 0.217842 0.444958 0.187816 0.833316
threshold=1.0000000180025095e-35 1.0000000180025095e-35 1.0000000180025095e-35 1.0000000180025095e-35 1.0000000180025095e-35 1.0000000180025095e-35 1.5000000000000002 1.5000000000000002 5.2036832726553373 1.0000000180025095e-35 1.0000000180025095e-35 10.892236965371575 3.0375270496321396 21.500000000000004 1.0000000180025095e-35 16.500000000000004 11.500000000000002 6.9364134982229055 24.500000000000004 1.0000000180025095e-35 1.5000000000000002 26.500000000000004 13.703793629983863 9.1651273959638377 8.4721827700333954 10.81427097002223 2.5467889716101815 8.3945522219710629 6.5000000000000009 16.500000000000004
decision_type=2 2 2 2 2 2 2 2 2 2 2 2 2 2 2 2 2 2 2 2 2 2 2 2 2 2 2 2 2 2
left_child=-1 2 3 4 6 -4 8 9 14 10 12 -6 26 -14 18 -16 17 -17 28 -3 21 22 25 24 -22 -18 27 -7 29 -2
right_child=1 19 5 -5 11 7 -8 -9 -10 -11 -12 -13 13 -15 15 16 20 -19 -20 -21 23 -23 -24 -25 -26 -27 -28 -29 -30 -31
leaf_value=0.064506788730315484 -0.068365994594012533 0.064531582878232949 0.064642844510496081 0.064604371557187193 0.061816933116274925 -0.069841590893606434 0.097983614436418232 0.06683117550574473 0.047648619104696199 0.068031841537478516 0.023455989893147192 0.0090142590525383402 0.0053806596706503047 -0.06246088162158038 0.017252815911403614 -0.024389813087797699 -0.058754276324994165 -0.059420789053925366 -0.047801611199668664 0.043237297181108601 -0.066959145908631154 -0.037758467703181808 -0.049053997388351672 -0.071489575137168859 -0.048557728738317485 -0.073944709767338523 -0.07788686332326851 -0.051395080584345901 -0.068302473824206636 -0.049193620975065411
leaf_weight=68.504273429512978 23.773096486926082 28.7887092679739 52.885780543088913 26.237443462014198 13.815065160393717 14.099904239177709 4.6924775391817084 11.097101643681524 7.6145818531513205 4.2422259449958792 4.3561857789754859 7.8498231619596472 4.5013755261898032 9.2673008739948255 4.4597797840833655 5.183526009321211 6.0904346555471438 6.2378596216440201 8.1170984804630262 6.8700224161148062 12.809045478701593 4.7759807705879203 4.2561780959367743 19.271983236074448 4.2336408346891394 5.5496466457843781 4.4579074829816809 4.255849450826644 89.046488001942635 7.4417168647050849
leaf_count=393 121 165 302 150 77 70 19 59 40 22 18 34 20 41 18 21 28 28 38 36 62 21 20 93 20 26 20 20 454 37
internal_value=-3.7718e-05 -0.0109208 -0.0177857 -0.0345661 -0.045628 0.0224047 -0.0545873 -0.0172876 -0.0580151 -0.0379485 -0.0489306 0.042685 -0.0575503 -0.0402815 -0.0620132 -0.0551472 -0.0598672 -0.0435222 -0.0659103 0.060429 -0.063143 -0.0559844 -0.0614603 -0.0672181 -0.062388 -0.0659966 -0.0679725 -0.0655647 -0.0671326 -0.0637952
internal_weight=474.783 406.278 370.619 261.456 235.218 109.164 213.554 56.2779 208.861 45.1807 40.9385 21.6649 36.5823 13.7687 201.246 72.8681 68.4083 11.4214 128.378 35.6587 56.9869 20.6722 15.8963 36.3147 17.0427 11.6401 22.8137 18.3558 120.261 31.2148
internal_count=2473 2080 1879 1307 1157 572 1046 270 1027 211 189 111 171 61 987 337 319 49 650 201 270 95 74 175 82 54 110 90 612 158
is_linear=0
shrinkage=0.05


Tree=15
num_leaves=31
num_cat=0
split_feature=2 5 17 11 15 17 8 29 11 18 15 38 36 3 29 21 7 36 35 35 35 36 2 36 2 13 0 29 2 29
split_gain=119.569 77.7196 89.9023 108.975 67.9552 61.8835 41.3234 31.2955 12.6045 12.3712 10.4357 4.66127 4.14279 3.96382 2.97498 2.11456 2.11223 5.9797 2.82921 1.48223 1.40299 1.13437 1.09548 0.862622 0.830381 0.710588 0.520424 0.46202 0.228676 0.307562
threshold=1.0000000180025095e-35 1.0000000180025095e-35 1.0000000180025095e-35 1.0000000180025095e-35 1.0000000180025095e-35 1.0000000180025095e-35 1.5000000000000002 7.6838291415854068 1.0000000180025095e-35 1.5000000000000002 1.0000000180025095e-35 1.5000000000000002 27.500000000000004 3.5000000000000004 3.009344842060647 1.0000000180025095e-35 1.0000000180025095e-35 17.500000000000004 11.500000000000002 10.500000000000002 7.5000000000000009 24.500000000000004 1.5000000000000002 22.500000000000004 1.5000000000000002 1.0000000180025095e-35 11.500000000000002 3.438811922224569 1.5000000000000002 3.5447213558571025
decision_type=2 2 2 2 2 2 2 2 2 2 2 2 2 2 2 2 2 2 2 2 2 2 2 2 2 2 2 2 2 2
left_child=-1 2 3 4 6 -3 7 16 9 10 12 -6 13 19 -14 -13 21 -18 22 20 24 28 23 26 -7 -25 -19 -16 29 -2
right_child=1 5 -4 -5 11 8 -8 -9 -10 -11 -12 15 14 -15 27 -17 17 18 -20 -21 -22 -23 -24 25 -26 -27 -28 -29 -30 -31
leaf_value=0.063601644641958194 -0.064157426098571863 0.063730669176410459 0.063623451173643444 0.063697672214647338 0.065348467662359105 -0.026903632888727949 0.093508885782468548 0.06558385229231159 0.06672028110642246 0.065475226987052604 0.045835012098721047 -0.0085384972300787555 0.028446849354403038 -0.0077267111985816293 -0.011590214007726295 0.041335560190760547 -0.0096048539632300062 -0.055385945810698535 -0.028112695206896222 -0.028384325835343772 -0.066901041413603743 -0.045669344926406882 -0.067705658454980291 -0.073886748362112939 -0.057045279524517357 -0.048043207908224389 -0.035221097988116006 -0.033808340950528107 -0.067426962380890063 -0.050648497177701216
leaf_weight=63.717374205589294 47.722496390342712 53.21493361890316 26.082811877131462 25.650959342718124 11.057397946715357 5.1328865885734611 4.6647637337446204 5.0718273371458045 5.0186388343572608 4.3317586183547965 5.0888718813657752 4.3003848940134031 4.2945990264415732 8.1225091367959958 5.1115487813949567 4.2017808705568314 7.03541275858879 6.1170310974121112 6.9824368804693213 7.3972477316856375 10.715520560741423 7.7627483606338492 33.227734982967377 6.8378801643848401 4.1183236986398697 4.3531320095062256 6.709036260843277 4.3151031732559204 63.59386882185936 4.6214078813791266
leaf_count=379 250 315 155 152 63 25 19 28 27 24 23 21 22 38 25 19 29 27 29 37 53 37 166 32 21 21 33 20 335 24
internal_value=6.68387e-05 -0.0102379 -0.0247092 -0.0339283 -0.0450949 0.0239389 -0.0536029 -0.0570335 -0.00933078 -0.0158408 -0.0223282 0.0439452 -0.0293773 -0.0383986 -0.00604629 0.0161093 -0.0602233 -0.0533665 -0.0581601 -0.0475029 -0.054586 -0.0641734 -0.0618252 -0.0536895 -0.0403217 -0.063834 -0.0448382 -0.0217607 -0.0654123 -0.0629647
internal_weight=456.572 392.855 275.993 249.91 224.259 116.862 204.7 200.035 63.647 58.6284 54.2966 19.5596 49.2077 35.4865 13.7213 8.50217 194.963 71.2627 64.2273 27.364 19.9667 123.701 57.2448 24.0171 9.25121 11.191 12.8261 9.42665 115.938 52.3439
internal_count=2449 2070 1440 1285 1133 630 1030 1011 315 288 264 103 241 174 67 40 983 337 308 136 99 646 279 113 46 53 60 45 609 274
is_linear=0
shrinkage=0.05


Tree=16
num_leaves=31
num_cat=0
split_feature=2 5 17 11 15 17 6 29 11 18 8 36 13 38 2 36 30 35 3 36 29 36 30 38 30 29 35 35 36 29
split_gain=116.13 71.0045 87.334 99.4436 65.916 56.9754 30.8476 27.51 18.86 21.186 6.2976 7.6605 5.29108 4.58597 3.24416 4.83163 3.19361 2.76088 1.67639 1.06869 0.891666 1.07093 1.96559 1.59775 0.924066 0.21998 0.252435 0.189115 0.900359 0.0996412
threshold=1.0000000180025095e-35 1.0000000180025095e-35 1.0000000180025095e-35 1.0000000180025095e-35 1.0000000180025095e-35 1.0000000180025095e-35 1.5000000000000002 5.2036832726553373 1.0000000180025095e-35 1.5000000000000002 1.0000000180025095e-35 16.500000000000004 1.0000000180025095e-35 1.5000000000000002 1.5000000000000002 23.500000000000004 10.892236965371575 11.500000000000002 3.5000000000000004 24.500000000000004 3.5447213558571025 24.500000000000004 12.683032353141799 3.5000000000000004 6.9364134982229055 2.336857385684675 7.5000000000000009 6.5000000000000009 16.500000000000004 3.1026927801673843
decision_type=2 2 2 2 2 2 2 2 2 2 2 2 2 2 2 2 2 2 2 2 2 2 2 2 2 2 2 2 2 2
left_child=-1 2 3 4 7 -3 8 10 9 12 19 -12 18 -6 15 -14 -15 20 -7 27 21 23 -23 24 -13 26 -25 28 -2 -27
right_child=1 5 -4 -5 13 6 -8 -9 -10 -11 11 17 14 16 -16 -17 -18 -19 -20 -21 -22 22 -24 25 -26 29 -28 -29 -30 -31
leaf_value=0.062765082696836588 -0.066053197393052612 0.062882333648880392 0.062783677176659489 0.062833098255418787 0.064382921184326758 -0.069132314124499689 0.065761534482468104 0.044734842321505847 0.065804603305310655 0.064494438094211792 0.015119780750395304 -0.022528679066834097 0.028268105612689071 0.052904584891206953 -0.052214497973164867 -0.042259481090708532 -0.0064887100276847139 -0.021914539357315577 -0.036370216537021369 -0.046097638037060046 -0.068473908649973811 -0.053215736925223391 -0.011621399921482044 -0.046259594737645314 -0.050784097423259789 -0.067207012928941129 -0.061924952851392934 -0.066024512507222591 -0.045486217647410003 -0.05870676770939616
leaf_weight=62.861150309443474 23.54772345721722 49.654630124568939 25.944919586181641 24.049169167876244 10.663880914449694 19.265719577670101 11.260984629392622 6.9570455998182288 5.0596377551555625 4.7042533010244361 4.961491420865058 4.8666006624698621 4.8251804411411303 3.7066736370325071 6.8211919367313376 4.8887344747781754 5.812470868229866 8.1318254321813566 4.8970373272895804 8.2256072610616666 8.0272762328386289 7.537839859724043 4.5576499551534653 4.3224080950021762 7.1373898535966873 11.968496814370157 6.3489908427000046 81.592695772647858 6.8748206049203864 4.8425027430057517
leaf_count=388 128 305 160 148 63 98 62 38 28 27 20 20 20 20 32 20 25 34 22 40 41 36 21 22 34 63 32 444 36 25
internal_value=-0.000203979 -0.0105808 -0.0244339 -0.0337029 -0.0442516 0.0230112 -0.00906419 -0.0529464 -0.0257622 -0.0359665 -0.0564685 -0.0448515 -0.0475787 0.0418647 -0.0257852 -0.0072264 0.0166385 -0.049244 -0.0624925 -0.0634927 -0.0529722 -0.0505598 -0.0375428 -0.0545472 -0.0393289 -0.0611944 -0.0555798 -0.06477 -0.0614055 -0.0647585
internal_weight=444.316 381.455 270.077 244.133 220.083 111.377 61.7227 199.9 50.4618 45.4021 192.943 72.7025 40.6979 20.183 16.5351 9.71391 9.51914 67.741 24.1628 120.241 59.6092 51.5819 12.0955 39.4864 12.004 27.4824 10.6714 112.015 30.4225 16.811
internal_count=2452 2064 1450 1290 1142 614 309 1034 247 219 996 348 192 108 72 40 45 328 120 648 294 253 57 196 54 142 54 608 164 88
is_linear=0
shrinkage=0.05


Tree=17
num_leaves=31
num_cat=0
split_feature=2 5 17 11 15 17 8 29 6 11 39 38 13 35 7 36 35 38 29 2 0 0 36 35 30 36 0 35 29 35
split_gain=110.209 67.3516 83.5077 96.767 58.9635 53.4505 32.5579 30.1559 29.799 17.8504 12.0704 5.8113 5.19475 3.10048 2.58802 5.19519 2.6556 1.37757 1.06696 0.522363 0.80234 0.420139 0.410022 0.485829 0.962644 0.206075 0.614348 0.156731 0.152229 0.140868
threshold=1.0000000180025095e-35 1.0000000180025095e-35 1.0000000180025095e-35 1.0000000180025095e-35 1.0000000180025095e-35 1.0000000180025095e-35 1.5000000000000002 5.2036832726553373 1.5000000000000002 1.0000000180025095e-35 1.0000000180025095e-35 2.5000000000000004 1.0000000180025095e-35 9.5000000000000018 1.0000000180025095e-35 16.500000000000004 11.500000000000002 1.5000000000000002 3.3300921486066026 1.5000000000000002 13.500000000000002 12.500000000000002 23.500000000000004 8.5000000000000018 9.420392350495213 22.500000000000004 12.500000000000002 11.500000000000002 2.054090377967555 9.5000000000000018
decision_type=2 2 2 2 2 2 2 2 2 2 2 2 2 2 2 2 2 2 2 2 2 2 2 2 2 2 2 2 2 2
left_child=-1 2 3 4 6 -3 7 14 9 10 12 17 18 -14 25 -16 19 -6 -7 20 22 28 23 24 -17 -2 -27 -28 -21 -9
right_child=1 5 -4 -5 11 8 -8 29 -10 -11 -12 -13 13 -15 15 16 -18 -19 -20 21 -22 -23 -24 -25 -26 26 27 -29 -30 -31
leaf_value=0.061986700982741172 -0.06407521181641733 0.062094046589156661 0.062005746558192257 0.062056495559844216 0.063485656157556303 -0.066721363843239512 0.091173548323038867 0.05192726454565303 0.064744833426699719 0.064594009428998483 0.031650651005894197 -0.011090974865195257 -0.047860013172773143 -0.0037236743607027703 -0.00036062514403122764 -0.077018004165447351 -0.025452033862549701 0.031313760707773558 -0.042340673703794282 -0.059945039473198292 -0.032449959088613631 -0.06694168524218351 -0.069970068195704074 -0.044472697462869998 -0.043363304076851558 -0.04065037972903255 -0.067445284712420756 -0.055244963822731287 -0.048405629146085281 0.038037186214565276
leaf_weight=61.455782473087311 100.50593264400959 48.277570843696594 25.605850458145142 24.101403325796127 10.440613687038423 16.801299914717678 3.8990142941474906 3.6049763709306708 11.396842837333677 5.0189660191535941 5.9295475333929053 4.55505447089672 7.1163687258958843 9.0255358517169935 4.7165787369012824 4.6068009585142224 6.9079978913068762 4.8838256150484076 6.1226830035448065 6.6854926347732562 4.0243062973022452 20.054493010044098 4.6223473250865927 8.2215031832456571 3.9437444806098938 3.880113646388053 8.1862978935241681 3.8801075965166083 4.9922512918710709 3.6975311487913132
leaf_count=394 565 308 164 154 64 90 16 20 65 29 33 21 32 39 19 21 29 24 28 35 20 107 23 39 20 21 43 20 26 21
internal_value=-8.60264e-05 -0.0102395 -0.0238336 -0.0329762 -0.0435649 0.0227285 -0.0518696 -0.0547664 -0.00821814 -0.0248443 -0.0348206 0.0384939 -0.0449098 -0.0231818 -0.0586954 -0.0510049 -0.0547338 0.0532326 -0.0602096 -0.0582731 -0.0529322 -0.0625514 -0.0567849 -0.0531511 -0.0614955 -0.0632374 -0.057957 -0.0635221 -0.0550119 0.0448942
internal_weight=437.161 375.705 266.016 240.41 216.309 109.689 196.429 192.53 61.4112 50.0144 44.9954 19.8795 39.0659 16.1419 185.228 68.7755 64.0589 15.3244 22.924 57.1509 25.4187 31.7322 21.3944 16.772 8.55055 116.452 15.9465 12.0664 11.6777 7.30251
internal_count=2490 2096 1472 1308 1154 624 1045 1029 316 251 222 109 189 71 988 339 320 88 118 291 123 168 103 80 41 649 84 63 61 41
is_linear=0
shrinkage=0.05


Tree=18
num_leaves=31
num_cat=0
split_feature=37 11 5 17 17 15 6 8 29 18 30 13 37 36 7 36 0 30 36 0 0 30 30 29 30 29 0 36 36 30
split_gain=105.164 59.7037 70.3648 87.7793 60.7217 55.0857 34.9291 33.108 27.7168 17.9453 5.78226 5.43938 3.64676 2.7033 2.63758 7.52405 2.19216 1.703 1.15352 0.941931 0.48112 0.712459 0.449228 0.417895 0.27808 0.232084 0.153268 0.161795 0.121271 0.107397
threshold=1.0000000180025095e-35 1.0000000180025095e-35 1.0000000180025095e-35 1.0000000180025095e-35 1.0000000180025095e-35 1.0000000180025095e-35 1.5000000000000002 1.5000000000000002 5.2036832726553373 1.5000000000000002 11.493068130722984 1.0000000180025095e-35 1.5000000000000002 24.500000000000004 1.0000000180025095e-35 16.500000000000004 11.500000000000002 6.9364134982229055 24.500000000000004 10.500000000000002 12.500000000000002 14.430035842780081 7.916125321121406 3.3300921486066026 9.1651273959638377 2.336857385684675 11.500000000000002 16.500000000000004 22.500000000000004 7.9383696242776152
decision_type=2 2 2 2 2 2 2 2 2 2 2 2 2 2 2 2 2 2 2 2 2 2 2 2 2 2 2 2 2 2
left_child=-1 2 3 5 -4 7 9 8 14 11 26 23 13 -13 18 -16 17 -17 29 -10 22 24 28 -6 -22 -24 27 -7 -18 -2
right_child=1 -3 4 -5 6 10 -8 -9 19 -11 -12 12 -14 -15 15 16 20 -19 -20 -21 21 -23 25 -25 -26 -27 -28 -29 -30 -31
leaf_value=0.061267063794128718 -0.064082426219381969 0.061757910653630871 0.061370567042190842 0.061283930844729176 -0.066034436301956503 0.061385523154154492 0.063869255566174954 0.087011857734680287 0.063267507899526385 0.063165767489917285 0.001234800339947303 0.021839593360088536 -0.051591875509028266 -0.030944312785154044 0.0088283349971005395 -0.014080426510206757 -0.065623512049560948 -0.053172289289487973 -0.042882713139991709 0.026839047915557301 -0.053367003047877365 -0.048512828211841802 -0.035477089848258148 -0.051235403343625918 -0.068205266837763831 -0.051172707604467738 0.065252327878132801 0.045945443868766311 -0.053461513338516578 -0.060834228574644725
leaf_weight=59.131135746836662 62.220828473567963 26.366905227303505 45.408215790987015 22.984162598848343 16.893892347812656 3.625194579362871 10.843973845243452 4.3267717361450186 3.3142688125371924 4.124702885746955 6.537661835551261 4.8300352394580859 7.2232040017843238 4.8728332370519638 5.2148076444864264 5.5580441355705243 4.5303029268980044 5.5860253721475601 7.8476527333259574 3.8195406943559647 3.718199476599696 7.6630389541387549 4.2377405464649183 6.6471748352050772 20.938432052731514 5.3017274886369705 5.7332370579242706 3.1894925236701965 3.743320420384407 43.057796835899353
leaf_count=394 363 172 301 153 93 24 64 18 20 25 29 20 35 20 21 23 25 27 40 21 20 40 21 31 111 27 33 21 20 249
internal_value=-0.000534874 -0.0106759 -0.0163942 -0.0314876 0.0185014 -0.0416334 -0.0166133 -0.0497236 -0.0528915 -0.0361853 0.0393625 -0.0463119 -0.0246932 -0.00466877 -0.0567303 -0.0488273 -0.0537339 -0.0336754 -0.0613755 0.0437632 -0.0581927 -0.0618291 -0.0515949 -0.0618557 -0.0659677 -0.0442002 0.0592277 0.0541591 -0.0601209 -0.0627539
internal_weight=419.49 360.359 333.992 233.148 100.844 210.164 55.4358 191.078 186.752 44.5918 19.0856 40.4671 16.9261 9.70287 179.618 66.4916 61.2768 11.1441 113.126 7.13381 50.1328 32.3197 17.8131 23.5411 24.6566 9.53947 12.5479 6.81469 8.27362 105.279
internal_count=2461 2067 1895 1306 589 1153 288 1046 1028 224 107 199 75 40 987 335 314 50 652 41 264 171 93 124 131 48 78 45 45 612
is_linear=0
shrinkage=0.05


Tree=19
num_leaves=31
num_cat=0
split_feature=2 5 17 11 15 17 8 6 29 11 18 13 38 2 7 0 29 30 29 29 38 38 29 29 13 35 38 30 29 35
split_gain=94.4874 57.1216 69.2351 80.5765 46.9988 46.8902 28.6156 26.6051 24.789 15.8494 17.0215 6.75326 5.63608 4.09959 3.86063 4.78303 2.28547 2.48741 0.863405 1.4433 0.732523 0.594857 0.43021 0.600964 0.352584 0.339377 0.744048 0.28025 0.238803 0.23166
threshold=1.0000000180025095e-35 1.0000000180025095e-35 1.0000000180025095e-35 1.0000000180025095e-35 1.0000000180025095e-35 1.0000000180025095e-35 1.5000000000000002 1.5000000000000002 5.2036832726553373 1.0000000180025095e-35 1.5000000000000002 1.0000000180025095e-35 2.5000000000000004 1.5000000000000002 1.0000000180025095e-35 11.500000000000002 1.6444966750710746 7.9383696242776152 3.438811922224569 3.6127552040097792 1.5000000000000002 1.5000000000000002 2.4860854977526912 1.9758354613039071 1.0000000180025095e-35 11.500000000000002 3.5000000000000004 12.616219892412792 2.9796786852789263 6.5000000000000009
decision_type=2 2 2 2 2 2 2 2 2 2 2 2 2 2 2 2 2 2 2 2 2 2 2 2 2 2 2 2 2 2
left_child=-1 2 3 4 6 -3 8 9 14 10 11 21 20 -13 25 16 -16 -18 22 -20 -6 -7 23 -17 -24 29 -27 28 -26 -2
right_child=1 5 -4 -5 12 7 -8 -9 -10 -11 -12 13 -14 -15 15 18 17 -19 19 -21 -22 -23 24 -25 27 26 -28 -29 -30 -31
leaf_value=0.060597418140091043 -0.057868126116576782 0.060702062126667823 0.06061317143887629 0.060653709014667025 0.062134671134269875 -0.047739216633205774 0.083871540779620266 0.063024622051619975 0.042362539470521807 0.062975397423452026 0.062359865100306971 0.0027622666233884114 -0.015070534031911576 -0.04902616398407194 -0.050524108234099641 -0.058785592444691538 0.014388676209357507 -0.03211130156215062 -0.019721537024774978 -0.057364730634572529 0.037343158561603668 -0.067039160087409622 -0.066344907982558793 -0.037519061192616027 -0.051445412507990201 -0.063137890257064136 -0.039475730707845422 -0.047223420497727771 -0.068805105452436052 -0.063418778908748072
leaf_weight=56.275528371334076 26.325773701071739 44.55307200551033 22.821189641952515 21.714266687631607 8.8268158733844775 5.2452054768800762 4.014903873205184 10.783570468425749 6.8247274905443183 4.6907195299863806 4.1318705379962912 8.9247139096260053 3.8277908265590659 6.6826788038015357 4.910564839839938 7.232614338397978 5.5314606726169568 5.9906679093837738 4.7083645164966565 5.5455324798822403 4.4978905022144309 16.716347873210907 12.039056092500687 6.1438623368740082 3.5635142326354963 8.0742561370134336 5.6449237316846839 6.6636345088481912 4.461077094078064 65.734421283006668
leaf_count=390 157 307 158 150 58 29 17 66 40 29 26 37 18 33 20 40 24 29 23 31 23 91 67 31 20 49 31 34 24 395
internal_value=0.000501383 -0.00924974 -0.0223225 -0.0308375 -0.040743 0.0222468 -0.0481449 -0.00771896 -0.0510994 -0.0241631 -0.0339649 -0.0445588 0.0384043 -0.0194122 -0.0547956 -0.0453841 -0.0219611 -0.00978793 -0.0530275 -0.0400798 0.053766 -0.0624296 -0.056338 -0.0490178 -0.0600017 -0.0607382 -0.0534018 -0.0548025 -0.0610961 -0.0618315
internal_weight=403.101 346.825 245.097 222.276 200.562 101.728 183.409 57.1751 179.394 46.3915 41.7008 37.5689 17.1525 15.6074 172.57 66.7903 16.4327 11.5221 50.3577 10.2539 13.3247 21.9616 40.1038 13.3765 26.7273 105.779 13.7192 14.6882 8.02459 92.0602
internal_count=2447 2057 1439 1281 1131 618 1032 311 1015 245 216 190 99 70 975 343 73 53 270 54 81 120 216 71 145 632 80 78 44 552
is_linear=0
shrinkage=0.05


Tree=20
num_leaves=31
num_cat=0
split_feature=2 5 17 11 15 17 29 11 18 7 15 38 30 2 36 36 30 29 29 13 30 36 21 36 30 30 13 36 30 30
split_gain=89.2941 54.0042 63.6214 73.5074 49.9089 46.338 22.1111 9.34437 10.6853 6.32475 5.73479 5.38428 5.14164 4.07377 3.01646 2.36343 2.24071 2.15645 2.05596 1.93073 1.81319 1.57248 1.41997 1.42618 1.40885 1.19809 0.651398 1.19383 0.23621 0.120058
threshold=1.0000000180025095e-35 1.0000000180025095e-35 1.0000000180025095e-35 1.0000000180025095e-35 1.0000000180025095e-35 1.0000000180025095e-35 5.2036832726553373 1.0000000180025095e-35 1.5000000000000002 1.0000000180025095e-35 1.0000000180025095e-35 2.5000000000000004 10.892236965371575 1.5000000000000002 16.500000000000004 24.500000000000004 10.483253181921015 2.4860854977526912 1.5834811329248921 1.0000000180025095e-35 6.9364134982229055 24.500000000000004 1.0000000180025095e-35 28.500000000000004 13.718443147391275 8.4970819437662879 1.0000000180025095e-35 21.500000000000004 6.9016497018839216 7.9383696242776152
decision_type=2 2 2 2 2 2 2 2 2 2 2 2 2 2 2 2 2 2 2 2 2 2 2 2 2 2 2 2 2 2
left_child=-1 2 3 4 6 -3 9 8 10 21 11 13 -6 25 -11 17 -17 18 -16 -18 -20 29 23 -13 -24 28 -19 -28 -7 -2
right_child=1 5 -4 -5 12 7 -8 -9 -10 14 -12 22 -14 -15 15 16 19 26 20 -21 -22 -23 24 -25 -26 -27 27 -29 -30 -31
leaf_value=0.05997315768676157 -0.062411570892025731 0.060056182627227096 0.059988981972716487 0.060028376876447243 0.061116983671371541 -0.045047367335942973 0.041269959456005256 0.062140195958811123 0.061612644176582722 -0.0010391440820623789 0.028982503799527638 -0.036750165322127042 0.0064148355204293461 -0.065106749269523534 -0.064065353281294257 -0.0068559441618969309 -0.062656093203609875 -0.065512083114963954 -0.00043009901801783969 -0.023492844147390706 -0.040221087002476119 -0.035311251700579444 0.030302549856503998 0.0017559183732108942 -0.011032663266084146 -0.0085737010895833125 -0.065198245924648721 -0.033169304364939763 -0.027967758090817814 -0.058805393197783051
leaf_weight=54.207495763897896 57.494900241494179 43.887479811906815 21.373172968626022 20.311090022325516 10.848421782255175 4.4525503367185575 6.6680426299571982 4.3520308285951605 4.2827177643775931 4.7114050388336173 5.171071231365203 5.1434348374605179 7.1117558330297461 10.647931754589081 4.4543055295944241 7.5233288258314159 5.7692247629165632 14.118112236261368 4.7826115339994413 6.9240777343511581 7.1327290236949921 6.370091199874877 4.0963604599237442 4.5159775465726852 4.1496510356664658 6.5495080053806314 5.9497831612825394 5.6932732164859772 3.711965411901474 38.558481812477112
leaf_count=391 361 315 154 146 74 26 40 28 28 19 24 29 32 62 26 37 29 81 20 34 38 34 21 26 21 33 34 31 19 239
internal_value=0.000415007 -0.00917206 -0.022274 -0.0304738 -0.0399437 0.0214276 -0.0480393 -0.00827647 -0.0140892 -0.051553 -0.0207825 -0.0267301 0.0394564 -0.0415503 -0.0396158 -0.042531 -0.0284777 -0.0492745 -0.0350838 -0.0412929 -0.0242497 -0.0593685 -0.00573815 -0.0187478 0.00950138 -0.0245035 -0.0582918 -0.0495366 -0.0372822 -0.060964
internal_weight=390.963 336.755 235.795 214.422 194.111 100.961 176.15 57.0732 52.7212 169.482 48.4385 43.2674 17.9602 25.362 67.0589 62.3474 20.2166 42.1308 16.3696 12.6933 11.9153 102.423 17.9054 9.65941 8.24601 14.714 25.7612 11.6431 8.16452 96.0534
internal_count=2452 2061 1429 1275 1129 632 1023 317 289 983 261 237 106 140 349 330 100 230 84 63 58 634 97 55 42 78 146 65 45 600
is_linear=0
shrinkage=0.05


Tree=21
num_leaves=31
num_cat=0
split_feature=31 15 39 5 11 17 6 38 7 7 35 36 38 30 30 29 5 0 36 13 29 38 38 36 0 35 36 30 2 19
split_gain=88.4374 51.0697 57.2038 70.3781 65.4702 51.615 29.9452 11.344 8.31976 4.64048 3.93024 3.24308 1.97284 1.93016 1.84651 1.73352 1.47908 1.25118 1.09162 1.11879 0.82574 0.798353 2.62207 0.63026 0.328498 0.242584 1.05377 0.210958 0.162197 0.284312
threshold=5.2036832726553373 1.0000000180025095e-35 1.0000000180025095e-35 1.0000000180025095e-35 1.0000000180025095e-35 1.0000000180025095e-35 1.5000000000000002 3.5000000000000004 1.0000000180025095e-35 1.0000000180025095e-35 11.500000000000002 16.500000000000004 1.5000000000000002 6.7969257976498705 11.314619380816618 1.5834811329248921 1.0000000180025095e-35 10.500000000000002 24.500000000000004 1.0000000180025095e-35 2.4860854977526912 1.5000000000000002 2.5000000000000004 24.500000000000004 11.500000000000002 6.5000000000000009 16.500000000000004 15.092829201552691 1.0000000180025095e-35 1.0000000180025095e-35
decision_type=2 2 2 2 2 2 2 2 2 2 2 2 2 2 2 2 2 2 2 2 2 2 2 2 2 2 2 2 2 2
left_child=1 2 3 4 8 -5 9 21 23 17 11 -10 28 15 -11 -13 -4 -7 20 -20 -15 -3 -23 25 -22 26 -1 -26 -2 -30
right_child=12 7 16 5 -6 6 -8 -9 10 14 -12 13 -14 18 -16 -17 -18 -19 19 -21 24 22 -24 -25 27 -27 -28 -29 29 -31
leaf_value=-0.061748599240971674 0.059387765750133041 0.061616497729102417 0.059407371480634366 0.059397883452969216 0.059398660395638625 -0.035438935605294368 0.062539377325593712 -0.017488492328642566 -0.00098722842918688909 0.0057085857758186025 -0.0035647987969091889 -0.042916326911759464 0.022940896463140743 -0.038329713930737502 -0.035482586740995435 -0.0026366778867702614 0.031094270289244993 -0.063546853071183726 -0.049865347976567082 -0.020251214493119854 -0.045079378048878266 0.016951656667735449 0.06742678940924389 -0.044592902943273227 -0.062701099524479983 -0.061691099221027973 -0.037450577550860537 -0.049034077811615229 0.061264359726324671 0.079274193608776994
leaf_weight=18.487222030758861 41.257208436727524 21.92610527575016 20.524774879217151 36.226562976837158 14.917664527893065 5.1757237315177944 8.3020487725734693 6.2283077538013449 4.7112003266811362 4.8925484567880613 8.0219120830297452 6.0994648486375791 3.6785167604684821 6.8233674913644817 6.1290436238050461 4.7523596435785294 5.9498968571424475 16.843514829874039 7.0657112747430784 5.8131390959024429 4.1374519020319012 4.6639037877321226 5.7389203757047653 6.9816511571407309 17.530608311295513 68.629088446497917 5.88181148469448 3.3655602931976309 7.9541626274585706 3.0246674418449402
leaf_count=120 310 155 154 272 112 31 52 34 19 27 35 35 23 37 29 20 37 95 38 30 21 25 35 38 109 447 36 20 54 18
internal_value=0.000238373 -0.00973131 -0.0169836 -0.0240927 -0.0409935 0.0158267 -0.0223524 0.0443005 -0.0498919 -0.0436829 -0.0364438 -0.0408179 0.0583327 -0.0441936 -0.0171976 -0.0252766 0.0530443 -0.05694 -0.0487825 -0.0364984 -0.0537486 0.0562044 0.0447972 -0.0590817 -0.0579512 -0.0601694 -0.0558839 -0.0604999 0.060825 0.0662261
internal_weight=381.734 325.82 287.262 260.788 183.218 77.5694 41.3429 38.5572 168.301 33.0408 68.3208 60.2989 55.9146 55.5877 11.0216 10.8518 26.4747 22.0192 44.7358 12.8789 31.857 32.3289 10.4028 99.9798 25.0336 92.9981 24.369 20.8962 52.236 10.9788
internal_count=2468 2063 1814 1623 1117 506 234 249 1005 182 364 329 405 310 56 55 191 126 255 68 187 215 60 641 150 603 156 129 382 72
is_linear=0
shrinkage=0.05


Tree=22
num_leaves=31
num_cat=0
split_feature=31 6 17 16 11 17 8 6 18 11 16 38 30 7 36 7 21 38 2 35 36 36 30 19 36 35 30 35 29 35
split_gain=75.3546 47.6502 56.5399 63.1609 62.2392 38.4632 31.5034 21.0857 12.257 13.2365 13.5729 5.57095 3.80068 2.96104 3.79799 2.45358 2.43333 2.41289 1.98897 1.90562 1.37088 0.729513 0.595214 0.476806 0.497105 1.72813 1.06632 0.437433 0.412529 0.228365
threshold=5.2036832726553373 1.0000000180025095e-35 1.0000000180025095e-35 1.0000000180025095e-35 1.0000000180025095e-35 1.0000000180025095e-35 1.5000000000000002 1.5000000000000002 1.5000000000000002 1.0000000180025095e-35 1.0000000180025095e-35 1.5000000000000002 11.189289685587338 1.0000000180025095e-35 16.500000000000004 1.0000000180025095e-35 1.0000000180025095e-35 1.5000000000000002 1.5000000000000002 11.500000000000002 24.500000000000004 26.500000000000004 9.1651273959638377 1.0000000180025095e-35 22.500000000000004 8.5000000000000018 8.9458352425111318 6.5000000000000009 2.054090377967555 6.5000000000000009
decision_type=2 2 2 2 2 2 2 2 2 2 2 2 2 2 2 2 2 2 2 2 2 2 2 2 2 2 2 2 2 2
left_child=1 2 3 4 6 -3 13 8 9 10 15 -5 -13 20 -15 21 -17 -2 19 23 29 -7 27 24 25 26 -16 -20 -29 -1
right_child=17 5 -4 11 -6 7 -8 -9 -10 -11 -12 12 -14 14 18 16 -18 -19 22 -21 -22 -23 -24 -25 -26 -27 -28 28 -30 -31
leaf_value=-0.055368642540967516 0.060291241135074704 0.058972379453680196 0.058864782716525989 0.059384232826876195 0.058856649217137486 -0.065743721317125497 0.082817490110238354 0.061631078688592814 0.060584471285168168 0.062156663461634801 0.033953046085732887 0.049277315935170048 -0.021013814657116509 0.0036131579022770661 -0.073297688947435186 -0.057684975230131712 -0.0078244859046793323 0.01429147642463238 -0.062115546305845232 -0.012645066147664955 -0.036197179397772165 -0.040009708543525119 -0.063562735539171494 -0.028426338231397258 -0.058900559149695608 -0.016855837408021514 -0.035698153682594436 -0.053094450109485186 -0.0316108739027448 -0.060996658368837921
leaf_weight=25.00681434571743 47.486148178577423 39.794238314032555 20.210825830698013 18.015438005328182 14.700982794165609 17.152658164501194 4.4328482151031485 9.442582502961157 4.1813297569751731 3.5828916281461707 5.453869864344596 3.3515073210000983 4.5121652632951736 3.9732475876808158 4.1393542885780423 4.607843145728113 5.2178799510002136 3.032878801226615 4.2242651581764248 5.9941479265689841 6.8370241373777381 3.280696526169776 14.407338872551916 3.868091791868209 6.4733408391475669 4.4206473678350449 3.4633545875549316 4.5708256363868696 4.3716418445110321 64.551691189408302
leaf_count=166 361 309 158 138 115 102 19 62 29 23 29 20 20 16 20 24 23 19 27 26 38 17 89 21 36 22 20 27 25 437
internal_value=0.000850283 -0.00826183 -0.0208578 -0.0288615 -0.039618 0.0218343 -0.0486247 -0.0060925 -0.020801 -0.029461 -0.0386525 0.0440575 0.00894436 -0.0523525 -0.0436227 -0.0517388 -0.0312069 0.0575297 -0.0469781 -0.0376809 -0.0577777 -0.061612 -0.05654 -0.0443909 -0.0477295 -0.041715 -0.0561695 -0.0488557 -0.0425919 -0.0594252
internal_weight=364.759 314.24 221.526 201.315 175.436 92.714 160.735 52.9198 43.4772 39.2958 35.7129 25.8791 7.86367 156.302 59.9063 30.2591 9.82572 50.519 55.933 28.3589 96.3955 20.4334 27.5741 22.3648 18.4967 12.0234 7.60271 13.1667 8.94247 89.5585
internal_count=2438 2058 1440 1282 1104 618 989 309 247 218 195 178 40 970 329 166 47 380 313 145 641 119 168 119 98 62 40 79 52 603
is_linear=0
shrinkage=0.05


Tree=23
num_leaves=31
num_cat=0
split_feature=31 15 5 17 11 17 8 6 18 7 36 30 35 7 22 29 5 3 30 37 0 36 36 0 36 30 30 29 35 36
split_gain=76.2377 44.8242 43.2284 65.376 56.3371 43.6526 29.5414 26.3816 16.142 4.29585 5.57838 3.90806 3.44908 3.16476 2.80358 2.52048 2.11958 1.32539 1.21009 0.866847 1.25446 1.57729 0.733687 0.647853 0.366344 0.301066 0.425628 0.28915 0.226389 0.936589
threshold=5.2036832726553373 1.0000000180025095e-35 1.0000000180025095e-35 1.0000000180025095e-35 1.0000000180025095e-35 1.0000000180025095e-35 1.5000000000000002 1.5000000000000002 1.5000000000000002 1.0000000180025095e-35 17.500000000000004 10.892236965371575 11.500000000000002 1.0000000180025095e-35 1.5000000000000002 3.438811922224569 1.0000000180025095e-35 4.5000000000000009 11.314619380816618 1.5000000000000002 13.500000000000002 20.500000000000004 24.500000000000004 10.500000000000002 22.500000000000004 9.1651273959638377 8.3945522219710629 3.0375270496321396 6.5000000000000009 16.500000000000004
decision_type=2 2 2 2 2 2 2 2 2 2 2 2 2 2 2 2 2 2 2 2 2 2 2 2 2 2 2 2 2 2
left_child=1 2 3 4 6 -4 9 8 13 22 -11 27 19 23 15 16 -13 -2 -15 20 21 -12 28 -7 -23 26 -21 -3 29 -1
right_child=17 11 5 -5 -6 7 -8 -9 -10 10 12 14 -14 18 -16 -17 -18 -19 -20 25 -22 24 -24 -25 -26 -27 -28 -29 -30 -31
leaf_value=-0.060448198379881149 0.059510769133327535 0.060476088234367578 0.058348773984356395 0.058358021291147415 0.058350420356568525 -0.041631699122106548 0.080906463663720757 0.061069120699358416 0.059962256321428875 0.0036678683484195236 -0.022650826980943714 -0.022545298877197112 -0.01249626179861027 -0.0054056710904703039 0.056361443880507379 0.047103009128057656 0.027721802026071107 0.033353753855553225 -0.037954176153108365 -0.056936980191506309 -0.018789675680114089 -0.04843711649518246 -0.041127245687163527 -0.062304880492867365 -0.065994868325453426 -0.061825253970906879 -0.036757231078744936 0.042027497363212464 -0.06034009083346005 -0.038116921584054164
leaf_weight=18.156691357493404 46.022791855037212 16.914977408945564 33.472782969474792 19.26513147354126 13.734363079071043 4.9097241163253811 4.3737116605043402 8.8706463128328306 4.0176271498203269 6.4086547642946234 4.157785549759871 5.1483406424522418 6.8233018368482581 4.5858484059572202 5.2184956967830649 3.7228523641824713 3.538463220000267 5.4124541953206053 7.5684090852737427 9.0043070167303103 4.2806724905967704 5.2605100870132429 6.3330280482769004 16.611979529261589 6.8259486705064774 13.414605557918547 3.681275710463523 2.4288956671953192 62.878772526979446 6.3329775482416144
leaf_count=127 364 128 273 157 112 31 19 60 29 27 22 27 30 26 34 23 23 39 37 57 24 29 36 98 39 88 22 17 443 41
internal_value=0.000409654 -0.00900224 -0.0160487 -0.0289788 -0.0387801 0.0147966 -0.0472269 -0.016511 -0.0347684 -0.0508764 -0.040413 0.0426412 -0.0456985 -0.04607 0.0256125 0.012682 -0.00206961 0.0567583 -0.0256735 -0.0505574 -0.0428694 -0.0492149 -0.0575605 -0.0575887 -0.058353 -0.0566032 -0.0510809 0.0581596 -0.0587517 -0.0546734
internal_weight=359.376 307.941 270.969 190.932 171.667 80.037 157.932 46.5642 37.6936 153.559 59.8571 36.972 53.4484 33.676 17.6282 12.4097 8.6868 51.4352 12.1543 46.6251 20.5249 16.2442 93.7015 21.5217 12.0865 26.1002 12.6856 19.3439 87.3684 24.4897
internal_count=2482 2079 1827 1273 1116 554 1004 281 221 985 338 252 311 192 107 73 50 403 63 281 114 90 647 129 68 167 79 145 611 168
is_linear=0
shrinkage=0.05


Tree=24
num_leaves=31
num_cat=0
split_feature=2 11 5 17 17 15 8 31 18 38 15 30 8 8 36 2 13 36 38 31 36 13 36 13 31 2 38 2 30 31
split_gain=69.6234 43.7326 51.774 61.2129 40.6503 32.5708 23.9885 17.528 8.23906 5.44583 4.08107 3.12128 4.01055 2.42823 5.34966 2.3243 1.67066 1.48433 1.43532 1.34637 1.20801 1.19048 0.990834 0.846069 0.810693 0.544149 0.961353 0.322554 0.58492 1.2467
threshold=1.0000000180025095e-35 1.0000000180025095e-35 1.0000000180025095e-35 1.0000000180025095e-35 1.0000000180025095e-35 1.0000000180025095e-35 1.5000000000000002 7.4446138188815985 1.5000000000000002 2.5000000000000004 1.0000000180025095e-35 16.174293498687351 1.0000000180025095e-35 1.0000000180025095e-35 17.500000000000004 1.5000000000000002 1.0000000180025095e-35 24.500000000000004 1.5000000000000002 3.438811922224569 27.500000000000004 1.0000000180025095e-35 20.500000000000004 1.0000000180025095e-35 2.4860854977526912 1.5000000000000002 1.5000000000000002 1.5000000000000002 7.9383696242776152 2.773112293567868
decision_type=2 2 2 2 2 2 2 2 2 2 2 2 2 2 2 2 2 2 2 2 2 2 2 2 2 2 2 2 2 2
left_child=-1 2 3 5 -4 6 7 13 10 18 11 12 20 17 -15 19 -14 27 -7 22 21 25 -16 -24 -17 26 -6 28 -2 -30
right_child=1 -3 4 -5 8 9 -8 -9 -10 -11 -12 -13 16 14 15 24 -18 -19 -20 -21 -22 -23 23 -25 -26 -27 -28 -29 29 -31
leaf_value=0.057898922423592625 -0.059819039494542682 0.058520864843032233 0.058010183005915289 0.057884222069634853 -0.045918117650198043 0.059284026656462589 0.078751014053938528 0.059771731196084921 0.05938245135032693 -0.019883303805540146 0.023969093383636841 0.016106754938255533 -0.022618597632044081 -0.0018644778028561633 -0.021846682661737563 -0.04621106805839538 0.014540038705019654 -0.032098045642956492 0.023257398670974198 -0.017344244463890983 -0.012794783565445165 -0.067814353216233719 -0.05899902578345774 -0.035401956824354985 -0.064878702535203475 -0.050620308605019086 -0.012409231965012958 -0.060314468030258805 -0.022874500397698453 -0.054470264768223711
leaf_weight=44.875588126480579 20.968017026782036 22.265275448560715 36.57095643132925 18.471753366291523 4.7667945325374657 7.8112716004252452 3.8329508304595938 3.6901165992021552 3.72501516342163 4.1443766355514517 5.1074459180235854 4.3987125456333152 6.5714047700166685 7.0724861919879904 4.0301181674003663 8.6949876695871371 5.6048511266708374 6.2108404636383048 4.2792030274868011 6.2280317991971961 3.2136590480804434 4.6901068389415732 9.548114061355589 6.3084158003330222 17.564422309398651 5.8441973477601996 3.8848617225885391 45.02725875377655 3.990937456488612 14.340871989727018
leaf_count=381 153 182 308 157 31 62 17 27 28 20 25 23 38 30 21 54 29 36 23 34 19 25 51 35 117 42 25 330 28 101
internal_value=-0.000172706 -0.00889258 -0.0143193 -0.028652 0.0183308 -0.0378522 -0.0448025 -0.0478842 -0.0120227 0.0295785 -0.0180566 -0.0235639 -0.0286107 -0.0505329 -0.0426816 -0.0481934 -0.00551411 -0.055688 0.0465331 -0.0376311 -0.0411659 -0.0459181 -0.0439845 -0.0496111 -0.0586975 -0.0388336 -0.0308716 -0.0574255 -0.0541155 -0.0475917
internal_weight=343.733 298.857 276.592 192.214 84.378 173.742 157.508 153.675 47.807 16.2349 44.082 38.9746 34.5759 149.985 59.4466 52.3741 12.1763 90.5379 12.0905 26.1147 22.3996 19.186 19.8866 15.8565 26.2594 14.4959 8.65166 84.3271 39.2998 18.3318
internal_count=2452 2071 1889 1296 593 1139 1034 1017 285 105 257 232 209 990 342 312 67 648 85 141 142 123 107 86 171 98 56 612 282 129
is_linear=0
shrinkage=0.05


Tree=25
num_leaves=31
num_cat=0
split_feature=31 15 5 17 11 17 8 6 18 38 7 7 0 38 38 29 29 0 38 38 35 29 35 38 38 38 35 30 29 30
split_gain=67.3869 40.9782 40.5341 58.1256 50.1913 38.045 25.2145 19.6552 12.4313 8.97519 3.98998 3.2161 3.79275 1.99957 1.91469 1.6791 2.53174 0.850374 0.781041 2.51474 0.525106 0.504624 0.418032 0.809445 0.331313 0.303036 0.273441 0.559506 2.0298 0.190156
threshold=5.2036832726553373 1.0000000180025095e-35 1.0000000180025095e-35 1.0000000180025095e-35 1.0000000180025095e-35 1.0000000180025095e-35 1.5000000000000002 1.5000000000000002 1.5000000000000002 3.5000000000000004 1.0000000180025095e-35 1.0000000180025095e-35 11.500000000000002 1.5000000000000002 3.5000000000000004 3.438811922224569 3.6127552040097792 10.500000000000002 1.5000000000000002 2.5000000000000004 8.5000000000000018 2.9796786852789263 11.500000000000002 3.5000000000000004 3.5000000000000004 4.5000000000000009 6.5000000000000009 7.9383696242776152 2.773112293567868 9.5747543091908067
decision_type=2 2 2 2 2 2 2 2 2 2 2 2 2 2 2 2 2 2 2 2 2 2 2 2 2 2 2 2 2 2
left_child=1 2 3 4 6 -4 11 8 10 18 17 22 20 -2 -12 21 -17 -7 -3 -20 -13 25 26 -24 -19 -14 27 -1 -29 -27
right_child=13 9 5 -5 -6 7 -8 -9 -10 -11 14 12 15 -15 -16 16 -18 24 19 -21 -22 -23 23 -25 -26 29 -28 28 -30 -31
leaf_value=-0.059406534067523865 0.058773428926051023 0.05949053633966226 0.057431711733637737 0.057440809970597022 0.057429373083895646 -0.034306323686448446 0.075283722534342318 0.060646115518581067 0.058841515433942282 -0.013546876632743413 0.010273974304799238 -0.026601842526691174 -0.037942822905080234 0.019212200860502193 -0.031574582775352959 -0.0015598587541801332 -0.053173123195465959 -0.062145704356140245 0.015542941864278299 0.065694009026838321 -0.0071424882081562021 -0.060981667641526252 -0.059090201246883016 -0.032030329661258509 -0.046495705395872694 -0.048599896856726152 -0.05943849665543012 -0.0090913538189793756 -0.059807165686281395 -0.0610019711289339
leaf_weight=13.037529751658441 43.336445264518261 18.862642079591755 30.980456620454788 17.590313583612442 12.614553570747374 5.1536256074905422 4.1330329626798621 7.193372130393981 3.5750910043716422 6.0347265452146521 4.4133699238300306 8.3142341673374158 5.1106193959712991 3.4481458961963645 7.1796925067901611 4.3580323755741102 5.2240301668643951 11.621762171387674 4.6977268457412702 5.3420571386814117 5.9462290555238715 13.328091621398924 6.2479822486639005 4.9555320590734482 4.769768774509429 11.376763582229612 52.555366486310959 2.9359072893857938 6.0148003399372101 4.2435897439718255
leaf_count=98 373 155 275 156 112 34 19 50 28 35 24 39 29 23 37 23 35 76 27 36 29 82 48 32 27 75 396 21 44 30
internal_value=0.000203194 -0.00884362 -0.0158563 -0.0288412 -0.0383036 0.0150053 -0.0464753 -0.0149307 -0.0297387 0.041914 -0.0392951 -0.0499785 -0.0408741 0.0558577 -0.0156432 -0.0481893 -0.0296988 -0.0520218 0.053494 0.0422278 -0.0184878 -0.0533913 -0.0561263 -0.0471211 -0.0575917 -0.0485114 -0.0574797 -0.052798 -0.043172 -0.0519692
internal_weight=334.595 287.811 252.874 177.987 160.396 74.8871 147.782 43.9067 36.7133 34.9372 33.1382 143.649 57.9016 46.7846 11.5931 43.6411 9.58206 21.5452 28.9024 10.0398 14.2605 34.0591 85.7471 11.2035 16.3915 20.731 74.5436 21.9882 8.95071 15.6204
internal_count=2468 2072 1819 1268 1112 551 1000 276 226 253 198 981 342 396 61 274 58 137 218 63 68 216 639 80 103 134 559 163 65 105
is_linear=0
shrinkage=0.05


Tree=26
num_leaves=31
num_cat=0
split_feature=2 11 39 6 17 15 8 6 29 38 15 7 36 0 21 36 33 7 6 2 32 29 32 35 38 32 36 29 32 35
split_gain=61.461 39.0334 40.2015 50.5023 41.0309 29.184 22.6939 22.6081 15.5276 5.4485 4.74765 3.35529 5.46995 2.36619 1.77097 1.61363 1.41563 1.40593 1.38761 1.08747 1.47401 0.995311 0.974679 1.12234 0.714432 0.698162 0.69479 0.700947 0.395162 0.293721
threshold=1.0000000180025095e-35 1.0000000180025095e-35 1.0000000180025095e-35 1.0000000180025095e-35 1.0000000180025095e-35 1.0000000180025095e-35 1.5000000000000002 1.5000000000000002 7.6838291415854068 2.5000000000000004 1.0000000180025095e-35 1.0000000180025095e-35 16.500000000000004 12.500000000000002 1.0000000180025095e-35 24.500000000000004 1.0000000180025095e-35 1.0000000180025095e-35 1.0000000180025095e-35 1.5000000000000002 14.176222593379544 3.3300921486066026 10.135806659779414 9.5000000000000018 1.5000000000000002 7.8940034140779831 18.500000000000004 1.6444966750710746 9.1651273959638377 6.5000000000000009
decision_type=2 2 2 2 2 2 2 2 2 2 2 2 2 2 2 2 2 2 2 2 2 2 2 2 2 2 2 2 2 2
left_child=-1 2 3 5 -5 6 8 10 11 24 14 15 -13 22 21 16 29 -16 -4 20 -15 -6 23 26 -7 -25 -14 -28 -21 -2
right_child=1 -3 18 4 7 9 -8 -9 -10 -11 -12 12 13 19 17 -17 -18 -19 -20 28 -22 -23 -24 25 -26 -27 27 -29 -30 -31
leaf_value=0.057026187543257972 -0.052279154815736167 0.057752826294280371 0.057025442197403325 0.057201917104108484 -0.06070242344444593 0.058112689041028245 0.074551484506113999 0.06000120656066707 0.05863751935590357 -0.018309695698931035 0.013681085517200027 0.018281153655263862 -0.027625491079751631 -0.056562620105852515 -0.043501811965925001 -0.028542439155676575 -0.019822585543440342 -0.0081008208317881174 0.027918245235985087 -0.044717602216848062 -0.018984956295162093 -0.032125372832542597 -0.011565268437791923 -0.010504157702030982 0.031933827613773745 -0.03905436978141795 -0.068406870624602392 -0.039723578302796388 -0.064667371735075058 -0.059152309682873196
leaf_weight=41.148648083209991 21.775661274790764 20.637823134660721 17.175271242856983 32.094557583332062 13.064323343336584 7.1174467578530294 4.0695285052061072 7.4413138926029196 3.514783486723899 4.1858644634485236 4.1092301011085501 3.9662154465913764 3.5129737406969133 6.0919951200485247 6.6876016110181826 5.7678561955690375 2.6225788071751586 4.8303543776273727 5.3762593343853942 3.0468314737081554 4.5652649402618408 3.9737124741077414 4.8630512207746497 4.9759198874235135 4.1117115169763565 3.7588594704866409 4.2557360976934415 4.2640288025140762 13.394682139158247 54.316116757690907
leaf_count=381 167 182 159 293 92 62 19 54 28 20 18 16 19 37 37 35 19 22 39 21 25 21 28 27 23 22 25 27 95 431
internal_value=-2.63273e-05 -0.0084237 -0.0136983 -0.0197836 0.0150667 -0.0351099 -0.0418959 -0.0186513 -0.045171 0.0303778 -0.0365688 -0.0477554 -0.0383461 -0.0426055 -0.0437998 -0.05407 -0.0559405 -0.0286555 0.0500863 -0.0529063 -0.0404654 -0.0540375 -0.0317145 -0.0364328 0.0485269 -0.0227902 -0.0463362 -0.0540513 -0.0609704 -0.0571854
internal_weight=320.716 279.568 258.93 236.378 72.2011 164.177 148.762 40.1065 144.693 15.415 32.6652 141.178 56.6956 52.7293 28.556 84.4822 78.7144 11.518 22.5515 27.0988 10.6573 17.038 25.6306 20.7675 11.2292 8.73478 12.0327 8.51976 16.4415 76.0918
internal_count=2444 2063 1881 1683 537 1146 1041 244 1022 105 190 994 342 326 172 652 617 59 198 178 62 113 148 120 85 49 71 52 116 598
is_linear=0
shrinkage=0.05


Tree=27
num_leaves=31
num_cat=0
split_feature=31 5 17 15 11 17 8 38 18 15 38 7 2 30 0 29 38 30 38 29 29 30 29 30 30 38 0 19 30 29
split_gain=59.1824 35.1111 40.903 39.6418 46.7219 32.05 19.9964 6.87821 6.54395 5.65776 3.5805 3.52783 3.22615 2.8266 2.64983 2.24415 1.98391 1.91446 1.52542 1.52527 3.10692 1.32069 1.15263 0.68846 0.704696 0.581364 0.602823 0.73655 0.567747 0.386485
threshold=5.2036832726553373 1.0000000180025095e-35 1.0000000180025095e-35 1.0000000180025095e-35 1.0000000180025095e-35 1.0000000180025095e-35 1.5000000000000002 1.5000000000000002 1.5000000000000002 1.0000000180025095e-35 2.5000000000000004 1.0000000180025095e-35 1.5000000000000002 11.493068130722984 11.500000000000002 1.6444966750710746 1.5000000000000002 11.314619380816618 1.5000000000000002 3.438811922224569 3.6127552040097792 7.9383696242776152 2.8169149823684161 12.580775637471541 15.44954990788453 3.5000000000000004 12.500000000000002 1.0000000180025095e-35 6.8237214466175589 2.4860854977526912
decision_type=2 2 2 2 2 2 2 2 2 2 2 2 2 2 2 2 2 2 2 2 2 2 2 2 2 2 2 2 2 2
left_child=1 2 3 4 6 -3 11 -5 9 10 12 25 18 -9 15 -13 -2 -12 28 29 -21 -17 -20 -19 -25 -1 -27 -28 -7 -16
right_child=16 5 -4 7 -6 8 -8 13 -10 -11 17 14 -14 -15 19 21 -18 23 22 20 -22 -23 -24 24 -26 26 27 -29 -30 -31
leaf_value=-0.056675776816124873 0.057960614222738974 0.056787453317068207 0.05663602717679727 0.057091526770595272 0.056621079205484065 -0.020381297388032807 0.072650774879843755 0.033826635411221405 0.058106762955495751 0.034683411677327289 0.025250565976392199 -0.049983465172794735 -0.058005350432263826 -0.025909704836194758 -0.042097475820112806 0.012442002902513252 0.017900887712034654 -0.029857862756318233 0.020858784792363715 0.007499094358073612 -0.051708020583614282 -0.023778734762230191 -0.021059862891622469 0.011185513277152323 -0.01952023582908282 -0.032965870860923549 -0.059751924625496423 -0.032801311644211198 -0.049689320592856301 -0.053237622821238686
leaf_weight=62.268256701529026 38.609221205115318 32.793321631848812 15.723022937774656 13.714335262775423 12.391500771045683 3.2962090671062469 3.5437215715646735 3.4035029113292676 3.4814657196402541 5.3970906585454932 4.5496215596795109 4.2595146298408499 8.233020156621933 4.7356797829270363 12.148522600531576 4.7596530169248563 3.3595510870218268 3.988576412200926 3.1366146355867386 3.9040106981992704 5.1238600015640259 5.3404082655906677 3.4366499036550522 3.7456058114767075 3.7285967916250229 5.6454296410083797 9.4821037724614126 3.4603156298398963 3.3135386109352112 21.678780220448971
leaf_count=512 362 313 152 129 120 23 17 22 29 35 31 18 62 21 79 22 23 25 20 21 37 29 20 22 21 43 71 23 20 148
internal_value=-0.00049242 -0.00905823 -0.0206293 -0.0275373 -0.0364797 0.0189671 -0.0446262 0.0354818 -0.00781626 -0.0131754 -0.0200765 -0.0476362 -0.0334486 -0.000930193 -0.0381351 -0.0195461 0.0547539 -0.00219183 -0.0181125 -0.0443638 -0.0261045 -0.00670972 -0.00105722 -0.0130838 -0.00413242 -0.0543593 -0.0465994 -0.0525463 -0.0350737 -0.0492368
internal_weight=312.652 270.683 191.583 175.86 154.006 79.1003 141.615 21.8535 46.307 42.8255 37.4284 138.071 21.416 8.13918 57.2147 14.3596 41.9688 16.0124 13.183 42.8552 9.02787 10.1001 6.57326 11.4628 7.4742 80.8561 18.5878 12.9424 6.60975 33.8273
internal_count=2470 2085 1464 1312 1140 621 1020 172 308 279 244 1003 145 43 354 69 385 99 83 285 58 51 40 68 43 649 137 94 43 227
is_linear=0
shrinkage=0.05


Tree=28
num_leaves=31
num_cat=0
split_feature=2 11 5 17 17 15 6 8 29 30 39 8 36 13 29 2 36 36 29 29 36 0 29 29 36 3 35 36 35 29
split_gain=56.4179 33.2465 37.0216 47.7033 34.6757 24.8134 21.5776 19.4772 15.1011 3.85615 3.47669 3.23041 6.54245 3.17671 3.75644 2.87183 2.25628 1.78499 1.63425 1.58069 1.44067 0.898812 0.831885 0.811364 0.455507 0.448858 0.29783 1.29471 0.267484 0.192671
threshold=1.0000000180025095e-35 1.0000000180025095e-35 1.0000000180025095e-35 1.0000000180025095e-35 1.0000000180025095e-35 1.0000000180025095e-35 1.5000000000000002 1.5000000000000002 7.6838291415854068 11.493068130722984 1.0000000180025095e-35 1.0000000180025095e-35 17.500000000000004 1.0000000180025095e-35 2.773112293567868 1.5000000000000002 24.500000000000004 22.500000000000004 3.3300921486066026 3.1385506848250149 24.500000000000004 12.500000000000002 2.5335011795332734 3.1385506848250149 20.500000000000004 4.5000000000000009 6.5000000000000009 16.500000000000004 7.5000000000000009 3.6127552040097792
decision_type=2 2 2 2 2 2 2 2 2 2 2 2 2 2 2 2 2 2 2 2 2 2 2 2 2 2 2 2 2 2
left_child=-1 2 3 5 -4 7 10 8 11 28 13 20 -13 18 -15 16 17 22 -6 -16 25 24 -14 -18 -17 26 27 -2 -7 -23
right_child=1 -3 4 -5 6 9 -8 -9 -10 -11 -12 12 15 14 19 21 23 -19 -20 -21 -22 29 -24 -25 -26 -27 -28 -29 -30 -31
leaf_value=0.05627298265631147 -0.057886797439092946 0.057186307863347267 0.056427341009872026 0.056270631929980865 -0.05980668194053889 0.038241354731584208 0.059421155772108436 0.070923395813682052 0.0577000610840964 -0.0032220118345459335 0.014842088687119656 0.0087679339373267686 -0.012992187152365053 0.026011579635602036 -0.053464620920516771 -0.059358521992662339 -0.024906316193626644 -0.06442936814862385 -0.024445435748099122 -0.014114454106649722 -0.029536303508604658 -0.059669636642625729 -0.041963595134152744 0.006557828977852515 -0.033980036718421508 -0.037676376769061437 -0.057739435888624846 -0.027788575676160061 0.058289364305401353 -0.072359458194135473
leaf_weight=39.207878820598125 14.350953541696073 18.183078661561012 31.438462786376476 16.0410475730896 12.355498291552069 2.3302400112152082 8.3344288319349271 3.8163581490516654 3.5826863572001448 5.0004524439573279 3.8019296973943701 6.8351941704750052 4.2894533723592776 3.5784604698419598 5.035410061478613 2.6372714415192622 4.3738809525966627 5.8345746323466292 4.4421220421791068 5.1748057156801224 6.1246048361062995 11.514914512634276 5.8666224926710129 3.8545515984296799 5.3647013977169991 3.6382103264331809 49.633805528283119 4.7574469447135916 5.8172734752297401 4.0408871471881858
leaf_count=396 122 172 313 162 93 19 63 19 31 24 28 29 22 19 25 20 23 36 24 25 39 88 37 20 37 28 428 36 52 30
internal_value=0.000333989 -0.00803562 -0.0128987 -0.0257771 0.0165714 -0.0343421 -0.0127575 -0.0404881 -0.0435985 0.0313421 -0.030251 -0.0463248 -0.0369861 -0.0358561 -0.0180709 -0.0435319 -0.0314418 -0.0423893 -0.0504554 -0.0335209 -0.0528213 -0.0559613 -0.0297274 -0.0101672 -0.0423442 -0.0547916 -0.0556974 -0.0503932 0.0525555 -0.062966
internal_weight=301.257 262.049 243.866 169.705 74.1611 153.664 42.7227 140.516 136.7 13.148 34.3882 133.117 54.6121 30.5863 13.7887 47.7769 24.2191 15.9907 16.7976 10.2102 78.505 23.5578 10.1561 8.22843 8.00197 72.3804 68.7422 19.1084 8.14751 15.5558
internal_count=2460 2064 1892 1302 590 1140 277 1045 1026 95 214 995 342 186 69 313 138 95 117 50 653 175 59 43 57 614 586 158 71 118
is_linear=0
shrinkage=0.05


Tree=29
num_leaves=31
num_cat=0
split_feature=31 5 17 15 11 17 6 8 38 15 39 7 36 38 36 7 30 35 2 0 31 30 35 31 0 36 35 36 30 30
split_gain=54.787 29.3055 37.4655 35.2204 39.1217 31.1708 17.9293 17.901 6.76245 6.25034 5.34551 3.56863 4.60665 2.30472 1.50427 1.4613 1.54226 1.37145 0.737845 1.22522 0.725159 0.591893 0.518195 0.676373 0.403976 0.555101 0.289577 1.22359 0.275062 0.506346
threshold=5.2036832726553373 1.0000000180025095e-35 1.0000000180025095e-35 1.0000000180025095e-35 1.0000000180025095e-35 1.0000000180025095e-35 1.5000000000000002 1.5000000000000002 1.5000000000000002 1.0000000180025095e-35 1.0000000180025095e-35 1.0000000180025095e-35 16.500000000000004 1.5000000000000002 24.500000000000004 1.0000000180025095e-35 11.314619380816618 11.500000000000002 1.5000000000000002 13.500000000000002 2.1647983306263359 9.1651273959638377 6.5000000000000009 2.054090377967555 10.500000000000002 26.500000000000004 6.5000000000000009 16.500000000000004 10.81427097002223 8.9458352425111318
decision_type=2 2 2 2 2 2 2 2 2 2 2 2 2 2 2 2 2 2 2 2 2 2 2 2 2 2 2 2 2 2
left_child=1 2 3 4 7 -3 9 11 -5 10 15 14 -13 -2 26 24 -17 18 19 20 -14 22 -20 -24 -7 -26 27 -1 29 -22
right_child=13 5 -4 8 -6 6 -8 -9 -10 -11 -12 12 17 -15 -16 16 -18 -19 21 -21 28 -23 23 -25 25 -27 -28 -29 -30 -31
leaf_value=-0.057445099125503968 0.057420713417653438 0.056058173286305357 0.055927521801246105 0.056477588377040838 0.055908852455656535 -0.035299426033479735 0.058880060697495476 0.070392014522143984 -0.004085333624324592 0.027572900814361763 0.019355177544987959 0.011016842958057169 -0.025997162872033221 0.011987108035875426 -0.029553174318562983 -0.0032720954327262854 -0.043546204414714046 -0.019213097616481274 -0.058441167561475965 -0.011945846178834478 -0.054723213257805083 -0.058254790875875623 -0.048204774552754771 -0.018091196443290113 -0.05907742243754241 -0.035286221719110777 -0.057312432773871005 -0.028575652526206807 -0.060714180958930102 -0.02860057462249653
leaf_weight=14.432774946093561 36.999839037656784 30.611104242503643 14.876191310584543 12.973625496029856 10.774987265467642 3.947688043117533 7.8680690154433242 3.3807836323976508 7.1492217928171149 4.9988790154457083 4.2733452171087256 4.6970181912183753 4.426553472876555 3.019046999514102 6.1848787218332282 4.38618006557226 5.1895738691091537 6.3720109313726416 3.3162495121359843 3.8942772746086112 4.6760508865118009 11.475746162235735 4.1658061742782593 3.375657707452774 10.396887339651583 3.2083547860383979 49.708190701901913 4.9219261929392806 3.8472800701856613 3.0748791918158531
leaf_count=128 376 319 157 132 114 29 62 17 39 30 32 19 23 22 40 27 27 30 27 24 27 96 30 23 78 19 447 38 27 21
internal_value=-0.000362154 -0.00897341 -0.0200278 -0.0269663 -0.0356974 0.0172636 -0.00956209 -0.043178 0.0349609 -0.0243559 -0.0326224 -0.0461643 -0.0362686 0.0539932 -0.0531766 -0.04081 -0.0250986 -0.0408363 -0.0440972 -0.0371009 -0.043214 -0.0503372 -0.041969 -0.0347255 -0.0493811 -0.053467 -0.0552922 -0.0501036 -0.0497849 -0.0443601
internal_weight=292.623 252.604 177.724 162.848 142.725 74.8801 44.269 131.95 20.1228 36.4009 31.402 128.569 53.3215 40.0189 75.2478 27.1287 9.57575 48.6245 42.2525 19.919 16.0248 22.3335 10.8577 7.54146 17.5529 13.6052 69.0629 19.3547 11.5982 7.75093
internal_count=2480 2082 1459 1302 1131 623 304 1017 171 242 212 1000 347 398 653 180 54 328 298 122 98 176 80 53 126 97 613 166 75 48
is_linear=0
shrinkage=0.05


Tree=30
num_leaves=31
num_cat=0
split_feature=38 11 5 17 17 15 6 8 29 30 7 36 39 15 35 29 36 36 33 0 36 0 38 29 30 29 29 36 36 35
split_gain=50.5175 31.0401 31.6861 38.9527 32.0717 22.3115 18.1409 17.2207 13.2261 4.10479 3.72718 4.36522 3.50213 2.92805 2.87018 2.75721 4.80848 1.49918 1.49422 1.02669 0.842248 1.60998 1.30167 0.741731 1.6599 0.589132 0.396372 0.803247 0.373833 0.273931
threshold=1.0000000180025095e-35 1.0000000180025095e-35 1.0000000180025095e-35 1.0000000180025095e-35 1.0000000180025095e-35 1.0000000180025095e-35 1.5000000000000002 1.5000000000000002 7.6838291415854068 10.892236965371575 1.0000000180025095e-35 16.500000000000004 1.0000000180025095e-35 1.0000000180025095e-35 11.500000000000002 3.0375270496321396 21.500000000000004 24.500000000000004 1.0000000180025095e-35 12.500000000000002 18.500000000000004 10.500000000000002 3.5000000000000004 3.5447213558571025 14.430035842780081 3.438811922224569 2.5467889716101815 22.500000000000004 21.500000000000004 10.500000000000002
decision_type=2 2 2 2 2 2 2 2 2 2 2 2 2 2 2 2 2 2 2 2 2 2 2 2 2 2 2 2 2 2
left_child=-1 2 3 5 -4 7 12 8 10 -7 17 -12 13 15 19 26 -17 18 -2 20 -13 -22 -23 24 29 -18 27 -6 -24 -21
right_child=1 -3 4 -5 6 9 -8 -9 -10 -11 11 14 -14 -15 -16 16 25 -19 -20 23 21 22 28 -25 -26 -27 -28 -29 -30 -31
leaf_value=0.055606104921072465 -0.05552442301154864 0.056604579034134642 0.055746795385710396 0.05560510908063724 -0.05849444516021645 0.050878941822389306 0.058408213685915013 0.068534516723705627 0.056859849844307468 -0.0019848340209985605 0.011520583772514633 -0.01571021695293974 0.015837369150437413 0.0097431561129149823 -0.0065843929242158043 0.027142213714388675 -0.028690350603594934 -0.027921485399884295 -0.014388395749668995 -0.058501440678452678 -0.070216954789055791 -0.0092630833610488402 -0.05903038976356878 -0.069187394007553443 -0.013536599332779467 -0.055976526022591705 -0.067339561956764563 -0.03047757472869075 -0.036725730261896287 -0.040451363893757752
leaf_weight=35.787914931774139 65.040936574339867 17.322882413864136 28.792477115988731 13.686795406043528 7.449772767722612 7.7334736883640272 7.3274808377027503 3.61338847875595 3.2868135198950759 6.9922346472740173 4.6910798549652091 4.1154976263642338 3.9688908606767646 3.376420095562934 5.9433657824993125 3.5560316741466504 3.8145132213830948 5.9385218918323508 2.2851061820983878 9.7826572731137293 3.6704372912645349 4.06694120168686 2.6717570647597295 4.7006628885865203 3.062427155673503 4.1091975271701813 3.9064375758171073 3.8963011801242828 6.3276875168085098 2.6771942153573027
leaf_count=395 602 177 313 151 63 74 60 19 31 33 19 23 30 15 28 19 22 39 18 81 19 25 21 37 20 22 23 25 45 21
internal_value=7.57818e-05 -0.00794381 -0.0127952 -0.0250638 0.0152186 -0.0325951 -0.0129641 -0.0391133 -0.042146 0.0257775 -0.0447498 -0.0344718 -0.0283108 -0.0341304 -0.0390605 -0.0396718 -0.0211625 -0.052004 -0.0541282 -0.0437596 -0.0359748 -0.0409578 -0.0327387 -0.0517866 -0.046517 -0.0428408 -0.0536028 -0.0488733 -0.0433475 -0.0546231
internal_weight=283.595 247.807 230.485 160.287 70.1975 146.6 41.405 131.874 128.261 14.7257 124.974 51.7097 34.0776 30.1087 47.0186 26.7323 11.4797 73.2646 67.326 41.0753 20.8523 16.7368 13.0664 20.2229 15.5223 7.92371 15.2525 11.3461 8.99944 12.4599
internal_count=2470 2075 1898 1306 592 1155 279 1048 1029 107 998 339 219 189 320 174 63 659 620 292 133 110 91 159 122 44 111 88 66 102
is_linear=0
shrinkage=0.05


Tree=31
num_leaves=31
num_cat=0
split_feature=31 39 15 5 11 18 8 6 38 7 0 7 29 36 30 38 36 2 29 29 5 0 36 0 38 38 21 29 13 35
split_gain=47.5326 26.526 29.425 33.0397 33.3551 29.0635 16.8586 16.781 11.4944 4.45784 3.70936 3.07831 2.22114 2.16249 2.04327 1.86818 1.42455 1.36342 1.25237 0.933333 0.886794 0.820522 0.686853 0.546241 0.503318 1.4663 0.417868 0.401699 0.697542 0.330348
threshold=5.2036832726553373 1.0000000180025095e-35 1.0000000180025095e-35 1.0000000180025095e-35 1.0000000180025095e-35 1.0000000180025095e-35 1.5000000000000002 1.5000000000000002 3.5000000000000004 1.0000000180025095e-35 11.500000000000002 1.0000000180025095e-35 1.6444966750710746 25.500000000000004 7.9383696242776152 1.5000000000000002 24.500000000000004 1.5000000000000002 3.438811922224569 2.5467889716101815 1.0000000180025095e-35 10.500000000000002 26.500000000000004 13.500000000000002 1.5000000000000002 2.5000000000000004 1.0000000180025095e-35 3.009344842060647 1.0000000180025095e-35 6.5000000000000009
decision_type=2 2 2 2 2 2 2 2 2 2 2 2 2 2 2 2 2 2 2 2 2 2 2 2 2 2 2 2 2 2
left_child=1 2 3 4 6 -5 9 11 24 16 12 21 -11 -13 -14 -2 29 18 19 -12 -3 -7 -23 -21 -4 -26 -22 28 -19 -1
right_child=15 20 8 5 -6 7 -8 -9 -10 10 17 13 14 -15 -16 -17 -18 27 -20 23 26 22 -24 -25 25 -27 -28 -29 -30 -31
leaf_value=-0.048473033418115589 0.056844555618657137 0.055301947088315317 0.057145482305997947 0.055291503366331457 0.055280062659881612 -0.028458248408723231 0.067380928458236428 0.057997491428352435 -0.029024678545323004 -0.03939126056063668 -0.017211467010756661 0.018168861555936618 0.024269185199539786 -0.029355322008457543 -0.022146427065214646 0.017566830744846367 -0.029331429091967766 -0.049539093917951235 -0.0096755999311053907 -0.062612750127862798 0.044556230473439644 -0.060343782172014998 -0.033330459153812254 -0.035174416521511043 0.021216874315052325 0.065526642781238806 0.016105933541923332 -0.058308476959204915 -0.019900227135873125 -0.056546202044883732
leaf_weight=17.502587541937828 32.950121201574802 13.695614621043207 14.290541864931589 22.933909147977829 9.762262359261511 4.298071131110194 3.5047804415225974 6.0135293975472441 5.5378071144223204 4.5963571667671195 3.1880491822957975 3.6451849862933177 5.1537776589393598 6.9718550145626068 4.3912751078605652 3.3336586877703658 6.2683628499507895 10.589968249201776 5.1613527834415427 3.8405832648277283 2.7096268758177748 9.6062859520316106 3.1165710538625708 3.4372889548540115 4.1440697833895674 3.3980443924665451 2.4645410999655724 7.835915893316268 2.4430862888693801 45.906236708164215
leaf_count=163 364 158 150 265 113 33 19 51 34 20 20 21 24 39 26 24 42 85 30 27 23 77 19 21 24 26 19 68 20 449
internal_value=-4.91314e-05 -0.00822729 -0.0131601 -0.0201365 -0.0337008 0.011885 -0.0407163 -0.0176971 0.0353116 -0.0438652 -0.0325755 -0.0341669 -0.0108355 -0.0130387 0.00291532 0.0532358 -0.0520699 -0.0409993 -0.0298315 -0.0397715 0.0486396 -0.0473459 -0.0537266 -0.0496538 0.0516303 0.0411803 0.0310049 -0.0493621 -0.0439832 -0.0543178
internal_weight=272.691 236.408 217.538 190.167 133.582 56.5854 123.82 33.6515 27.3705 120.315 50.6377 27.638 14.1414 10.617 9.54505 36.2838 69.6772 36.4962 15.6273 10.4659 18.8698 17.0209 12.7229 7.27787 21.8327 7.54211 5.17417 20.869 13.0331 63.4088
internal_count=2454 2066 1866 1632 1127 505 1014 240 234 995 341 189 70 60 50 388 654 271 98 68 200 129 96 48 200 50 42 173 105 612
is_linear=0
shrinkage=0.05


Tree=32
num_leaves=31
num_cat=0
split_feature=31 15 39 5 11 17 6 8 38 12 7 0 22 7 29 38 36 29 36 5 30 30 36 36 3 29 38 38 35 36
split_gain=44.2602 24.9951 29.2811 31.732 31.9634 28.1747 16.2258 13.0075 11.3263 10.8619 4.64511 4.32137 2.99014 2.94699 2.69636 2.02157 1.60131 1.5524 1.50401 1.42057 1.09558 1.03652 0.71371 1.13228 0.788583 0.668036 0.514621 1.82941 0.34439 1.38207
threshold=5.2036832726553373 1.0000000180025095e-35 1.0000000180025095e-35 1.0000000180025095e-35 1.0000000180025095e-35 1.0000000180025095e-35 1.5000000000000002 1.5000000000000002 3.5000000000000004 1.0000000180025095e-35 1.0000000180025095e-35 11.500000000000002 1.0000000180025095e-35 1.0000000180025095e-35 1.6444966750710746 1.5000000000000002 24.500000000000004 3.438811922224569 24.500000000000004 1.0000000180025095e-35 7.9383696242776152 9.1807601708548869 22.500000000000004 21.500000000000004 3.5000000000000004 3.1026927801673843 1.5000000000000002 2.5000000000000004 6.5000000000000009 16.500000000000004
decision_type=2 2 2 2 2 2 2 2 2 2 2 2 2 2 2 2 2 2 2 2 2 2 2 2 2 2 2 2 2 2
left_child=1 2 3 4 7 -5 9 10 26 12 18 14 -7 -14 -12 -2 22 21 28 -4 -16 -18 23 24 -13 -23 -3 -28 29 -1
right_child=15 8 19 5 -6 6 -8 -9 -10 -11 11 16 13 -15 20 -17 17 -19 -20 -21 -22 25 -24 -25 -26 -27 27 -29 -30 -31
leaf_value=-0.056335747851714781 0.056480860207058128 0.057113942756537167 0.055016698788770274 0.055006867277127329 0.054996104299235286 -0.059398187449257671 0.057473372593902054 0.065882694904401143 -0.026881593172446407 0.060418141208731235 -0.037780029069883307 -0.058466368767259191 -0.047874858360130772 0.0053745742657270211 0.026682342727169923 0.014401381313903991 -0.012259232306149151 0.0022578359297324292 -0.02764615755063083 0.023864861778314608 -0.0091212821901087288 -0.063892496536280541 -0.058804080559278077 -0.016192334657637326 -0.027657220668816474 -0.032028281892927321 0.017072480120051161 0.064720599812371646 -0.05618470652779476 -0.023578437828219986
leaf_weight=12.271671630442144 32.249768726527691 15.161806978285318 13.424988135695459 22.587334915995598 9.4980683550238592 14.002839587628847 5.9452848881483069 2.8140180706977835 5.7160959988832465 2.7564235404133788 4.5538582503795615 7.035843104124071 5.8236645907163602 4.6914272159337997 4.5382270067930204 3.1313634142279616 2.989757835865019 3.4965117648243895 6.0096994638442984 5.0310604423284522 4.0375564396381378 3.2494551464915276 9.3643335625529271 3.4634696543216696 2.9468630477786064 3.3310622945427895 3.9326274394988996 4.1300476491451263 44.029957845807076 4.3654364123940459
leaf_count=123 373 164 162 273 115 113 53 16 35 20 20 61 37 22 21 23 20 21 41 40 23 21 78 27 25 23 24 32 450 37
internal_value=0.000676818 -0.00729312 -0.0135119 -0.0195403 -0.0332583 0.0119225 -0.0173723 -0.0403322 0.0361683 -0.0336872 -0.0429159 -0.0312292 -0.044267 -0.024117 -0.00668579 0.0527567 -0.0402111 -0.0262545 -0.0515055 0.0465248 0.00982567 -0.0366715 -0.0482061 -0.0408253 -0.0493716 -0.0477628 0.0516864 0.0414799 -0.053869 -0.0477405
internal_weight=266.581 231.199 202.259 183.803 127.996 55.807 33.2196 118.498 28.9406 27.2744 115.684 49.0069 24.5179 10.5151 13.1296 35.3811 35.8773 13.0668 66.6768 18.456 8.57578 9.57028 22.8105 13.4462 9.98271 6.58052 23.2245 8.06268 60.6671 16.6371
internal_count=2493 2097 1842 1640 1122 518 245 1007 255 192 991 340 172 59 64 396 276 85 651 202 44 64 191 113 86 44 220 56 610 160
is_linear=0
shrinkage=0.05


Tree=33
num_leaves=31
num_cat=0
split_feature=2 11 5 17 17 15 6 8 29 18 30 15 35 7 36 29 2 36 36 33 36 0 7 36 2 35 36 35 36 30
split_gain=41.9218 26.3541 27.3985 35.0843 25.6284 17.1134 14.405 13.9125 10.5634 8.624 4.72504 4.34098 3.55467 3.10431 3.31018 2.79123 2.66951 1.71992 1.61846 1.287 1.05234 0.968409 0.604755 0.50301 0.412871 0.537575 1.44455 0.620376 0.675849 0.411488
threshold=1.0000000180025095e-35 1.0000000180025095e-35 1.0000000180025095e-35 1.0000000180025095e-35 1.0000000180025095e-35 1.0000000180025095e-35 1.5000000000000002 1.5000000000000002 7.6838291415854068 1.5000000000000002 10.892236965371575 1.0000000180025095e-35 12.500000000000002 1.0000000180025095e-35 17.500000000000004 3.814089410479828 1.5000000000000002 24.500000000000004 28.500000000000004 1.0000000180025095e-35 20.500000000000004 12.500000000000002 1.0000000180025095e-35 20.500000000000004 1.5000000000000002 6.5000000000000009 16.500000000000004 11.500000000000002 22.500000000000004 12.683032353141799
decision_type=2 2 2 2 2 2 2 2 2 2 2 2 2 2 2 2 2 2 2 2 2 2 2 2 2 2 2 2 2 2
left_child=-1 2 3 5 -4 7 9 8 12 11 -7 15 13 19 -15 18 17 20 22 24 -16 23 -6 -18 25 26 -2 -27 -29 -19
right_child=1 -3 4 -5 6 10 -8 -9 -10 -11 -12 -13 -14 14 16 -17 21 29 -20 -21 -22 -23 -24 -25 -26 27 -28 28 -30 -31
leaf_value=0.054736654868081325 -0.055981023673117969 0.055782930294783484 0.054980668777366182 0.054748152253624095 -0.060322543610548264 0.049409714217833633 0.057118960490109241 0.064873283458324396 0.055781347582838849 0.056879727969031492 -0.0096748734011949094 0.01673230756086776 0.017267270981912938 -0.0013014788476196908 -0.015856902272534109 0.00080205796261718476 -0.057164238252039451 -0.01924641053069312 -0.022966800235765389 -0.013000097390588723 -0.045997933981283816 -0.061513013487916816 -0.03761466759721975 -0.029072653839513015 -0.056651920514855431 -0.056619906328564146 -0.011845800400021584 -0.055821387960832983 -0.017625383047660325 0.0043267882626435317
leaf_weight=30.809367172420025 4.292420074343684 15.352369323372839 24.853100441396236 12.910503476858137 12.233815260231511 7.1951117664575559 6.5832872912287703 3.2237193733453742 2.785296916961669 2.9765800237655631 6.3878238052129745 3.8726714104413977 2.4129006192088118 6.4980543404817572 3.9944780766963985 3.5629975274205199 2.3910787105560329 3.9258808568119994 5.2752924636006346 2.1165824756026259 10.529392562806605 12.445685014128683 3.8562208265066138 4.7775913253426552 31.474784895777702 17.673013739287857 3.2635581642389297 2.2399835363030425 2.3978718295693398 3.5030896961688995
leaf_count=390 45 177 306 163 102 78 61 19 30 28 31 18 16 28 25 21 22 22 29 18 71 113 21 37 335 177 28 24 19 20
internal_value=3.73193e-05 -0.00745252 -0.0120831 -0.0239589 0.0154278 -0.0315688 -0.0101976 -0.0375924 -0.0404224 -0.0241434 0.0216232 -0.0325171 -0.0427742 -0.0440733 -0.0344882 -0.0401681 -0.0396761 -0.027699 -0.0470005 -0.0513334 -0.0377083 -0.0530812 -0.0548803 -0.0384425 -0.052656 -0.048445 -0.0369183 -0.0523488 -0.0360732 -0.0081306
internal_weight=255.815 225.005 209.653 146.439 63.214 133.528 38.3609 119.945 116.722 31.7776 13.5829 28.801 113.936 111.523 48.0653 24.9283 41.5672 21.9528 21.3653 63.4582 14.5239 19.6144 16.09 7.16867 61.3416 29.8668 7.55598 22.3109 4.63786 7.42897
internal_count=2474 2084 1907 1321 586 1158 280 1049 1030 219 109 191 1000 984 338 173 310 138 152 646 96 172 123 59 628 293 73 220 43 42
is_linear=0
shrinkage=0.05


Tree=34
num_leaves=31
num_cat=0
split_feature=31 15 39 5 11 17 8 38 7 36 38 2 38 36 35 5 13 36 38 38 38 29 36 36 29 35 30 2 29 29
split_gain=40.6101 20.9013 24.0404 27.7573 28.0627 25.0677 14.4551 8.38098 3.88761 6.19389 3.24983 2.19351 1.85274 1.63249 1.62249 1.57215 1.30592 0.987136 2.40647 0.932694 2.32564 0.694446 1.89687 1.02606 0.703017 0.670635 0.650093 0.59796 0.489397 0.99479
threshold=5.2036832726553373 1.0000000180025095e-35 1.0000000180025095e-35 1.0000000180025095e-35 1.0000000180025095e-35 1.0000000180025095e-35 1.5000000000000002 3.5000000000000004 1.0000000180025095e-35 16.500000000000004 2.5000000000000004 1.5000000000000002 1.5000000000000002 24.500000000000004 11.500000000000002 1.0000000180025095e-35 1.0000000180025095e-35 23.500000000000004 1.5000000000000002 1.5000000000000002 2.5000000000000004 2.4860854977526912 22.500000000000004 24.500000000000004 1.9758354613039071 8.5000000000000018 12.075631763183873 1.5000000000000002 3.3300921486066026 3.5447213558571025
decision_type=2 2 2 2 2 2 2 2 2 2 2 2 2 2 2 2 2 2 2 2 2 2 2 2 2 2 2 2 2 2
left_child=1 2 3 4 6 -5 8 19 13 -10 11 17 -2 -1 21 -4 26 18 25 -3 -21 22 24 28 -11 -7 -12 -25 -23 -30
right_child=12 7 15 5 -6 10 -8 -9 9 14 16 -13 -14 -15 -16 -17 -18 -19 -20 20 -22 23 -24 27 -26 -27 -28 -29 29 -31
leaf_value=-0.053011549041658328 0.055922312602133054 0.056328159589563866 0.054495189096433749 0.054485376635142295 0.05447219309504258 -0.0085296424797201547 0.064154013153046904 -0.021603413305409477 0.023426600278654272 -0.02781690108420239 0.0056329632339122441 -0.053804790300845333 0.016032333294402203 -0.024740612602441252 -0.012918614255952475 0.019603481456917652 0.021770408261474514 -0.041497208619134938 0.031994371279372415 0.0091867997461853677 0.063068410175629169 -0.059012995445707185 -0.052076372371134987 -0.013798968457678241 0.0043153220887642276 -0.043259404739030768 -0.022709854418451046 -0.043851522130910064 -0.015359856406355968 -0.058091277128096891
leaf_weight=55.418401099741459 29.633871339261532 13.080447778105741 11.655263110995294 20.548407673835754 8.6663983017206174 2.6683971360325867 3.300056740641593 5.4208254367113105 4.6600963026285163 3.9806972295045835 3.5766426175832731 6.5179094746708861 3.2279806807637206 5.6245870143175116 5.8828611224889746 4.4652700647711745 5.1138785779476157 3.0643371865153304 2.5539353564381599 4.2321906760334951 3.8014525696635246 11.154583685100084 6.222140908241272 3.1229703426361075 2.974027507007122 2.9014548286795616 4.6579768657684326 3.5217510163784027 2.2721250280737868 3.4002243280410767
leaf_count=606 376 155 154 272 115 21 20 34 19 28 30 64 24 40 29 37 33 21 19 26 33 99 47 21 20 23 34 30 18 31
internal_value=0.000245321 -0.00768572 -0.0135512 -0.0190292 -0.0321973 0.011644 -0.0389317 0.0338543 -0.0420748 -0.0312973 -0.0167036 -0.0307477 0.052004 -0.0504066 -0.0372934 0.0448304 0.00192504 -0.0173153 -0.00819373 0.0480925 0.0346831 -0.041206 -0.03202 -0.046363 -0.0140763 -0.0266211 -0.0103994 -0.029727 -0.0529323 -0.0409747
internal_weight=247.321 214.459 187.924 171.804 120.201 51.6029 111.535 26.5349 108.234 47.1915 31.0545 17.706 32.8619 61.043 42.5314 16.1205 13.3485 11.1881 8.12379 21.1141 8.03364 36.6485 13.1769 23.4717 6.95472 5.56985 8.23462 6.64472 16.8269 5.67235
internal_count=2479 2079 1831 1640 1123 517 1008 248 988 342 245 148 400 646 323 191 97 84 63 214 59 294 95 199 48 44 64 51 148 49
is_linear=0
shrinkage=0.05


Tree=35
num_leaves=31
num_cat=0
split_feature=31 5 17 15 11 17 6 8 38 7 39 15 7 0 21 36 35 36 2 36 0 35 35 36 7 29 13 29 0 35
split_gain=41.1399 21.2801 26.1499 25.3144 26.6585 21.0641 12.4269 11.724 5.14362 2.82665 2.70312 3.43068 3.60532 2.68686 1.8371 1.74243 1.7199 1.25452 0.868506 0.878816 0.677273 0.483705 0.659346 0.297941 0.316835 0.261767 1.01007 0.22848 0.243397 0.183505
threshold=5.2036832726553373 1.0000000180025095e-35 1.0000000180025095e-35 1.0000000180025095e-35 1.0000000180025095e-35 1.0000000180025095e-35 1.5000000000000002 1.5000000000000002 1.5000000000000002 1.0000000180025095e-35 1.0000000180025095e-35 1.0000000180025095e-35 1.0000000180025095e-35 11.500000000000002 1.0000000180025095e-35 24.500000000000004 10.500000000000002 18.500000000000004 1.5000000000000002 26.500000000000004 10.500000000000002 10.500000000000002 8.5000000000000018 23.500000000000004 1.0000000180025095e-35 3.009344842060647 1.0000000180025095e-35 2.9057986818614658 11.500000000000002 5.5000000000000009
decision_type=2 2 2 2 2 2 2 2 2 2 2 2 2 2 2 2 2 2 2 2 2 2 2 2 2 2 2 2 2 2
left_child=1 2 3 4 7 -3 10 9 -5 15 11 12 20 17 -10 29 -14 -11 19 21 -7 22 -15 -2 -25 26 -20 28 -22 -1
right_child=23 5 -4 8 -6 6 -8 -9 14 13 -12 -13 16 18 -16 -17 -18 -19 25 -21 27 -23 -24 24 -26 -27 -28 -29 -30 -31
leaf_value=-0.04333393182243836 0.05621913414089974 0.054511324581322088 0.054256773028885596 0.054727763860864476 0.054235099840142346 -0.028184033268307304 0.056714933980257676 0.062983172259824055 -0.022177675565372146 0.0017555678513715555 0.021395276258164717 0.015020431982753234 -0.024435001598990678 -0.047150767358746834 0.02736166040604714 -0.02397105311895259 0.019278402186035437 -0.029563223595119412 -0.051759132104461827 -0.011291835476162757 -0.055951237420919286 -0.053193348958478839 -0.016005391087382092 0.023553190291170426 0.054543999827909376 -0.056882071523902504 -0.01344029879976253 -0.061416178152022133 -0.036107730840919727 -0.054359995412509438
leaf_weight=4.1001969873905173 26.884790353477005 22.847680002450943 11.278915375471113 9.8692002594470996 7.9908997267484656 3.5933880060911223 6.589313216507434 2.666542336344718 4.1906737536191931 6.1684599220752698 3.7430532425642005 4.7584825754165641 5.7756081819534302 3.3714820668101293 3.3814930096268654 5.5404852479696265 3.6863539069890976 6.6387491673231125 8.8284437656402606 3.6506839469075194 3.3792658746242505 4.1026845946907997 3.426100380718708 1.5218688473105422 1.8003594949841499 6.6267785876989356 2.135792911052703 4.7736886739730835 2.847433514893055 47.363734595477581
leaf_count=46 343 307 156 131 111 31 64 17 24 28 32 31 35 25 19 40 21 38 82 22 39 27 26 19 24 67 19 35 22 541
internal_value=2.70601e-05 -0.00806177 -0.0187749 -0.0251087 -0.0337902 0.0163615 -0.00590437 -0.0405136 0.0309439 -0.0432205 -0.018578 -0.0237706 -0.0314439 -0.0338449 -5.49565e-05 -0.0506133 -0.00740438 -0.0144789 -0.0415614 -0.0325245 -0.0470301 -0.0396357 -0.031453 0.0544735 0.0403475 -0.0490366 -0.0442948 -0.0531863 -0.0468769 -0.0534815
internal_weight=233.533 203.326 141.331 130.052 112.611 61.9943 39.1466 104.62 17.4414 101.954 32.5573 28.8142 24.0557 44.9492 7.57217 57.0044 9.46196 12.8072 32.142 14.551 14.5938 10.9003 6.79758 30.207 3.32223 17.591 10.9642 11.0004 6.2267 51.4639
internal_count=2422 2036 1419 1263 1089 617 310 978 174 961 246 214 183 334 43 627 56 66 268 100 127 78 51 386 43 168 101 96 61 587
is_linear=0
shrinkage=0.05


Tree=36
num_leaves=31
num_cat=0
split_feature=31 5 17 15 11 17 8 6 11 15 39 30 7 36 21 36 7 0 13 2 36 36 36 30 29 30 36 36 31 30
split_gain=39.438 22.3834 24.7619 22.1662 24.6668 17.6758 11.5837 10.3403 6.28681 5.0825 6.42451 3.79183 3.7803 4.06141 3.49646 2.2885 2.06955 2.05808 1.44355 1.2433 1.42457 1.27029 0.829883 0.776131 0.496404 0.360644 0.786663 0.291504 0.353031 0.205957
threshold=5.2036832726553373 1.0000000180025095e-35 1.0000000180025095e-35 1.0000000180025095e-35 1.0000000180025095e-35 1.0000000180025095e-35 1.5000000000000002 1.5000000000000002 1.0000000180025095e-35 1.0000000180025095e-35 1.0000000180025095e-35 10.892236965371575 1.0000000180025095e-35 16.500000000000004 1.0000000180025095e-35 24.500000000000004 1.0000000180025095e-35 11.500000000000002 1.0000000180025095e-35 1.5000000000000002 26.500000000000004 22.500000000000004 26.500000000000004 6.9364134982229055 3.009344842060647 8.5850002514866244 23.500000000000004 23.500000000000004 9.4608080095331122 13.290320326429251
decision_type=2 2 2 2 2 2 2 2 2 2 2 2 2 2 2 2 2 2 2 2 2 2 2 2 2 2 2 2 2 2
left_child=1 2 3 4 6 -3 12 8 9 10 16 24 15 -14 -13 -1 22 23 -18 20 21 -19 -7 -15 -5 26 -21 -2 -29 -23
right_child=27 5 -4 11 -6 7 -8 -9 -10 -11 -12 14 13 17 -16 -17 18 19 -20 25 -22 29 -24 -25 -26 -27 -28 28 -30 -31
leaf_value=-0.053201459178866664 0.055951683732736096 0.054215990946545473 0.05403197361991316 0.054769964230265568 0.054011522951789792 -0.058062115308468158 0.062483371580481208 0.056395509135795066 0.059376818656068232 0.028570258464231099 0.035818155688966048 -0.039548353016197448 0.010986665909956365 -0.0017307545024673463 0.031681812943264873 -0.016453011613747005 -0.03926446424685294 -0.017903352252793783 0.0040325662039675291 -0.056084613216219041 -0.0067189429802378122 -0.062852628195353727 -0.027441822029101122 -0.030314198914256137 0.024058201428434327 -0.056851801339477176 -0.021239160484403496 0.02175300394575231 0.054323641324924357 -0.044746016400645766
leaf_weight=51.342153243720531 26.473299838602546 21.733068019151688 10.91045196354389 8.0647312030196208 7.7006026506423941 10.627193421125424 2.7544788867235175 6.2415336221456519 2.6678552925586692 4.4062189906835547 3.2375731244683257 2.9880802109837523 5.1535352617502204 4.8623668998479825 4.0686956644058228 4.6175873279571524 4.1596515402197829 3.641879655420782 3.5836377292871475 4.0336103811860111 4.1811013817787162 3.5824240520596504 2.794685646891593 4.6423428654670715 1.5722287595272053 10.723940543830393 2.7065142765641212 1.4533396214246741 1.9458441734313965 2.7964743971824646
leaf_count=611 354 308 158 108 112 101 18 63 21 30 30 19 21 23 28 34 26 29 17 42 25 26 19 30 19 109 23 19 27 19
internal_value=0.000597957 -0.00741369 -0.0183062 -0.0244039 -0.0323661 0.0182995 -0.0386986 -0.00239538 -0.014053 -0.020853 -0.029777 0.0293679 -0.0414234 -0.0308586 0.00152052 -0.0501691 -0.0398109 -0.0360965 -0.0192264 -0.0422212 -0.0312346 -0.0414636 -0.0516864 -0.0156916 0.0497595 -0.0511555 -0.0420923 0.0541818 0.0403979 -0.0549148
internal_weight=229.667 199.795 140.343 129.433 112.739 59.4514 105.038 37.7183 31.4768 28.809 24.4027 16.6937 102.284 46.3242 7.05678 55.9597 21.1652 41.1707 7.74329 31.6659 14.2019 10.0208 13.4219 9.50471 9.63696 17.4641 6.74012 29.8725 3.39918 6.3789
internal_count=2469 2069 1454 1296 1122 615 1010 307 244 223 193 174 992 347 47 645 163 326 43 273 99 74 120 53 127 174 65 400 46 45
is_linear=0
shrinkage=0.05


Tree=37
num_leaves=31
num_cat=0
split_feature=37 11 39 5 17 15 6 8 29 7 36 32 35 13 32 35 37 32 33 0 29 36 36 35 36 35 38 29 29 36
split_gain=32.62 21.2197 21.4974 25.9448 22.068 13.4714 12.4844 10.6361 7.64406 5.22851 4.63134 4.2154 3.56488 3.11287 2.44515 2.23512 1.97116 1.29551 1.24384 1.19107 1.14257 0.979549 0.795476 0.480113 1.68312 0.411049 0.405161 0.701067 0.33014 0.315776
threshold=1.0000000180025095e-35 1.0000000180025095e-35 1.0000000180025095e-35 1.0000000180025095e-35 1.0000000180025095e-35 1.0000000180025095e-35 1.5000000000000002 1.5000000000000002 7.6838291415854068 1.0000000180025095e-35 16.500000000000004 11.493068130722984 11.500000000000002 1.0000000180025095e-35 12.580775637471541 9.5000000000000018 1.5000000000000002 14.430035842780081 1.0000000180025095e-35 12.500000000000002 1.7580705148130871 25.500000000000004 24.500000000000004 6.5000000000000009 16.500000000000004 6.5000000000000009 2.5000000000000004 3.009344842060647 3.6127552040097792 22.500000000000004
decision_type=2 2 2 2 2 2 2 2 2 2 2 2 2 2 2 2 2 2 2 2 2 2 2 2 2 2 2 2 2 2
left_child=-1 2 3 5 -5 7 13 8 9 18 -11 25 16 14 -6 -15 17 20 22 -18 -12 -4 23 24 -2 -7 27 -22 -21 -28
right_child=1 -3 21 4 6 11 -8 -9 -10 10 12 -13 -14 15 -16 -17 19 -19 -20 28 26 -23 -24 -25 -26 -27 29 -29 -30 -31
leaf_value=0.053832605051271347 -0.054834516784825538 0.054914236687578138 0.052011238076458667 0.054046196727688636 -0.053137327950757235 0.027905489644828748 0.056022141828411344 0.061880802777858505 0.054628559662192891 0.021077209115432927 -0.0053101070452404864 -0.010026735289611566 0.0044232138697251197 -0.032281558593230175 0.0018589732537454707 0.0092027479751119103 -0.032335181174372771 -0.00059586583091668756 -0.0065830127204033768 -0.055853282534430983 -0.063329549753109546 0.011069169503040922 -0.03219373002164256 -0.055450864756488687 -0.015221460863811764 0.056281690763260644 -0.015612760369717413 -0.031805440213570277 -0.077321877765283195 -0.040436946749757591
leaf_weight=25.876000076532364 10.204759046435354 13.410703890025614 13.217537067830561 20.774216182529926 11.049051791429518 1.7362767457962016 5.5780023932456961 2.8180142641067496 2.2475312650203696 4.6763230115175238 2.9616403728723553 5.7027494460344315 5.9241590201854697 5.7710031047463417 2.4735057055950174 7.4237769395112991 5.7900964170694342 3.817854404449462 1.6825390234589566 7.8918430879712087 3.5611648261547071 1.6424598172307003 5.4833444207906714 34.442641377449036 3.6372814774513236 4.816495381295681 2.3231778666377068 3.4940996617078781 2.3163308054208755 2.8558402955532074
leaf_count=392 127 182 185 306 106 20 59 19 29 19 14 28 30 35 14 40 54 26 16 87 23 17 41 437 36 58 19 26 25 25
internal_value=0.00101131 -0.00583214 -0.0102046 -0.0152047 0.0138453 -0.0282273 -0.0120143 -0.0339589 -0.0365732 -0.0386014 -0.0260621 0.0214069 -0.031447 -0.0262188 -0.0430776 -0.00894125 -0.0375164 -0.026634 -0.048916 -0.05045 -0.0331758 0.047486 -0.0502407 -0.0522901 -0.0444254 0.0487629 -0.0399215 -0.0477173 -0.0607247 -0.0293014
internal_weight=225.6 199.724 186.314 171.454 53.0696 118.384 32.2953 106.129 103.311 101.063 45.6125 12.2555 40.9362 26.7173 13.5226 13.1948 35.012 19.0138 55.4506 15.9983 15.1959 14.86 53.768 48.2847 13.842 6.55277 12.2343 7.05526 10.2082 5.17902
internal_count=2495 2103 1921 1719 560 1159 254 1053 1034 1005 348 106 329 195 120 75 299 133 657 166 107 202 641 600 163 78 93 49 112 44
is_linear=0
shrinkage=0.05


Tree=38
num_leaves=31
num_cat=0
split_feature=31 39 5 17 11 15 38 6 7 15 35 7 38 35 0 5 30 38 38 30 35 30 35 38 3 0 35 30 29 38
split_gain=31.4561 16.2529 20.1264 19.0891 18.1943 21.1092 14.986 10.383 7.74364 4.40472 3.21168 2.561 2.22274 2.02002 1.74624 1.62975 1.16324 0.865105 0.74554 1.23383 1.24034 1.85128 0.649105 1.00211 0.619525 0.515464 0.428877 0.793913 2.59943 0.41514
threshold=5.2036832726553373 1.0000000180025095e-35 1.0000000180025095e-35 1.0000000180025095e-35 1.0000000180025095e-35 1.0000000180025095e-35 3.5000000000000004 1.5000000000000002 1.0000000180025095e-35 1.0000000180025095e-35 11.500000000000002 1.0000000180025095e-35 1.5000000000000002 10.500000000000002 11.500000000000002 1.0000000180025095e-35 6.7969257976498705 1.5000000000000002 4.5000000000000009 12.683032353141799 9.5000000000000018 8.5850002514866244 11.500000000000002 3.5000000000000004 3.5000000000000004 10.500000000000002 6.5000000000000009 7.9383696242776152 2.773112293567868 3.5000000000000004
decision_type=2 2 2 2 2 2 2 2 2 2 2 2 2 2 2 2 2 2 2 2 2 2 2 2 2 2 2 2 2 2
left_child=1 2 4 -4 5 8 17 9 22 11 14 25 -2 -13 16 -3 -10 -7 24 20 -20 -22 26 -24 -16 -5 27 -1 -29 -27
right_child=12 15 3 7 -6 6 -8 -9 10 -11 -12 13 -14 -15 18 -17 -18 -19 19 -21 21 -23 23 -25 -26 29 -28 28 -30 -31
leaf_value=-0.054787825507963565 0.055103555558764117 0.053635785341338005 0.05382605367146516 -0.024852731302698963 0.053607561000035865 0.054252498069625447 -0.097805784686644318 0.055676052418083703 0.0039694968141555697 0.023492718582774335 0.010259269114604246 -0.02732581577978422 0.0078811925059126368 0.019329578667672292 -0.052678113093234363 0.017651771471562504 -0.026106100409203466 0.028462517699890541 -0.046839943639400874 -0.0026950335038913266 0.013131055319148986 -0.047084914709999155 -0.054450914026666346 -0.017073244230484778 -0.023933968047976723 -0.054953655595053587 -0.054827750264332009 0.012982710560319419 -0.055339998978441031 -0.034323435740748615
leaf_weight=7.8083839491009694 24.325160011649135 10.425725653767584 19.289482466876507 3.08408804237843 7.3400246277451506 8.6955142766237277 2.130586326122283 5.3204463049769393 6.1810927763581258 4.7663880214095107 6.8446286842226973 6.1166873574256897 2.7763216048479071 3.7377159893512726 7.1561546176672 4.5067889168858519 6.6998341158032417 5.1939391940832129 8.3283174633979815 3.8077562749385825 2.6787132173776618 2.4382040053606033 3.5199823901057234 3.6553821489214897 2.5398924946784973 7.2371194139122945 31.408455803990364 2.1806013658642769 3.8503020107746124 3.6777154579758644
leaf_count=99 366 165 298 29 117 129 9 59 29 32 37 38 22 22 59 41 40 33 94 39 23 26 47 33 19 74 404 24 45 28
internal_value=-0.000137317 -0.00730344 -0.0115599 0.0141085 -0.0227174 -0.0275839 0.025668 -0.00846443 -0.0361926 -0.0203882 -0.02138 -0.0291566 0.050266 -0.0096297 -0.026817 0.0427754 -0.0116739 0.0446084 -0.034055 -0.0278206 -0.0349363 -0.0155618 -0.0493809 -0.0354094 -0.0451485 -0.0429023 -0.0515965 -0.0442631 -0.0306365 -0.0480024
internal_weight=217.721 190.62 175.687 53.2296 122.458 115.118 16.02 33.9402 99.0977 28.6197 46.6746 23.8533 27.1015 9.8544 39.83 14.9325 12.8809 13.8895 26.949 17.253 13.4452 5.11692 52.4231 7.17536 9.69605 13.9989 45.2477 13.8393 6.0309 10.9148
internal_count=2480 2092 1886 580 1306 1189 171 282 1018 223 366 191 388 60 329 206 69 162 260 182 143 49 652 80 78 131 572 168 69 102
is_linear=0
shrinkage=0.05


Tree=39
num_leaves=31
num_cat=0
split_feature=2 11 5 17 17 15 6 8 18 31 7 15 36 30 38 4 2 30 36 31 31 33 36 31 30 7 30 30 36 30
split_gain=31.082 19.8873 19.6403 22.2517 19.5621 12.9236 11.3058 9.83647 7.04125 6.97805 5.11494 3.61715 3.14459 2.8864 2.84468 2.72151 2.01181 1.8694 1.33452 1.29781 1.23206 1.19733 1.26276 1.14412 0.804666 0.725075 0.264434 0.224107 0.194749 0.119327
threshold=1.0000000180025095e-35 1.0000000180025095e-35 1.0000000180025095e-35 1.0000000180025095e-35 1.0000000180025095e-35 1.0000000180025095e-35 1.5000000000000002 1.5000000000000002 1.5000000000000002 7.4446138188815985 1.0000000180025095e-35 1.0000000180025095e-35 16.500000000000004 16.350326742085048 1.5000000000000002 2.5000000000000004 1.5000000000000002 9.1651273959638377 24.500000000000004 3.1385506848250149 1.8505551827656268 1.0000000180025095e-35 26.500000000000004 2.1647983306263359 10.748367880957076 1.0000000180025095e-35 13.718443147391275 15.975363800943597 23.500000000000004 13.433586717681017
decision_type=2 2 2 2 2 2 2 2 2 2 2 2 2 2 2 2 2 2 2 2 2 2 2 2 2 2 2 2 2 2
left_child=-1 2 3 5 -4 7 8 9 11 10 21 13 -12 15 -7 25 18 20 23 -20 28 22 27 -14 -25 -6 -19 -2 -18 -26
right_child=1 -3 4 -5 6 14 -8 -9 -10 -11 12 -13 16 -15 -16 -17 17 26 19 -21 -22 -23 -24 24 29 -27 -28 -29 -30 -31
leaf_value=0.053444239179557623 -0.052448773876851443 0.054636450578362007 0.053639161551950587 0.053445008837301716 -0.058521260706909543 0.054534410433677488 0.055417054551123834 0.06145229478029185 0.055647236380995238 0.054146017762791911 0.01007980613198857 0.018848061992212475 -0.0068886182715055455 0.010887828358096785 0.002494855084584224 0.0055648956657750014 -0.055605327799383243 -0.055787628333532471 -0.024630070825959763 0.018391883673825556 -0.006835021002125307 -0.0088691108853119066 -0.014948506599646028 -0.051888744773055662 -0.016555796130452674 -0.037155746641852054 -0.075228975896865918 -0.072468203093986369 -0.034943096291417612 -0.030932865827515012
leaf_weight=23.819697380065918 45.675629019737244 12.141587004065512 19.451035778969526 8.8639870658516866 11.097597591578976 4.2120523788034898 5.6440873742103568 2.5971040204167357 2.6436446756124488 2.0491597503423682 5.1499777585268012 3.2990354001522055 3.9931310862302807 2.7376671656966201 6.9742997735738754 2.4369785115122786 2.3483838960528391 5.5306483507156354 3.6058817133307448 3.411352664232254 3.7297113612294197 1.7202168703079213 2.2783691957592955 5.4578453674912435 2.3189469948410988 6.1835996359586707 2.5580291599035263 1.4420900642871846 2.2170271649956703 3.8218235075473785
leaf_count=396 607 177 314 147 112 62 65 18 29 29 21 16 22 15 40 15 26 66 22 19 35 17 18 40 19 36 26 16 20 30
internal_value=-0.00032517 -0.00722621 -0.0115566 -0.0227923 0.0136385 -0.0288753 -0.00921675 -0.0345818 -0.0220624 -0.0371449 -0.0391087 -0.0300391 -0.026641 -0.0372212 0.0220896 -0.0439006 -0.0314909 -0.0448324 -0.0218228 -0.00371541 -0.0281545 -0.0498755 -0.0513035 -0.0299723 -0.0379194 -0.0508762 -0.0619359 -0.0530615 -0.0455715 -0.0255036
internal_weight=209.411 185.591 173.449 119.956 53.4936 111.092 34.0426 99.9053 28.3985 97.3082 95.2591 25.7549 44.1428 22.4558 11.1864 19.7182 38.9928 16.3838 22.609 7.01723 8.29512 51.1163 49.3961 15.5917 11.5986 17.2812 8.08868 47.1177 4.56541 6.14077
internal_count=2475 2079 1902 1300 602 1153 288 1051 223 1033 1004 194 346 178 102 163 325 173 152 41 81 658 641 111 89 148 92 623 46 49
is_linear=0
shrinkage=0.05


Tree=40
num_leaves=31
num_cat=0
split_feature=2 11 5 17 17 15 6 29 7 18 0 38 13 29 32 36 35 7 32 35 38 36 36 32 32 29 3 38 2 0
split_gain=28.7103 18.7461 17.586 22.1701 17.4895 10.5631 9.22897 8.91323 7.46446 6.18593 3.52373 3.04817 2.33539 2.87558 2.63916 2.28135 1.96463 1.63326 1.62742 1.11551 1.02687 0.994454 0.724567 0.691677 0.663033 1.61865 0.944944 0.333361 0.30665 0.373402
threshold=1.0000000180025095e-35 1.0000000180025095e-35 1.0000000180025095e-35 1.0000000180025095e-35 1.0000000180025095e-35 1.0000000180025095e-35 1.5000000000000002 5.3997877885463827 1.0000000180025095e-35 1.5000000000000002 11.500000000000002 1.5000000000000002 1.0000000180025095e-35 3.814089410479828 14.827976399610218 24.500000000000004 6.5000000000000009 1.0000000180025095e-35 10.483253181921015 8.5000000000000018 4.5000000000000009 26.500000000000004 22.500000000000004 6.9364134982229055 9.0004091861251769 2.8636420052419664 3.5000000000000004 4.5000000000000009 1.5000000000000002 12.500000000000002
decision_type=2 2 2 2 2 2 2 2 2 2 2 2 2 2 2 2 2 2 2 2 2 2 2 2 2 2 2 2 2 2
left_child=-1 2 3 5 -4 7 9 8 21 12 16 -7 13 27 17 22 -10 -14 -17 -13 -20 28 24 -18 -12 -26 -27 -6 29 -2
right_child=1 -3 4 -5 6 11 -8 -9 10 -11 15 19 14 -15 -16 18 23 -19 20 -21 -22 -23 -24 -25 25 26 -28 -29 -30 -31
leaf_value=0.053265404685101894 -0.042167219394751071 0.054399831588269935 0.053458344238112979 0.053265190243805396 -0.057926900617430527 0.054361246966389366 0.0551381947641605 0.056227342664854844 -0.024946548717419241 0.055341584380456992 -0.049643947210444919 0.017545563147434984 -0.014889164598801472 0.0097517240248618173 -0.042694405383772893 0.010771745927947753 0.029135133200977933 0.029444249699351395 -0.043633209687866166 -0.021489468859540974 -0.0082413268588916073 -0.018737832600492412 -0.053702691077015946 -0.00097200904952884904 0.013436318872339837 -0.059597872540141386 -0.016133801824135634 -0.034762075811556006 -0.055045419574561522 -0.055551150633496943
leaf_weight=22.620048314332962 14.637099333107473 11.779680028557776 17.881057303398848 9.0911053791642171 8.1940567120909709 3.79393347725272 4.9103574752807608 2.6894403472542754 4.4268594011664373 2.5282496213912955 3.9612588360905701 3.8882140964269638 4.7111930772662145 2.1822269484400758 4.5205165967345247 4.4307500943541518 4.6158653646707535 3.7161384522914886 4.3147563561797124 3.4578995034098625 3.9037795662879944 2.5028845518827429 7.1503681242465964 3.2514544576406479 2.0429242551326752 2.6838817968964577 2.3414673879742622 1.9163030683994282 23.887258388102055 8.0925881564617139
leaf_count=394 200 180 302 158 88 58 59 34 22 29 45 24 32 13 23 34 23 17 26 18 35 20 77 22 20 27 25 14 344 96
internal_value=0.000214071 -0.00654649 -0.0108786 -0.0216707 0.0137033 -0.0280932 -0.00804958 -0.0334982 -0.0361142 -0.0192231 -0.0209342 0.0179672 -0.026692 -0.0423011 -0.0118728 -0.0299599 0.00169906 0.00466022 -0.0136539 -0.000828672 -0.0268222 -0.0494412 -0.0413054 0.0166923 -0.0332683 -0.0240909 -0.0393466 -0.0535363 -0.0510896 -0.0469324
internal_weight=200.124 177.504 165.724 115.164 50.5601 106.073 32.679 94.9326 92.2432 27.7687 43.1234 11.14 25.2404 12.2926 12.9478 30.8292 12.2942 8.42733 12.6493 7.34611 8.21854 49.1198 18.1799 7.86732 11.0295 7.06827 5.02535 10.1104 46.6169 22.7297
internal_count=2459 2065 1885 1308 577 1150 275 1050 1016 216 356 100 187 115 72 289 67 49 95 42 61 660 194 45 117 72 52 102 640 296
is_linear=0
shrinkage=0.05


Tree=41
num_leaves=31
num_cat=0
split_feature=31 11 15 39 5 17 6 8 38 7 36 36 5 36 36 30 29 36 29 2 38 36 38 7 29 0 30 30 29 2
split_gain=28.6166 13.7513 14.3056 17.7307 17.3138 21.082 11.1252 9.62929 9.38711 4.00807 2.58878 1.81643 1.70627 1.5622 1.41954 1.98193 1.16332 2.23386 2.02264 1.12011 1.04208 2.8462 0.98838 0.970174 0.439834 0.79603 0.423184 0.277585 1.17154 2.51874
threshold=5.2036832726553373 1.0000000180025095e-35 1.0000000180025095e-35 1.0000000180025095e-35 1.0000000180025095e-35 1.0000000180025095e-35 1.5000000000000002 1.5000000000000002 3.5000000000000004 1.0000000180025095e-35 16.500000000000004 24.500000000000004 1.0000000180025095e-35 27.500000000000004 24.500000000000004 10.483253181921015 2.4860854977526912 22.500000000000004 1.8505551827656268 1.5000000000000002 1.5000000000000002 22.500000000000004 1.5000000000000002 1.0000000180025095e-35 3.009344842060647 11.500000000000002 14.992299615670072 7.9383696242776152 2.773112293567868 1.5000000000000002
decision_type=2 2 2 2 2 2 2 2 2 2 2 2 2 2 2 2 2 2 2 2 2 2 2 2 2 2 2 2 2 2
left_child=1 2 3 4 7 -6 13 9 20 11 -11 27 -5 23 16 -16 17 18 -12 -17 -4 -22 -2 -7 -18 -26 -27 -1 29 -29
right_child=22 -3 8 12 5 6 -8 -9 -10 10 14 -13 -14 -15 15 19 24 -19 -20 -21 21 -23 -24 -25 25 26 -28 28 -30 -31
leaf_value=-0.053850938981397672 0.054642092078843567 0.054346187072134192 0.055188144933229599 0.053097616450995477 0.053072959631170813 -0.056844438535238719 0.054792741127468875 0.060792058157706524 -0.031379538487476773 0.012184043913289188 -0.030077231431241289 -0.018360812524177945 0.013613389117572899 -0.01852046853677668 0.0098509875030140803 -0.017616961362775317 -0.057031230920364828 -0.058071014706275161 0.024706254229571775 -0.057314461000607331 0.0011083433772602037 0.064385696016965394 0.021663743852631274 -0.024872190850943571 -0.011672514778947086 -0.056070518056190566 -0.026063365263046714 0.01666204516208317 -0.054171910344020219 -0.053949491485008508
leaf_weight=23.448448173701763 21.748555365949873 8.7185995802283269 10.042220972478395 8.5690408721566182 14.837098300456999 9.6753449104726368 3.7889713868498793 2.6123462617397299 5.2872915714979163 4.1533303856849662 4.187609829008581 4.9946131333708754 4.0196580514311782 6.2531012445688239 4.6895546466112119 5.1995453611016273 5.583222068846224 3.2725842520594597 2.8190663605928421 2.6994908377528191 3.8631499633193007 3.2909625433385372 2.5370208024978629 3.1436168104410163 2.0269997417926788 4.3419742621481419 1.6108526960015295 2.0970909073948887 11.909662030637262 3.1748976930975914
leaf_count=355 374 138 155 156 272 107 48 19 36 17 32 41 39 38 34 32 62 31 20 27 30 29 22 19 14 51 17 27 170 47
internal_value=0.000420954 -0.0068195 -0.0101197 -0.0161006 -0.0217314 0.00665997 -0.0234626 -0.0337814 0.026885 -0.0366473 -0.0252163 -0.0468154 0.04049 -0.0390093 -0.0294801 -0.0158972 -0.0366518 -0.0239653 -0.00803564 -0.0311836 0.0447993 0.0302166 0.051197 -0.0490038 -0.0462668 -0.0387353 -0.0479505 -0.0503133 -0.0454852 -0.0258616
internal_weight=194.596 170.31 161.592 139.108 126.519 37.6981 22.861 88.8213 22.4836 86.2089 40.5842 45.6247 12.5887 19.0721 36.4309 12.5886 23.8423 10.2793 7.00668 7.89904 17.1963 7.15411 24.2856 12.819 13.563 7.97983 5.95283 40.6301 17.1817 5.27199
internal_count=2459 2063 1925 1675 1480 484 212 996 250 977 337 640 195 164 320 93 227 83 52 59 214 59 396 126 144 82 68 599 244 74
is_linear=0
shrinkage=0.05


Tree=42
num_leaves=31
num_cat=0
split_feature=37 11 39 5 17 6 16 7 29 29 14 35 36 36 35 5 36 30 30 36 13 37 30 29 36 36 36 33 0 30
split_gain=25.6654 16.3091 13.3343 16.6114 17.9804 9.397 8.87916 5.56752 7.8917 3.41732 4.1229 2.7816 2.3101 2.07291 1.89567 1.78386 1.7695 1.5268 1.31549 1.46644 1.24141 1.12794 1.40626 1.25087 1.00754 0.728413 0.577857 0.44948 0.377241 0.304107
threshold=1.0000000180025095e-35 1.0000000180025095e-35 1.0000000180025095e-35 1.0000000180025095e-35 1.0000000180025095e-35 1.5000000000000002 1.0000000180025095e-35 1.0000000180025095e-35 5.3997877885463827 2.6561704564304831 1.5000000000000002 9.5000000000000018 24.500000000000004 16.500000000000004 11.500000000000002 1.0000000180025095e-35 16.500000000000004 10.340253589394459 6.7969257976498705 20.500000000000004 1.0000000180025095e-35 1.5000000000000002 14.430035842780081 3.1385506848250149 19.500000000000004 24.500000000000004 21.500000000000004 1.0000000180025095e-35 12.500000000000002 12.616219892412792
decision_type=2 2 2 2 2 2 2 2 2 2 2 2 2 2 2 2 2 2 2 2 2 2 2 2 2 2 2 2 2 2
left_child=-1 2 3 6 -5 11 7 8 12 -8 -11 13 27 -6 16 -4 -9 20 19 -18 -13 22 24 25 -20 28 -15 -2 -23 -19
right_child=1 -3 15 4 5 -7 9 14 -10 10 -12 17 -14 26 -16 -17 18 29 21 -21 -22 23 -24 -25 -26 -27 -28 -29 -30 -31
leaf_value=0.052931373778671825 -0.051838982004482614 0.05404660550932823 0.052936484114389885 0.053175167211721303 -0.0042237494244073961 0.054562686105832869 0.056511406604581253 0.0058483370714803324 0.054295517387714834 -0.040724770111177394 0.031501709174613625 -0.055337291008429913 -0.012708001735811401 -0.039634430943487571 0.0078948355580075683 0.011928955103010312 0.018562179362109788 0.012840126542767661 -0.061236002574486026 -0.028298342648010399 -0.0032970722139377879 -0.024649591268293119 0.0055828801916016114 -0.070872418402297563 -0.023248888528464906 -0.014908100277473657 -0.067829345686493667 -0.023021612264549615 -0.054082367168831351 -0.0065058119971049145
leaf_weight=20.562343675643206 39.11660273745656 10.512019030749796 8.3300739638507348 16.154280159622431 2.3536099344492012 4.2958497107028952 3.5607359446585161 4.8978499025106421 2.0044460147619239 3.7284656576812267 4.2032783553004265 2.694903712719678 4.4029474407434455 2.8378694169223309 6.1150621995329848 3.8906590826809397 3.0929791033267966 3.8378894701600057 2.2036589980125418 3.6275933608412743 1.9938475117087362 1.5668383613228778 3.4556839317083368 3.019453577697278 8.396573603153227 3.2701621204614639 5.0530617609620094 1.4016217663884152 3.5672973357141018 4.3155176490545273
leaf_count=394 602 174 159 297 22 57 53 20 31 21 33 34 37 34 34 38 20 26 16 30 13 16 25 38 75 30 36 16 52 23
internal_value=0.000205893 -0.00625125 -0.0102786 -0.0145012 0.0113406 -0.0133395 -0.0255713 -0.0308484 -0.0427731 0.0158183 -0.00244971 -0.0259744 -0.0471044 -0.0454061 -0.0178992 0.0398811 -0.0221509 -0.0104733 -0.0264098 -0.00673193 -0.0332077 -0.0316001 -0.0221161 -0.0432693 -0.0311459 -0.0333522 -0.0576894 -0.0508421 -0.0451001 0.00260051
internal_weight=188.463 167.901 157.389 145.168 43.5368 27.3825 101.631 90.1388 46.9256 11.4925 7.93174 23.0867 44.9212 10.2445 43.2132 12.2207 37.0981 12.8422 32.2002 6.72057 4.68875 25.4797 14.0559 11.4238 10.6002 8.4043 7.89093 40.5182 5.13414 8.15341
internal_count=2456 2062 1888 1691 542 245 1149 1042 686 107 54 188 655 92 356 197 322 96 302 50 47 252 116 136 91 98 70 618 68 49
is_linear=0
shrinkage=0.05


Tree=43
num_leaves=31
num_cat=0
split_feature=31 5 17 15 11 17 38 8 6 18 35 7 32 15 7 21 36 36 0 2 38 29 29 38 2 36 29 29 29 29
split_gain=25.4544 12.25 15.8901 14.7659 15.6822 14.2326 11.102 9.23505 7.5867 4.84616 4.04999 3.18698 2.94391 6.11271 4.54196 2.41169 2.1421 1.44017 1.25715 1.19396 1.16178 0.836804 0.796862 0.737544 0.735115 0.639851 2.52679 0.617916 1.58526 0.662727
threshold=5.2036832726553373 1.0000000180025095e-35 1.0000000180025095e-35 1.0000000180025095e-35 1.0000000180025095e-35 1.0000000180025095e-35 3.5000000000000004 1.5000000000000002 1.5000000000000002 1.5000000000000002 12.500000000000002 1.0000000180025095e-35 15.449549907884528 1.0000000180025095e-35 1.0000000180025095e-35 1.0000000180025095e-35 16.500000000000004 24.500000000000004 12.500000000000002 1.5000000000000002 1.5000000000000002 3.009344842060647 2.5147882373446602 1.5000000000000002 1.5000000000000002 22.500000000000004 3.0375270496321396 1.8505551827656268 2.5335011795332734 3.009344842060647
decision_type=2 2 2 2 2 2 2 2 2 2 2 2 2 2 2 2 2 2 2 2 2 2 2 2 2 2 2 2 2 2
left_child=1 2 3 4 7 -3 23 10 9 12 11 25 13 14 22 -16 -13 18 27 -19 -2 -21 24 -5 -7 -1 -27 -18 -29 -30
right_child=20 5 -4 6 -6 8 -8 -9 -10 -11 -12 16 -14 -15 15 -17 17 19 -20 21 -22 -23 -24 -25 -26 26 -28 28 29 -31
leaf_value=-0.050767172357905135 0.05438730619712584 0.052995409906715522 0.052785168773102055 0.053293591157887947 0.052743429516188649 -0.017202630911337474 -0.086537043455918145 0.060281829945194522 0.054401132420307578 0.054914227926610271 0.032282562749800535 0.0046922688828886366 -0.056184490015030113 0.050541272990768195 -0.021430783447170143 0.033992986592984026 -0.044547858910493461 -0.0033488705783851994 -0.055442687522982703 -0.014516724432648054 0.016279187799236063 -0.056383412192579918 -0.05742398993524081 0.028831385890708827 -0.053556801686418277 0.0075389739367324312 -0.056802410586538343 0.00068798568184357347 -0.059405695387047319 -0.024395109375729571
leaf_weight=35.165026981383562 19.827458079904321 15.879577737301586 7.8462257944047442 7.2262695096433145 5.5719305127859107 3.7119901850819712 1.9087111502885807 2.5276451855897895 4.7403475530445567 2.3624814301729193 2.0711537078022948 4.4039906561374655 4.6030834950506678 3.301626704633235 3.9542984068393698 3.8972019553184509 5.2951432466506985 6.3210923820734006 8.0621752925217134 2.2776905745267868 2.2243695706129065 2.5073830410838127 5.3542655929923058 5.3719468526542187 2.2234970293939114 2.3718253746628752 4.2784077599644661 3.9983631074428541 2.5435587018728256 2.8846160024404526
leaf_count=568 373 307 157 135 113 39 8 19 65 29 16 18 26 27 33 21 44 39 104 19 20 28 47 36 37 29 44 32 23 24
internal_value=0.000132625 -0.00670149 -0.0158462 -0.0209852 -0.028509 0.0138869 0.0258373 -0.0338537 -0.00429908 -0.013761 -0.036749 -0.0385338 -0.0197598 -0.012289 -0.0231264 0.00607958 -0.0281125 -0.0323755 -0.0395718 -0.0176126 0.0505433 -0.0364549 -0.0434379 0.0428628 -0.0308213 -0.0480775 -0.0338549 -0.0308802 -0.0232027 -0.0408005
internal_weight=184.713 162.662 112.633 104.787 90.28 50.0284 14.5069 84.7081 34.1488 29.4084 82.1804 80.1093 27.046 22.4429 19.1413 7.8515 38.294 33.89 22.7839 11.1062 22.0518 4.78507 11.2898 12.5982 5.93549 41.8153 6.65023 14.7217 9.42654 5.42817
internal_count=2480 2087 1456 1299 1120 631 179 1007 324 259 988 972 230 204 177 54 331 313 227 86 393 47 123 171 76 641 73 123 79 47
is_linear=0
shrinkage=0.05


Tree=44
num_leaves=31
num_cat=0
split_feature=2 11 39 5 18 6 8 15 29 7 36 29 14 35 13 29 36 36 36 30 30 36 33 36 2 30 30 2 35 30
split_gain=23.9421 14.9388 12.1406 15.374 16.374 8.49014 7.54108 7.5848 5.32821 4.10261 15.5624 4.09377 4.92407 2.1765 1.83284 2.3219 1.99023 2.40106 1.77603 1.22464 1.30558 1.57944 1.09655 1.00033 0.717707 0.591516 0.90998 0.570905 0.923773 1.88229
threshold=1.0000000180025095e-35 1.0000000180025095e-35 1.0000000180025095e-35 1.0000000180025095e-35 1.0000000180025095e-35 1.5000000000000002 1.5000000000000002 1.0000000180025095e-35 7.6838291415854068 1.0000000180025095e-35 15.500000000000002 2.6561704564304831 1.5000000000000002 11.500000000000002 1.0000000180025095e-35 3.814089410479828 20.500000000000004 27.500000000000004 25.500000000000004 16.830826982270903 6.7969257976498705 18.500000000000004 1.0000000180025095e-35 17.500000000000004 1.5000000000000002 10.135806659779414 13.192402197160279 1.5000000000000002 6.5000000000000009 7.9383696242776152
decision_type=2 2 2 2 2 2 2 2 2 2 2 2 2 2 2 2 2 2 2 2 2 2 2 2 2 2 2 2 2 2
left_child=-1 2 3 6 -5 14 7 8 9 22 -11 -9 -13 19 15 -6 -16 -18 -4 20 21 -12 27 -22 25 -25 -27 28 29 -2
right_child=1 -3 18 4 5 -7 -8 11 -10 10 13 12 -14 -15 16 -17 17 -19 -20 -21 23 -23 -24 24 -26 26 -28 -29 -30 -31
leaf_value=0.05263744445854357 -0.053671329903751855 0.053565802879542636 0.046943087653092457 0.052858182793045605 -0.050504226927268414 0.054131731134495868 0.060026738749954449 0.055887872324945034 0.053154215900998496 0.10485870061440494 0.0059698263637233137 -0.056747507384925115 0.027739635380454788 -0.00084628431898697918 0.019717614423076516 0.0065340206130878424 -0.053684597365089765 0.00084179434938054824 -0.0093644468786795027 -0.0013096412591657304 -0.076261846711994236 -0.039942507977978409 -0.005267939909761433 -0.046956647589204065 -0.051939107457629877 -0.00079956103480726152 -0.039179365584430505 -0.054469017317884595 -0.048307408115853961 0.0084982536784939319
leaf_weight=18.655051458626986 2.5022125057876137 9.4857592135667783 9.6214086227118951 14.55957232788205 8.9654615148901957 4.0161473490297785 2.4632927030324927 3.473925266414879 1.7291595004498947 2.2107334434986106 3.1315083280205753 3.1554083600640297 3.803218200802803 4.9631769806146613 3.659344583749772 2.22753880172968 3.7987543120980245 4.309271976351738 1.63896945118904 2.308019556105136 2.3316035270690945 4.6617805659770966 1.5458565428853024 4.4092904254794121 9.1513431034982204 2.6561677753925323 3.6899187043309212 18.937326438724995 15.878418434411286 2.3713304363191128
leaf_count=393 40 176 178 294 108 58 19 57 31 9 15 17 32 26 27 14 23 21 18 20 12 41 17 38 123 26 33 328 232 31
internal_value=-0.000926027 -0.00726407 -0.0111584 -0.0152629 0.0101262 -0.0129369 -0.0263201 -0.0286094 -0.0336902 -0.0355499 -0.0240368 0.0115589 -0.0105713 -0.0316758 -0.0246683 -0.0391529 -0.0108906 -0.0247048 0.0387474 -0.0364072 -0.0391045 -0.021494 -0.0465824 -0.045276 -0.0416468 -0.0328894 -0.0231154 -0.0481915 -0.042463 -0.0234213
internal_weight=176.311 157.656 148.17 136.91 41.5361 26.9765 95.3737 92.9104 82.4778 80.7487 39.5135 10.4326 6.95863 37.3028 22.9604 11.193 11.7674 8.10803 11.2604 32.3396 30.0316 7.79329 41.2351 22.2383 19.9067 10.7554 6.34609 39.6893 20.752 4.87354
internal_count=2457 2064 1888 1692 545 251 1147 1128 1022 991 343 106 49 334 193 122 71 44 196 308 288 56 648 232 220 97 59 631 303 71
is_linear=0
shrinkage=0.05


Tree=45
num_leaves=31
num_cat=0
split_feature=38 12 39 5 17 15 6 8 29 7 30 0 38 7 36 30 29 30 22 36 36 29 33 36 29 30 30 38 36 5
split_gain=22.4431 14.9579 11.646 12.3598 17.2658 9.53517 8.2359 7.30556 4.89912 4.96506 3.53768 3.44745 2.07764 1.8176 1.75056 1.6008 1.60064 1.65177 1.55424 1.25255 1.92625 1.58842 1.0325 1.17232 0.841271 0.838269 0.88547 0.771457 1.9351 0.35067
threshold=1.0000000180025095e-35 1.0000000180025095e-35 1.0000000180025095e-35 1.0000000180025095e-35 1.0000000180025095e-35 1.0000000180025095e-35 1.5000000000000002 1.5000000000000002 7.6838291415854068 1.0000000180025095e-35 10.892236965371575 11.500000000000002 1.5000000000000002 1.0000000180025095e-35 25.500000000000004 7.3213007352423416 1.6444966750710746 7.2504568125862461 1.5000000000000002 24.500000000000004 22.500000000000004 3.438811922224569 1.0000000180025095e-35 24.500000000000004 3.1385506848250149 9.1651273959638377 12.616219892412792 4.5000000000000009 21.500000000000004 1.0000000180025095e-35
decision_type=2 2 2 2 2 2 2 2 2 2 2 2 2 2 2 2 2 2 2 2 2 2 2 2 2 2 2 2 2 2
left_child=-1 2 3 5 -5 7 12 8 9 22 -7 16 15 -14 29 -6 -11 -18 19 20 27 25 23 -2 -15 -21 -27 -13 -29 -4
right_child=1 -3 14 4 6 10 -8 -9 -10 11 -12 18 13 24 -16 -17 17 -19 -20 21 -22 -23 -24 -25 -26 26 -28 28 -30 -31
leaf_value=0.052499541291088775 -0.051047768888905234 0.053503521571047374 0.052514573727757821 0.052727841008406176 -0.029854752342900356 0.054655137821815872 0.05400058645255823 0.059283446472072621 0.052990947330366148 -0.027290147805423434 -0.0042997486928390083 -0.0049502208523748009 -0.053627094608875048 -0.036799737958784974 -0.009494133638582444 0.026038694378593637 0.037895021298020817 -0.0059117562044581403 -0.07010933139314339 -0.0041385561964669719 -0.059310434485222524 0.016690338833165185 -0.0071581761388883258 -0.023805772903789078 -0.0044664135150040305 -0.058976387734752889 -0.016011289407258985 -0.053941028771058233 0.014723643495284641 0.031017794232675967
leaf_weight=17.910323165357113 34.752744801342487 9.703723691403864 6.9297624230384809 14.311118818819521 2.4262890331447187 4.4307962805032712 3.5746242068707934 2.2358224987983695 1.6497671343386162 3.8410336077213278 5.9774040952324867 3.6692896783351951 8.066794641315937 3.8840534761548042 1.6261782720684994 2.7138721719384193 3.5369653552770597 5.4946688413619995 2.3928717225790015 2.6298152655363065 5.9376486688852301 2.9125264137983322 1.6149830520153035 4.4554969295859328 4.1733611822128296 2.6083643138408661 2.2196319550275803 3.714533805847168 1.4176783934235571 2.6122437007725239
leaf_count=396 608 185 152 302 27 72 53 18 31 18 31 31 93 23 17 17 17 37 24 20 74 19 18 40 25 25 17 57 17 31
internal_value=-0.000502175 -0.0066063 -0.0106066 -0.0146764 0.00898298 -0.0243763 -0.0162209 -0.0299023 -0.0323092 -0.0340423 0.0207975 -0.0216099 -0.0280254 -0.0368496 0.0384575 -0.000344458 -0.000254193 0.0112438 -0.0316055 -0.0279362 -0.0373034 -0.0146228 -0.0463383 -0.0479521 -0.0200526 -0.0268517 -0.0392235 -0.0224571 -0.0349737 0.0466296
internal_weight=173.424 155.514 145.81 134.642 39.1501 95.492 24.839 85.0838 82.848 81.1983 10.4082 40.375 21.2644 16.1242 11.1682 5.14016 12.8727 9.03163 27.5024 25.1095 14.7392 10.3703 40.8232 39.2082 8.05741 7.45781 4.828 8.8015 5.13221 9.54201
internal_count=2495 2099 1914 1714 540 1174 238 1071 1053 1022 103 356 185 141 200 44 72 54 284 260 179 81 666 648 48 62 42 105 74 183
is_linear=0
shrinkage=0.05


Tree=46
num_leaves=31
num_cat=0
split_feature=31 15 11 39 5 17 6 8 7 31 31 21 36 0 31 31 31 5 7 30 21 36 31 35 36 30 30 31 30 30
split_gain=20.3179 10.2224 12.0071 12.4404 11.7992 15.1836 7.80513 5.97134 4.19971 3.87258 4.0885 2.21537 2.1585 2.09221 1.94956 1.89307 2.15448 1.85567 1.42224 1.03702 0.987744 0.946806 1.92366 0.612874 2.29486 0.598938 1.12062 0.666986 0.820516 0.474521
threshold=5.2036832726553373 1.0000000180025095e-35 1.0000000180025095e-35 1.0000000180025095e-35 1.0000000180025095e-35 1.0000000180025095e-35 1.5000000000000002 1.5000000000000002 1.0000000180025095e-35 3.0375270496321396 3.5447213558571025 1.0000000180025095e-35 24.500000000000004 11.500000000000002 1.6444966750710746 3.438811922224569 3.6127552040097792 1.0000000180025095e-35 1.0000000180025095e-35 7.9383696242776152 1.0000000180025095e-35 22.500000000000004 8.5972925112693321 6.5000000000000009 16.500000000000004 7.916125321121406 8.5850002514866244 2.4860854977526912 12.616219892412792 12.075631763183873
decision_type=2 2 2 2 2 2 2 2 2 2 2 2 2 2 2 2 2 2 2 2 2 2 2 2 2 2 2 2 2 2
left_child=1 2 3 4 7 -6 11 8 12 29 20 -7 23 14 -10 25 -17 -5 -13 -16 -11 -2 -23 24 -1 -15 -27 -28 -29 -3
right_child=21 9 -4 17 5 6 -8 -9 13 10 -12 18 -14 15 19 16 -18 -19 -20 -21 -22 22 -24 -25 -26 26 27 28 -30 -31
leaf_value=-0.053061823174317492 0.054327879550107018 0.055895605063036806 0.053597183387900295 0.0524126117396213 0.052357996061084801 -0.050215912210652115 0.053624562755894778 0.058397128851170127 -0.031290375376249638 -0.042410021652746099 0.047256508613205343 -0.036317385272775927 -0.011007078819678835 -0.054960879162754529 0.029482905272385774 0.022595743577704427 -0.038608437906111383 0.0080617627093374656 0.0030022273520481351 -0.0067953438709583537 -0.0019245921663042509 -0.02816229500226948 0.052659066093138224 -0.053017822493556632 0.0012886605844919965 -0.0023165685556068936 -0.01408441112485556 -0.056637752301560096 -0.028345108811126774 0.023006006245274598
leaf_weight=7.0463895387947542 15.878272339701654 8.0652105845510977 6.8554601594805709 6.9722820706665498 11.354044049978254 8.6798841096460855 3.1193155869841567 1.8518728390336026 4.1011650115251523 2.5100351721048337 3.8646606057882309 4.2534203976392746 4.3096354752778998 3.5693911649286809 3.9125672727823257 3.3131643235683432 2.5403483994305134 3.564138188958168 5.0072699189186096 3.9672621265053749 3.768435463309288 1.1250442191958421 2.1303239353001118 23.360047999769449 2.6811928302049637 2.6007296703755847 2.3132991567254058 5.6410542428493482 4.6957712061703205 1.269264232367276
leaf_count=130 326 137 133 159 264 108 50 16 19 25 36 37 39 46 20 22 32 37 25 27 28 17 46 439 35 25 22 73 44 17
internal_value=0.000860196 -0.0055224 -0.0107447 -0.014456 -0.0195011 0.0057518 -0.0193751 -0.0302851 -0.0325029 0.028183 0.00679544 -0.0320674 -0.0442913 -0.0204756 -0.00333295 -0.0287997 -0.00396608 0.0374101 -0.0150572 0.0112179 -0.01811 0.0492917 0.0247275 -0.0486266 -0.0380813 -0.0365235 -0.0322084 -0.0383538 -0.0437851 0.0514234
internal_weight=164.321 145.187 125.71 118.854 108.318 32.4139 21.0599 75.9039 74.052 19.4776 10.1431 17.9406 37.3973 36.6548 11.981 24.6738 5.85351 10.5364 9.26069 7.87983 6.27847 19.1336 3.25537 33.0876 9.72758 18.8202 15.2509 12.6501 10.3368 9.33447
internal_count=2434 2045 1802 1669 1473 484 220 989 973 243 89 170 643 330 66 264 54 196 62 47 53 389 63 604 165 210 164 139 117 154
is_linear=0
shrinkage=0.05


Tree=47
num_leaves=31
num_cat=0
split_feature=2 11 39 5 17 6 15 38 8 29 35 7 36 13 30 5 29 35 36 36 29 4 36 0 29 7 2 30 30 36
split_gain=19.2801 13.0102 8.90432 11.2645 14.7262 6.28814 6.16224 10.0609 6.25522 4.12967 4.03657 4.25255 13.6027 2.17793 1.83527 1.76999 1.69302 1.6086 4.07244 3.76153 1.38577 1.24396 2.15771 1.19429 1.81516 1.17873 0.996235 0.930399 2.00952 0.836787
threshold=1.0000000180025095e-35 1.0000000180025095e-35 1.0000000180025095e-35 1.0000000180025095e-35 1.0000000180025095e-35 1.5000000000000002 1.0000000180025095e-35 3.5000000000000004 1.5000000000000002 7.6838291415854068 12.500000000000002 1.0000000180025095e-35 15.500000000000002 1.0000000180025095e-35 14.82797639961022 1.0000000180025095e-35 3.814089410479828 6.5000000000000009 19.500000000000004 20.500000000000004 3.6127552040097792 1.5000000000000002 24.500000000000004 13.500000000000002 2.6561704564304831 1.0000000180025095e-35 1.5000000000000002 7.916125321121406 9.3399761196949296 16.500000000000004
decision_type=2 2 2 2 2 2 2 2 2 2 2 2 2 2 2 2 2 2 2 2 2 2 2 2 2 2 2 2 2 2
left_child=-1 2 3 6 -5 13 8 23 9 10 11 26 -13 16 25 -4 -6 18 29 -19 21 22 -21 24 -8 -15 27 -2 -29 -14
right_child=1 -3 15 4 5 -7 7 -9 -10 -11 -12 12 17 14 -16 -17 -18 19 -20 20 -22 -23 -24 -25 -26 -27 -28 28 -30 -31
leaf_value=0.052270426323997012 -0.052839059133653922 0.053157973859830877 0.052287669687020505 0.052472990274748582 -0.049380748988600336 0.053576107852491429 0.055572702880154839 -0.083400601016396139 0.057963217346110742 0.052690659527229726 0.041591404914422161 0.099570853030393966 -0.090679572133357852 -0.011039793084376651 -0.033905552109615475 0.0084334817462529063 0.005348680043017172 0.022733325155195553 0.012938288234986148 -0.033253287928654243 -0.06567227293221771 -0.047979987002041119 0.0054840455937004724 0.067083414294390145 0.00036861755986807064 0.029922525608528192 -0.05408358210465665 0.013968698913011147 -0.038573230137657857 -0.053347127942233043
leaf_weight=16.132024750113487 6.5244097672402885 8.9281374253332597 6.3509268760681135 13.344667628407477 8.1402023062109965 3.0977147445082656 2.7648404836654645 2.1403186172246924 2.1033164858818045 1.5010186992585648 1.864523947238921 2.1983942687511435 2.4084132015705091 3.8066488280892372 4.1900334879755974 3.6079726219177246 1.7098801508545882 3.90685782209039 2.0933337174355984 9.8522691205143982 2.4761820472776881 4.9170892164111129 5.6599396765232077 2.4827275574207306 3.2270432189106941 3.2605131566524506 16.715288802981377 2.1903732046484938 10.755828265100716 3.9839195795357227
leaf_count=390 129 187 152 309 108 51 51 9 19 31 14 9 10 30 24 38 11 29 27 102 28 51 42 15 32 15 329 33 149 44
internal_value=0.000396175 -0.00532763 -0.00913145 -0.012693 0.0103023 -0.0129472 -0.0223121 0.0134608 -0.0271095 -0.0294319 -0.0310636 -0.0329021 -0.021102 -0.0227102 -0.00768639 0.0363999 -0.0398802 -0.0286176 -0.0475909 -0.0226129 -0.0303473 -0.0260656 -0.0191192 0.0379238 0.0258415 0.00785862 -0.0451296 -0.0374428 -0.0296836 -0.0674127
internal_weight=162.335 146.203 137.275 127.316 37.5497 24.205 89.7661 10.6149 79.1512 77.0478 75.5468 73.6823 37.4964 21.1073 11.2572 9.9589 9.85008 35.298 8.48567 26.8123 22.9055 20.4293 15.5122 8.47461 5.99188 7.06716 36.1859 19.4706 12.9462 6.39233
internal_count=2468 2078 1891 1701 548 239 1153 107 1046 1027 996 982 342 188 69 190 119 333 81 252 223 195 144 98 83 45 640 311 182 54
is_linear=0
shrinkage=0.05


Tree=48
num_leaves=31
num_cat=0
split_feature=2 12 5 17 17 2 6 8 30 15 35 36 36 29 35 29 38 7 36 30 35 7 35 30 35 36 38 29 29 30
split_gain=17.9248 11.8775 8.04634 13.5025 12.46 7.54557 6.79015 5.65082 5.65017 4.6403 3.28271 2.73657 2.29313 4.14928 1.73026 1.6584 1.6534 1.11031 2.09046 1.07234 1.52383 1.06718 1.32359 2.36208 1.03365 5.64851 1.81172 1.68367 1.0082 0.893233
threshold=1.0000000180025095e-35 1.0000000180025095e-35 1.0000000180025095e-35 1.0000000180025095e-35 1.0000000180025095e-35 1.5000000000000002 1.5000000000000002 1.5000000000000002 18.328475884582289 1.0000000180025095e-35 11.500000000000002 24.500000000000004 21.500000000000004 3.0375270496321396 9.5000000000000018 4.3430079743076559 1.5000000000000002 1.0000000180025095e-35 18.500000000000004 8.5850002514866244 9.5000000000000018 1.0000000180025095e-35 6.5000000000000009 7.9383696242776152 5.5000000000000009 18.500000000000004 2.5000000000000004 3.2468620983371328 3.9976927939054847 11.65808735761245
decision_type=2 2 2 2 2 2 2 2 2 2 2 2 2 2 2 2 2 2 2 2 2 2 2 2 2 2 2 2 2 2
left_child=-1 2 4 -4 5 8 12 15 9 10 21 -12 13 -5 -14 17 -11 -7 -19 20 -20 22 23 -2 -23 -26 -27 -28 -24 -16
right_child=1 -3 3 6 -6 7 -8 -9 -10 16 11 -13 14 -15 29 -17 -18 18 19 -21 -22 24 28 -25 25 26 27 -29 -30 -31
leaf_value=0.052159206664779495 -0.053047980597180022 0.053032210778775152 0.05235401650840095 -0.025557206297785091 0.052173916479020067 -0.052662225644835442 0.053509531428873519 0.058975868886514821 0.060765870869922349 0.053101751572149303 -0.03416296710995706 0.024589496606415101 -0.055782215851688369 0.039307100739461781 0.0025490719245886903 -0.099995951430373903 0.004527845619680987 0.012559686080430713 -0.053802276322631064 -0.055675673721466624 0.0048096165048209455 -0.043426391302367667 -0.053584938926919706 0.017581460530588535 0.049792241023798887 -0.051266623524776844 0.0079281697670927753 -0.041428019318706731 -0.0042794976620036179 -0.031069520528094075
leaf_weight=15.164539959281681 2.2608703412115565 8.2706916332244855 12.746455840766428 6.7432591542601639 6.0605093874037257 15.507961396127946 3.6892136037349692 1.3313326165080059 2.6293772608041754 2.6595258824527255 2.9124838784337026 6.2033615633845329 5.1227630004286757 3.8864458054304123 3.0701992027461511 1.3728634156286705 5.133463554084301 2.1234971806406984 2.1278382167220098 5.9878132939338684 2.3158560693264008 3.7885307818651226 9.1266009360551816 2.4847183749079704 2.8067321032285681 5.1930494010448438 4.1870401203632355 2.9419406726956367 1.1696856021881092 5.542953222990036
leaf_count=384 43 181 309 89 152 325 62 11 32 58 43 38 41 30 29 14 35 21 33 88 23 21 163 35 14 41 41 27 19 36
internal_value=0.000534397 -0.00508169 -0.00874718 0.00968137 -0.0170717 -0.022052 -0.00970655 -0.0417815 -0.0107052 -0.0143996 -0.0208229 0.00581827 -0.0192781 -0.00184144 -0.0327717 -0.0463386 0.0211047 -0.0437136 -0.0326602 -0.0418654 -0.0232564 -0.0279744 -0.0379144 -0.0160675 -0.0200706 -0.0142219 -0.0288032 -0.0124398 -0.0479837 -0.019086
internal_weight=154.562 139.397 131.126 40.8013 90.3251 84.2645 28.0548 30.7672 53.4974 50.868 43.075 9.11585 24.3656 10.6297 13.7359 29.4358 7.79299 28.063 12.555 10.4315 4.44369 33.9592 15.0419 4.74559 18.9173 15.1288 12.322 7.12898 10.2963 8.61315
internal_count=2438 2054 1873 596 1277 1125 287 515 610 578 485 81 225 119 106 504 93 490 165 144 56 404 260 78 144 123 109 68 182 65
is_linear=0
shrinkage=0.05


Tree=49
num_leaves=31
num_cat=0
split_feature=31 39 11 16 5 17 6 38 8 7 0 35 7 29 29 29 30 38 38 38 5 13 30 30 35 30 29 35 35 35
split_gain=18.0849 8.54623 9.10972 10.6592 9.62888 12.9455 7.5321 6.69398 5.81643 3.98914 2.95401 2.59267 2.44104 1.79306 3.79906 1.46998 1.62247 1.33037 2.75346 1.01467 0.929682 0.859378 0.755054 0.572801 1.9 0.567107 1.55263 1.80286 1.88618 0.507036
threshold=5.2036832726553373 1.0000000180025095e-35 1.0000000180025095e-35 1.0000000180025095e-35 1.0000000180025095e-35 1.0000000180025095e-35 1.5000000000000002 3.5000000000000004 1.5000000000000002 1.0000000180025095e-35 11.500000000000002 12.500000000000002 1.0000000180025095e-35 3.438811922224569 3.5447213558571025 1.6444966750710746 7.9383696242776152 1.5000000000000002 2.5000000000000004 1.5000000000000002 1.0000000180025095e-35 1.0000000180025095e-35 14.82797639961022 8.5850002514866244 9.5000000000000018 7.916125321121406 3.0375270496321396 6.5000000000000009 11.500000000000002 10.500000000000002
decision_type=2 2 2 2 2 2 2 2 2 2 2 2 2 2 2 2 2 2 2 2 2 2 2 2 2 2 2 2 2 2
left_child=1 2 3 4 8 -6 12 17 9 11 15 25 -7 23 -15 -11 -17 -5 -19 -2 -3 -14 -16 24 -12 -1 27 -27 -29 -25
right_child=19 20 -4 7 5 6 -8 -9 -10 10 13 -13 21 14 22 16 -18 18 -20 -21 -22 -23 -24 29 -26 26 -28 28 -30 -31
leaf_value=-0.052513591793180284 0.05375224334314619 0.052062232672120637 0.05295353616700809 0.054587528510418828 0.052015016259344383 -0.050192701878724766 0.053124258480820342 -0.029767397071839174 0.057132924897550154 -0.024043984356261618 -0.053993030120531409 0.032195566743129359 -0.028765717581089336 0.048859270010347886 -0.014076424360152134 0.034350518296824416 -0.01173676004981678 -0.0065574892591056411 0.06167584848185264 0.017615914284267405 0.020149205700229229 0.0070047816730645432 -0.058653164685870868 -0.036171995238229747 0.0011191740026562402 0.01552072793360401 -0.054018303688042106 -0.052990071939605747 0.011336763298693597 -0.058795170700423574
leaf_weight=15.15485994890332 15.22514157369733 6.0781072787940484 5.7290253527462474 7.7095798291265982 10.054359063506128 8.6979122497141379 3.0643362477421752 4.4440552219748488 1.9454843252897251 3.6470201760530454 2.9730212055146756 1.1115649044513691 3.2155713960528365 2.0996574684977523 2.0357715710997586 4.4172280430793762 3.3639436066150665 3.3892125152051449 2.6225977875292301 2.2266746200621119 3.6541149988770485 3.5140319019556046 1.7810337878763673 7.21132083237171 3.2994163408875465 2.1568221189081687 8.7103554494678956 4.7358646802604198 1.5006612837314603 3.7722453474998474
leaf_count=334 372 160 132 161 270 119 56 33 19 17 46 11 26 13 23 23 24 25 30 22 42 17 22 94 31 34 145 94 22 39
internal_value=0.00130486 -0.0050154 -0.00860227 -0.011626 -0.0181186 0.00635157 -0.0184765 0.0235659 -0.0281096 -0.0305494 -0.0186539 -0.0428837 -0.0326984 -0.0289136 -0.0051605 0.00214937 0.0144261 0.0408394 0.0232087 0.0491416 0.04008 -0.0100873 -0.0348772 -0.0370577 -0.025003 -0.0454707 -0.0392304 -0.0238839 -0.0375115 -0.0439418
internal_weight=149.541 132.089 122.357 116.628 98.4625 28.5462 18.4919 18.1654 69.9163 67.9708 34.6007 33.3701 15.4275 23.1725 5.91646 11.4282 7.78117 13.7214 6.01181 17.4518 9.73222 6.7296 3.81681 17.256 6.27244 32.2586 17.1037 8.39335 6.23653 10.9836
internal_count=2456 2062 1860 1728 1479 488 218 249 991 972 332 640 162 268 58 64 47 216 55 394 202 43 45 210 77 629 295 150 116 133
is_linear=0
shrinkage=0.05


Tree=50
num_leaves=31
num_cat=0
split_feature=2 11 39 5 17 2 29 6 7 13 36 29 7 2 29 29 16 30 35 36 36 35 36 35 13 30 16 29 19 35
split_gain=16.044 10.1302 7.98235 9.2785 12.1596 6.02034 6.29539 5.62938 2.95242 2.86683 2.70081 2.57518 2.51268 1.97624 1.6448 1.59261 2.64086 2.03152 2.48536 1.8313 1.52458 1.48205 3.60562 1.68268 2.27219 1.89419 0.721058 2.37912 0.694325 0.692054
threshold=1.0000000180025095e-35 1.0000000180025095e-35 1.0000000180025095e-35 1.0000000180025095e-35 1.0000000180025095e-35 1.5000000000000002 3.6127552040097792 1.5000000000000002 1.0000000180025095e-35 1.0000000180025095e-35 18.500000000000004 3.814089410479828 1.0000000180025095e-35 1.5000000000000002 3.1026927801673843 3.0375270496321396 1.0000000180025095e-35 7.916125321121406 6.5000000000000009 24.500000000000004 27.500000000000004 5.5000000000000009 18.500000000000004 11.500000000000002 1.0000000180025095e-35 12.238167027044883 1.0000000180025095e-35 5.2036832726553373 1.0000000180025095e-35 10.500000000000002
decision_type=2 2 2 2 2 2 2 2 2 2 2 2 2 2 2 2 2 2 2 2 2 2 2 2 2 2 2 2 2 2
left_child=-1 2 3 5 -5 6 12 9 -7 11 -10 -6 15 -11 29 16 17 -2 -19 -20 -4 -14 -23 24 -24 -26 27 -8 -17 -12
right_child=1 -3 20 4 7 8 26 -9 10 13 14 -13 21 -15 -16 28 -18 18 19 -21 -22 22 23 -25 25 -27 -28 -29 -30 -31
leaf_value=0.051940047150102781 -0.052432883477587323 0.052798774539967008 0.044964323972466878 0.052166411545142427 -0.05487837312186248 -0.053702352378243438 -0.023271370714997082 0.053070078358859241 0.021998612823843033 0.012803681413307025 -0.028925946118244301 0.0086454619049678924 -0.036931407966507776 -0.033740151935113538 -0.060553398353776711 -0.059829387637692237 0.031114213650200215 0.046652017572214328 -0.052882142764165557 0.019774170028754576 -0.0205096490048749 0.050022254348651977 -0.03806392442759806 0.015245987186425385 0.025094892810553656 -0.025112029693734002 0.062603388397416276 0.056269024101710023 -0.019470554834088546 0.0041345283382120184
leaf_weight=14.313564408570526 5.1912092939019221 7.4566115811467162 8.1279023960232699 11.774331301450728 7.1262514553964174 14.923853505402803 1.5179134905338281 3.0175043493509284 2.8101288713514814 7.0196496173739433 5.8465371467173082 2.0556255802512169 3.3913307487964657 3.3781706988811493 3.6270146146416655 4.7958379574120036 2.1152204647660247 1.4769955612719057 2.6773122325539593 1.2828111276030538 0.99830548465252 2.955243535339835 7.1332148872315901 5.2077531069517127 3.9652840830385685 3.5698873177170753 2.0291958898305893 2.4697491079568863 1.3701330497860906 2.17061897367239
leaf_count=400 118 177 187 312 105 337 19 57 27 38 85 14 21 29 53 73 52 19 53 11 9 15 63 29 34 31 17 38 16 22
internal_value=0.00166948 -0.00380315 -0.00720616 -0.0107811 0.0109671 -0.0200639 -0.00970289 -0.0104999 -0.0381031 -0.0202969 -0.021997 -0.0406567 -0.0161077 -0.00231805 -0.0326146 -0.0300006 -0.0199071 -0.0300612 -0.00870142 -0.0293464 0.0378022 -0.00608931 -0.00150808 -0.00916977 -0.0178382 0.0013087 0.0383391 0.0259918 -0.0508613 -0.0199749
internal_weight=145.795 131.482 124.025 114.899 34.3715 80.5272 51.1491 22.5972 29.3782 19.5797 14.4543 9.18188 45.1322 10.3978 11.6442 18.9095 12.7435 10.6283 5.43712 3.96012 9.12621 26.2227 22.8314 19.8761 14.6684 7.53517 6.01686 3.98766 6.16597 8.01716
internal_count=2461 2061 1884 1688 555 1133 609 243 524 186 187 119 535 67 160 342 253 201 83 64 196 193 172 157 128 65 74 57 89 107
is_linear=0
shrinkage=0.05


Tree=51
num_leaves=31
num_cat=0
split_feature=2 11 5 17 17 6 8 2 32 15 29 35 0 13 8 38 32 32 36 32 32 0 32 32 32 14 38 2 36 13
split_gain=15.7382 9.53656 7.17004 10.7356 10.5902 5.60171 5.31196 5.81751 5.2511 2.59507 3.2895 3.08511 2.65799 2.16162 1.89344 12.7415 1.52415 2.58014 1.68722 1.42328 1.40417 1.36941 1.32023 1.24874 1.1639 2.35873 2.0035 1.0393 0.891314 1.73541
threshold=1.0000000180025095e-35 1.0000000180025095e-35 1.0000000180025095e-35 1.0000000180025095e-35 1.0000000180025095e-35 1.5000000000000002 1.5000000000000002 1.5000000000000002 18.872445147399198 1.0000000180025095e-35 3.0375270496321396 11.500000000000002 12.500000000000002 1.0000000180025095e-35 1.0000000180025095e-35 4.5000000000000009 4.3596116904199791 5.9478512286391902 16.500000000000004 9.1651273959638377 15.449549907884528 12.500000000000002 8.4721827700333971 16.150679585873462 9.038051378489186 1.0000000180025095e-35 3.5000000000000004 1.5000000000000002 24.500000000000004 1.0000000180025095e-35
decision_type=2 2 2 2 2 2 2 2 2 2 2 2 2 2 2 2 2 2 2 2 2 2 2 2 2 2 2 2 2 2
left_child=-1 2 4 -4 6 13 7 8 9 11 -11 16 -13 23 -9 -16 18 -18 -2 22 27 24 -17 -5 -19 26 -26 -15 -23 -30
right_child=1 -3 3 5 -6 -7 -8 14 -10 10 -12 12 -14 20 15 19 17 21 -20 -21 -22 28 -24 -25 25 -27 -28 -29 29 -31
leaf_value=0.05184179104166297 -0.028546863106011861 0.052481153778543899 0.052056744200570729 -0.039874209028995133 0.051874802812087256 0.053108051701295983 0.057698820877920991 -0.053566656797802287 0.059920555292070188 0.04407906128473895 -0.021501381368329839 0.035478558214498759 -0.020222368266631957 0.021715482802880791 0.10045624988539448 -0.042231870770653948 -0.069203102340082104 -0.027325460279354487 0.048240705298392791 -0.062655633303262223 -0.029349271661051834 -0.054038969464546387 0.013593313886633034 0.0098399507549188098 0.048135003896422987 -0.05036959510115472 -0.023392244741193714 -0.012876906465139049 -0.055734196814655884 0.0065871300240146428
leaf_weight=13.537962436676024 1.577794276177886 6.8781208582222453 10.892996173352001 8.8638142831623572 5.3895096555352202 3.3789343163371077 2.113036334514617 14.43970900028944 2.383202798664569 3.7435388006269923 3.9086146242916584 3.959034536033867 4.6658931970596313 5.5952662229537946 1.6992161720991124 4.0393923483788967 3.9826514422893551 9.2808444052934664 1.3087559342384336 6.1420676819980145 3.3986006379127511 5.3875993713736516 1.4354321993887422 1.4730656370520598 2.5901581086218348 1.5973089337348936 1.5738978534936903 3.5482214353978634 2.1826551780104637 2.2879965230822563
leaf_count=397 33 176 303 128 155 64 20 342 30 66 26 41 38 29 7 58 36 115 18 99 20 89 16 9 33 18 22 35 24 20
internal_value=0.000542192 -0.0048117 -0.00801969 0.0103262 -0.0159737 -0.00698558 -0.0205276 -0.0226417 -0.0125234 -0.0161168 0.0105815 -0.0211743 0.0053456 -0.0158607 -0.0410258 -0.0274267 -0.0283741 -0.0318362 0.00626846 -0.0461323 -0.00190819 -0.0258596 -0.0275952 -0.0327897 -0.0163672 0.00128519 0.0210997 0.00829156 -0.0403436 -0.0238393
internal_weight=143.255 129.717 122.839 37.1509 85.6883 26.2579 80.2988 78.1858 50.4299 48.0467 7.65215 40.3946 8.62493 22.879 27.7558 13.3161 31.7697 28.8831 2.88655 11.6169 12.5421 24.9005 5.47482 10.3369 15.0422 5.76136 4.16406 9.14349 9.85825 4.47065
internal_count=2467 2070 1894 588 1306 285 1151 1131 609 579 92 487 79 221 522 180 408 357 51 173 84 321 74 137 188 73 55 64 133 44
is_linear=0
shrinkage=0.05


Tree=52
num_leaves=31
num_cat=0
split_feature=31 15 11 39 6 17 38 6 7 36 32 36 29 35 4 29 38 6 32 35 32 36 32 32 35 32 32 22 32 32
split_gain=14.8765 8.22723 8.61064 8.55341 8.79802 10.9107 7.66083 5.25789 4.97421 9.90354 9.85926 3.09853 2.90702 2.50268 2.49065 2.58625 1.96853 1.59831 1.35014 0.928273 1.08266 1.04049 0.982895 1.01843 1.31917 0.899766 1.91195 0.592644 0.478652 0.474323
threshold=7.4446138188815985 1.0000000180025095e-35 1.0000000180025095e-35 1.0000000180025095e-35 1.0000000180025095e-35 1.0000000180025095e-35 3.5000000000000004 1.5000000000000002 1.0000000180025095e-35 15.500000000000002 4.3596116904199791 24.500000000000004 5.2036832726553373 12.500000000000002 2.5000000000000004 3.1385506848250149 2.5000000000000004 1.0000000180025095e-35 15.131696452394161 6.5000000000000009 11.493068130722984 18.500000000000004 6.5211256430946767 7.9383696242776152 8.5000000000000018 10.748367880957078 12.683032353141799 1.5000000000000002 14.268928916553927 11.585819541211192
decision_type=2 2 2 2 2 2 2 2 2 2 2 2 2 2 2 2 2 2 2 2 2 2 2 2 2 2 2 2 2 2
left_child=1 2 3 4 8 -6 29 14 12 -10 -11 18 13 27 15 -7 -17 -5 19 21 22 -12 -21 -24 -25 -13 -27 -1 -28 -3
right_child=-2 6 -4 17 5 7 -8 -9 9 10 11 25 -14 -15 -16 16 -18 -19 -20 20 -22 -23 23 24 -26 26 28 -29 -30 -31
leaf_value=-0.04912802594062949 0.053513656612501362 0.055342655562287485 0.052544525599352181 0.051779345460202901 0.051723552706887777 -0.052637559895985397 -0.030610890037865563 0.052680289037749052 0.089976241335283966 0.1202841041286529 -0.06775896141041457 0.013208182403547604 0.026285722873284741 0.026590336923613608 0.026280744914328181 -0.042494432986916582 0.018257288686246594 0.0088229676282399923 0.00041375112663377689 -0.048145958342399001 -0.062037575200726794 -0.027213691999478637 0.0085837344083270813 0.006917866846389527 -0.049684439197796679 -0.055592088450739978 0.01883449329591446 -0.014050142122689669 -0.013156552602151893 0.03583073075074409
leaf_weight=27.162220649421226 12.219301749020813 7.5080597344785946 5.3546752557158461 5.2998099550604802 9.1482144445180911 7.8245389312505722 4.1913857571780673 2.4338352419435969 2.1552768200635901 1.2017546296119679 4.8852401636540952 4.5212732069194299 1.5204079411923874 1.1849641874432553 1.9510115757584578 2.3324431404471397 3.1131241098046303 3.6614671275019646 2.2700038515031329 3.2612098120152933 2.4778105393052092 2.340381994843483 2.7951257042586803 1.5862259417772291 2.9322384744882584 2.0728633962571621 2.2320202700793743 1.2599667385220517 2.4555917829275131 5.3228438757359982
leaf_count=603 343 155 141 160 284 107 31 51 9 5 40 39 27 12 14 29 24 40 33 34 34 38 25 20 39 22 17 25 23 64
internal_value=0.000831125 -0.00425953 -0.00928945 -0.0124707 -0.0168703 0.00740674 0.028077 -0.0155568 -0.0263953 -0.0140515 -0.0204516 -0.025451 -0.0411422 -0.0446048 -0.0264678 -0.034223 -0.00776386 0.0342279 -0.0361546 -0.0402482 -0.0322887 -0.0546263 -0.0253182 -0.015139 -0.029814 -0.00405834 -0.0156058 -0.047573 0.00207608 0.0472482
internal_weight=138.675 126.456 109.434 104.079 95.1177 26.8032 17.0223 17.655 68.3146 37.187 35.0317 33.83 31.1276 29.6072 15.2211 13.2701 5.44557 8.96128 22.5482 20.2782 13.0526 7.22562 10.5748 7.31359 4.51846 11.2817 6.76048 28.4222 4.68761 12.8309
internal_count=2488 2145 1895 1754 1554 509 250 225 1045 378 369 364 667 640 174 160 53 200 263 230 152 78 118 84 59 101 62 628 40 219
is_linear=0
shrinkage=0.05


Tree=53
num_leaves=31
num_cat=0
split_feature=31 11 15 39 38 5 17 6 8 36 30 30 29 7 30 36 36 29 38 30 29 0 30 30 35 36 38 0 35 33
split_gain=14.5401 7.05392 6.60869 7.80025 7.25545 6.72962 10.9727 5.38296 4.24892 3.11956 2.91658 2.7715 4.07841 2.43968 10.3233 10.8444 2.16732 1.52075 2.08637 1.42585 1.19777 1.7549 0.936454 1.38265 0.906471 2.30285 0.847378 2.69538 0.716064 0.476125
threshold=7.4446138188815985 1.0000000180025095e-35 1.0000000180025095e-35 1.0000000180025095e-35 3.5000000000000004 1.0000000180025095e-35 1.0000000180025095e-35 1.5000000000000002 1.5000000000000002 24.500000000000004 19.609767240503057 8.5850002514866244 3.438811922224569 1.0000000180025095e-35 4.3596116904199791 15.500000000000002 25.500000000000004 3.1385506848250149 2.5000000000000004 12.683032353141799 1.6444966750710746 12.500000000000002 10.416871687203829 7.8940034140779822 6.5000000000000009 16.500000000000004 1.5000000000000002 13.500000000000002 11.500000000000002 1.0000000180025095e-35
decision_type=2 2 2 2 2 2 2 2 2 2 2 2 2 2 2 2 2 2 2 2 2 2 2 2 2 2 2 2 2 2
left_child=1 2 3 5 26 8 -7 17 9 10 13 -11 19 24 -15 -16 -5 28 -19 -13 -17 22 23 -22 25 -1 -4 -28 -8 -26
right_child=-2 -3 4 16 -6 6 7 -9 -10 11 -12 12 -14 14 15 20 -18 18 -20 -21 21 -23 -24 -25 29 -27 27 -29 -30 -31
leaf_value=-0.049155130967706746 0.053407886177579002 0.052440101309668044 0.054185571243724744 0.04749851368558794 -0.029714779787139264 0.05163666834291683 -0.047462088809261595 0.052509530092491687 0.056760289628962991 0.0379073494204855 0.031273842921728252 -0.057284733870657301 0.024463120582581505 0.10658429033160516 0.090038072792082841 -0.064729904382134412 -0.022022016624935321 -0.042306698452963608 0.019727197026532625 -0.013851004118240501 -0.0024561180541243679 -0.055519917493522232 0.0050019817357953881 -0.047521623055242282 -0.053179770698126051 0.010679216666611764 -0.0063294477736456078 0.063047879267651444 -0.0098561545493429936 -0.014283941741068742
leaf_weight=5.2890201061964062 11.435173634439705 5.0324964821338645 6.4436504226177949 6.3961559012532225 5.0224803835153571 8.4401012398302573 7.8332235999405402 2.3381022103130809 1.5475129708647717 2.8273288011550894 1.717798352241515 4.3470801636576635 3.8820296749472618 1.4354266226291681 1.6898759752512003 4.4345249049365547 1.359339404851198 2.4653020352125159 3.0106779783964157 3.3424241878092289 2.6975135207176226 6.5015181787312022 2.4185564406216145 4.611991673707962 17.775475263595585 2.3105663470923901 2.8627712279558182 2.739884540438652 1.5098262019455431 0.82322113215923209
leaf_count=130 336 138 155 167 38 275 107 52 16 19 28 48 33 6 7 42 15 31 23 31 16 112 26 51 450 34 26 31 17 17
internal_value=-0.000523807 -0.00553347 -0.0080044 -0.0128672 0.020771 -0.0168743 0.00496236 -0.0179981 -0.0251366 -0.0270538 -0.0327857 -0.00647094 -0.0173141 -0.0349871 -0.0233953 -0.0317417 0.0353133 -0.0291226 -0.00820064 -0.0384052 -0.0417007 -0.0354082 -0.0219671 -0.0308906 -0.045513 -0.0309632 0.04182 0.0275984 -0.041385 -0.0514582
internal_weight=134.541 123.106 118.073 101.005 17.0688 93.2491 25.5972 17.1571 67.6519 66.1044 51.7055 14.3989 11.5715 49.9877 23.7894 22.354 7.7555 14.819 5.47598 7.6895 20.6641 16.2296 9.72806 7.30951 26.1983 7.59959 12.0463 5.60266 9.34305 18.5987
internal_count=2477 2141 2003 1753 250 1571 505 230 1066 1050 919 131 112 891 260 254 182 178 54 79 247 205 93 67 631 164 212 57 124 467
is_linear=0
shrinkage=0.05


Tree=54
num_leaves=31
num_cat=0
split_feature=2 11 39 5 17 6 8 2 29 36 35 21 35 15 30 36 29 8 36 30 35 5 30 29 30 0 36 36 36 30
split_gain=13.8126 8.30071 6.61716 7.98791 10.2826 5.07379 4.51923 5.02169 5.20191 2.9187 2.22995 2.94776 2.33534 2.02969 5.00224 1.91274 1.79362 1.70217 8.55644 1.77875 1.49099 1.36087 1.23141 1.54137 1.5401 1.42539 1.1427 0.947067 0.907982 0.878538
threshold=1.0000000180025095e-35 1.0000000180025095e-35 1.0000000180025095e-35 1.0000000180025095e-35 1.0000000180025095e-35 1.5000000000000002 1.5000000000000002 1.5000000000000002 3.6127552040097792 24.500000000000004 9.5000000000000018 1.0000000180025095e-35 5.5000000000000009 1.0000000180025095e-35 11.525788892979225 25.500000000000004 3.1385506848250149 1.0000000180025095e-35 17.500000000000004 9.1651273959638377 10.500000000000002 1.0000000180025095e-35 5.9478512286391902 2.773112293567868 9.0380513784891843 9.5000000000000018 15.500000000000002 20.500000000000004 21.500000000000004 8.4721827700333954
decision_type=2 2 2 2 2 2 2 2 2 2 2 2 2 2 2 2 2 2 2 2 2 2 2 2 2 2 2 2 2 2
left_child=-1 2 3 6 -5 10 7 8 9 13 12 28 -6 20 -15 -11 -17 -9 -19 29 22 -4 25 24 -24 26 -2 -10 -12 -20
right_child=1 -3 21 4 5 -7 -8 17 27 15 11 -13 -14 14 -16 16 -18 18 19 -21 -22 -23 23 -25 -26 -27 -28 -29 -30 -31
leaf_value=0.05159579911844267 -0.051998764958321599 0.052176318424272311 0.05161818346169833 0.051854108049726393 0.0077442797562262081 0.052568313546021594 0.057329694507716536 -0.053332110758806589 0.049055092876625336 0.034196937692921821 -0.0078829629546846476 0.017260970321115496 -0.055682266066166455 0.04236203161647055 -0.053079580853218039 -0.033954279146654477 0.016333315820160135 0.088678777864818079 -0.03422518175787026 -0.062393361104901505 -0.055136056162323845 0.0093846036921971208 -0.019058149342626406 -0.033946582953261362 0.030176286744634837 -0.066916587393584526 0.020019743681207444 0.0043806207494388955 -0.055780080025394266 0.0099996272660914931
leaf_weight=11.747316502034662 1.0715865753591161 5.9804018288850775 4.9637343883514387 9.8707345891743916 1.9302234724164069 2.8033247999846926 1.8194101825356472 12.681699648499489 3.4993799999356261 3.4972277358174306 1.6213534101843814 6.2182897105813026 5.848733976483345 3.1569369398057452 2.4293171167373657 3.873300738632679 3.2702590450644493 1.4104069173336036 4.3139719665050489 5.4760834816843271 5.6288133934140197 3.0977456569671631 4.3698959611356241 7.5040650069713593 2.4954014308750629 3.2963605560362339 1.1332865506410597 1.7947585694491861 2.5388260148465633 1.5181650593876836
leaf_count=395 29 176 164 312 17 63 18 345 55 26 26 39 72 66 11 29 25 6 65 98 95 35 58 118 30 32 19 22 32 18
internal_value=-0.000130828 -0.00523225 -0.00826695 -0.0116164 0.00977632 -0.0100388 -0.0205007 -0.022456 -0.012779 -0.0187028 -0.0197047 -0.0045347 -0.039944 -0.0264397 0.000856948 0.00389948 -0.0109331 -0.0403698 -0.0274451 -0.0419285 -0.0324197 0.0353893 -0.0259847 -0.0182832 -0.00116239 -0.0461013 -0.0149818 0.0339101 -0.0371131 -0.022713
internal_weight=130.861 119.114 113.133 105.072 30.8315 20.9608 74.2403 72.4209 47.0206 41.7265 18.1574 10.3785 7.77896 31.0857 5.58625 10.6408 7.14356 25.4003 12.7186 11.3082 25.4994 8.06148 19.8706 14.3694 6.8653 5.50123 2.20487 5.29414 4.16018 5.83214
internal_count=2496 2101 1925 1726 561 249 1165 1147 615 538 186 97 89 458 77 80 54 532 187 181 381 199 286 206 88 80 48 77 58 83
is_linear=0
shrinkage=0.05


Tree=55
num_leaves=31
num_cat=0
split_feature=31 11 5 17 17 2 6 8 38 32 35 18 13 32 29 8 2 29 35 36 29 0 35 32 36 36 15 19 29 19
split_gain=12.7161 6.28912 6.15084 8.43591 8.40774 6.19761 4.35019 4.18003 4.20467 5.53189 4.32457 3.28749 3.14888 2.68545 2.6422 2.66234 2.57971 3.06606 2.5447 2.39854 1.65099 1.84231 1.99514 2.93103 1.64268 1.28326 1.67948 1.01043 0.932404 0.781089
threshold=7.4446138188815985 1.0000000180025095e-35 1.0000000180025095e-35 1.0000000180025095e-35 1.0000000180025095e-35 1.0000000180025095e-35 1.5000000000000002 1.0000000180025095e-35 3.5000000000000004 10.748367880957078 5.5000000000000009 1.5000000000000002 1.0000000180025095e-35 10.483253181921015 2.773112293567868 1.0000000180025095e-35 1.5000000000000002 3.814089410479828 11.500000000000002 19.500000000000004 3.0375270496321396 9.5000000000000018 6.5000000000000009 7.9383696242776152 22.500000000000004 24.500000000000004 1.0000000180025095e-35 1.0000000180025095e-35 3.1026927801673843 1.0000000180025095e-35
decision_type=2 2 2 2 2 2 2 2 2 2 2 2 2 2 2 2 2 2 2 2 2 2 2 2 2 2 2 2 2 2
left_child=1 2 4 -4 5 -1 11 16 9 10 -9 12 -5 18 -14 28 17 20 -10 -12 21 -7 23 -23 -21 26 -24 -15 -16 -22
right_child=-2 -3 3 6 -6 7 -8 8 13 -11 19 -13 14 27 15 -17 -18 -19 -20 24 29 22 25 -25 -26 -27 -28 -29 -30 -31
leaf_value=0.051559921731726494 0.053269187221545625 0.052240214671178356 0.051777937444398528 -0.041419721786727259 0.051536520960052068 -0.0519765137197069 0.052662284157490316 -0.053042388439503277 -0.016058318434043966 0.055449288290082603 0.050253052985266236 0.053895471418092068 0.040666150054668074 -0.046024143388123918 -0.062801288250535867 0.015864600922311001 -0.053251008859050313 0.036332973059869725 0.052801211528454121 -0.035755738392980185 -0.061112871561339321 -0.027968064324304289 -0.052269730703062373 0.081776274066771765 0.018898940720390164 0.022623842793352077 0.015419607207171171 -0.01038551348546523 -0.018292679475233185 -0.017337186242038165
leaf_weight=3.0308101642876855 10.445967545732854 4.7172422092407933 9.2700829654932004 8.2604748979210925 4.5558563582599154 3.140418089926249 2.9514678660780183 3.8337632939219501 7.9939687587320822 4.5620388388633719 2.6659632399678213 1.7353522181510914 2.8643927834928045 10.598150447010992 2.3029163926839811 3.8830528035759926 12.00898599624634 1.9125254750251759 1.6122739240527151 2.6617247648537159 4.6976264193654051 1.1337245739996418 3.4955591782927513 1.3130577057600019 2.8434693291783333 1.2392563149332998 1.2419675029814241 2.4483136162161818 2.4060380645096302 1.3012712858617304
leaf_count=104 336 141 306 129 158 86 66 24 113 29 13 26 28 129 19 20 342 27 9 24 78 26 87 19 27 11 37 28 23 16
internal_value=0.000418197 -0.0043133 -0.00669599 0.0111733 -0.0143818 -0.0184547 -0.004251 -0.0214559 -0.0105633 0.00858029 -0.00923059 -0.0120813 -0.0178882 -0.0245638 -0.000921065 -0.0147854 -0.0350247 -0.023786 -0.00450121 0.0113251 -0.0303327 -0.0192912 -0.00710574 0.0309259 -0.00752623 -0.0226752 -0.0345246 -0.0393362 -0.0400596 -0.0516171
internal_weight=127.128 116.682 111.965 33.6738 78.2907 73.7349 24.4037 70.7041 39.2197 16.567 12.0049 21.4522 19.7169 22.6527 11.4564 8.59201 31.4844 19.4754 9.60624 8.17116 17.5629 11.564 8.42357 2.44678 5.50519 5.97678 4.73753 13.0465 4.70895 5.9989
internal_count=2481 2145 2004 617 1387 1229 311 1125 396 117 88 245 219 279 90 62 729 387 122 64 360 266 180 45 51 135 124 157 42 94
is_linear=0
shrinkage=0.05


Tree=56
num_leaves=31
num_cat=0
split_feature=2 11 6 17 17 15 6 8 30 30 36 30 0 7 30 35 4 36 38 2 35 38 35 36 35 39 36 38 30 30
split_gain=11.9177 7.7007 4.75721 8.92131 7.6549 4.97146 4.37914 4.06969 3.85449 3.55035 2.52643 4.03064 1.94026 2.49667 2.39273 1.52205 1.36702 1.4997 2.18553 1.71516 1.64924 1.26206 1.12097 5.49713 1.02154 0.968293 0.875468 1.27836 0.983696 0.880911
threshold=1.0000000180025095e-35 1.0000000180025095e-35 1.0000000180025095e-35 1.0000000180025095e-35 1.0000000180025095e-35 1.0000000180025095e-35 1.5000000000000002 1.5000000000000002 19.609767240503057 11.525788892979225 24.500000000000004 8.5850002514866244 12.500000000000002 1.0000000180025095e-35 14.206613927459331 11.500000000000002 2.5000000000000004 20.500000000000004 4.5000000000000009 1.5000000000000002 9.5000000000000018 4.5000000000000009 6.5000000000000009 16.500000000000004 11.500000000000002 1.0000000180025095e-35 22.500000000000004 2.5000000000000004 7.916125321121406 6.7969257976498705
decision_type=2 2 2 2 2 2 2 2 2 2 2 2 2 2 2 2 2 2 2 2 2 2 2 2 2 2 2 2 2 2
left_child=-1 2 4 -4 5 7 16 8 10 -7 12 -12 13 14 22 21 17 19 20 -5 -19 -13 23 -2 -22 -21 27 29 -29 -15
right_child=1 -3 3 6 -6 9 -8 -9 -10 -11 11 15 -14 26 -16 -17 -18 18 -20 25 24 -23 -24 -25 -26 -27 -28 28 -30 -31
leaf_value=0.051446926470765701 -0.051907598058089838 0.052044128434463849 0.051659441697025035 0.024680688004030629 0.051461681929312914 0.054893332799095612 0.052508112453787753 0.055912451250073603 0.055788063488469854 -0.012958451637712887 0.048030001170726908 -0.05606481855415394 -0.052353608284183166 0.0016741649874376905 0.047213725458092826 -0.00013903956314600762 0.02003068393538783 -0.074206002745104124 0.0046164740067499354 -0.053103127050166544 -0.013563751798452551 -0.0075050346247737864 -0.051858035455423147 0.069656916895169646 -0.05721122847750483 0.0047515796426825093 -0.037715159555324215 -0.0070505343283887205 0.044603948585669462 -0.031543673326696255
leaf_weight=10.630831137299536 4.1016608886420789 5.8017609622329465 8.8060788679867965 3.3436619341373541 4.1522198356688014 3.6641288734972468 2.7114361319690934 1.5726537331938732 1.4183787629008282 4.0687108412384987 2.5524350330233565 3.7868302166461927 10.341804264113305 3.5049484372138959 0.75745117291808028 4.4601167514920235 2.456229753792285 2.8457424417138082 3.3405719548463813 1.6464899480342865 4.0402626283466816 2.069147877395153 12.259047619998453 1.2026224508881567 2.00615019723773 1.2897301763296127 2.7033608965575686 1.8823411874473088 1.8059975914657114 4.6354850940406322
leaf_count=393 118 184 308 35 151 74 64 18 27 24 17 42 212 18 18 29 16 26 28 36 40 32 362 16 25 15 34 27 17 35
internal_value=0.000909241 -0.00400946 -0.00715384 0.00869235 -0.0144105 -0.0185059 -0.00728599 -0.0234423 -0.0256134 0.0191924 -0.0276728 -0.00822655 -0.0334662 -0.0275206 -0.0397966 -0.0221457 -0.0150178 -0.019668 -0.0298646 0.000194011 -0.0428183 -0.0389067 -0.0435491 -0.0243457 -0.0280456 -0.0276905 -0.0120441 -0.00617725 0.0182421 -0.0172414
internal_weight=119.858 109.227 103.426 32.4864 70.9393 66.7871 23.6803 59.0543 57.4816 7.73284 56.0632 12.8685 43.1947 32.8529 18.3208 10.3161 20.9688 18.5126 12.2327 6.27988 8.89216 5.85598 17.5633 5.30428 6.04641 2.93622 14.5321 11.8288 3.68834 8.14043
internal_count=2441 2048 1864 593 1271 1120 285 1022 1004 98 977 120 857 645 514 103 221 205 119 86 91 74 496 134 65 51 131 97 44 53
is_linear=0
shrinkage=0.05


Tree=57
num_leaves=31
num_cat=0
split_feature=2 11 38 39 37 38 29 5 17 38 38 38 38 36 36 29 5 17 29 13 16 38 5 3 38 0 30 30 30 36
split_gain=11.6914 7.36001 6.43443 4.92025 5.57554 20.8817 5.18761 4.20586 6.44024 3.51179 5.07169 3.49914 11.3535 3.34761 2.71241 2.99199 2.61007 3.02506 1.79536 4.32665 1.78299 3.0434 1.69311 1.55737 1.3251 2.4968 1.30444 0.694858 1.39705 0.449872
threshold=1.0000000180025095e-35 1.0000000180025095e-35 5.5000000000000009 1.0000000180025095e-35 1.5000000000000002 4.5000000000000009 5.2036832726553373 1.0000000180025095e-35 1.0000000180025095e-35 3.5000000000000004 2.5000000000000004 2.5000000000000004 4.5000000000000009 22.500000000000004 24.500000000000004 3.438811922224569 1.0000000180025095e-35 1.0000000180025095e-35 2.5467889716101815 1.0000000180025095e-35 1.0000000180025095e-35 1.5000000000000002 1.0000000180025095e-35 4.5000000000000009 1.5000000000000002 10.500000000000002 13.345723213788853 9.1651273959638377 8.4721827700333954 24.500000000000004
decision_type=2 2 2 2 2 2 2 2 2 2 2 2 2 2 2 2 2 2 2 2 2 2 2 2 2 2 2 2 2 2
left_child=-1 2 3 4 5 6 7 9 -9 10 13 -6 -13 20 -11 26 23 -18 19 -10 24 -22 -5 27 -2 -26 -16 28 29 -14
right_child=1 -3 -4 22 11 -7 -8 8 18 14 -12 12 16 -15 15 -17 17 -19 -20 -21 21 -23 -24 -25 25 -27 -28 -29 -30 -31
leaf_value=0.051378276392622969 -0.051844693360224819 0.051867064414106427 0.087524410818154486 0.05139337953496053 -0.049381271283059074 0.17220436208104856 0.058831384647877349 0.051538201191882363 -0.03408223398090629 -0.058554038809846276 0.074149974722266851 0.084611561785008241 -0.052829400127337459 0.029919473839084273 -0.061025662598554922 0.024347755164857911 0.051772105109235002 -0.030231911568511974 -0.027761892548705421 0.066004004451716697 0.052109300657358595 -0.036785566605281823 0.0027273440304375887 -0.098396744906685887 -0.00049224692645896499 -0.047487150761236496 -0.0090136351576087827 -0.053985405547167242 0.016678211107195785 -0.016338175111983318
leaf_weight=9.938493696972726 4.9110624045133706 5.36145295202732 1.7261739075183857 4.045126073062419 13.435966808348896 1.6320682056248177 2.6973780933767548 5.8069470543414363 2.3084902800619602 8.4293626397848147 1.7055268771946419 2.4402937255799779 2.7565360292792307 3.5175152719020835 3.0539774112403384 2.7478215843439102 1.7386120501905686 3.184502337127924 7.4188093617558479 2.0287471357733011 1.9272909983992568 1.9239913448691368 3.2018120996654034 1.2223042361438263 6.5326629355549812 4.9815815277397633 1.9916059672832487 4.0702429488301277 1.3842084500938652 1.2177075520157812
leaf_count=385 146 181 22 154 402 11 40 216 46 138 17 28 56 31 26 21 60 34 71 14 61 14 37 10 37 65 18 92 18 11
internal_value=-0.000544928 -0.00526193 -0.00820598 -0.00982111 -0.0128485 -0.00433443 -0.00898287 -0.0120683 0.00845792 -0.0207088 -0.00913847 -0.0300699 -0.0156666 -0.0151085 -0.0388955 -0.0176328 -0.0313791 -0.00127196 -0.0128218 0.0127332 -0.0229198 0.00769995 0.029892 -0.0452952 -0.0300992 -0.0208244 -0.0404953 -0.0384113 -0.0265814 -0.0416485
internal_weight=119.338 109.4 104.038 102.312 95.0652 63.6148 61.9828 59.2854 17.563 41.7224 25.4996 31.4504 18.0144 23.7941 16.2228 7.7934 15.5741 4.92311 11.756 4.33724 20.2766 3.85128 7.24694 10.651 16.4253 11.5142 5.04558 9.42869 5.35845 3.97424
internal_count=2462 2077 1896 1874 1683 972 961 921 347 574 371 711 309 354 203 65 281 94 131 60 323 75 191 187 248 102 44 177 85 67
is_linear=0
shrinkage=0.05


Tree=58
num_leaves=31
num_cat=0
split_feature=31 11 15 38 39 8 5 17 6 7 36 36 21 5 36 32 38 2 38 31 31 32 31 32 32 32 32 32 31 2
split_gain=11.3245 5.48331 5.85202 6.8349 5.47296 4.72903 4.61986 9.36565 4.94995 2.65595 6.33494 2.24025 1.95958 1.63722 1.11688 1.41049 1.08175 1.00482 0.962267 1.76537 5.53906 0.935891 2.83055 0.926037 0.813967 0.723603 0.8324 0.508266 1.81021 2.24538
threshold=5.2036832726553373 1.0000000180025095e-35 1.0000000180025095e-35 3.5000000000000004 1.0000000180025095e-35 1.5000000000000002 1.0000000180025095e-35 1.0000000180025095e-35 1.5000000000000002 1.0000000180025095e-35 15.500000000000002 24.500000000000004 1.0000000180025095e-35 1.0000000180025095e-35 16.500000000000004 7.9383696242776152 1.5000000000000002 1.5000000000000002 4.5000000000000009 3.1385506848250149 3.6127552040097792 11.585819541211192 3.3300921486066026 11.658087357612452 9.1651273959638377 14.475916880138366 10.452689356235801 7.9383696242776152 2.773112293567868 1.5000000000000002
decision_type=2 2 2 2 2 2 2 2 2 2 2 2 2 2 2 2 2 2 2 2 2 2 2 2 2 2 2 2 2 2
left_child=1 2 4 21 5 6 9 -8 12 11 -11 27 -9 -6 -12 17 -2 -16 25 24 -21 -4 -23 -14 -20 26 -17 -1 29 -29
right_child=16 -3 3 -5 13 -7 7 8 -10 10 14 -13 23 -15 15 18 -18 -19 19 20 -22 22 -24 -25 -26 -27 -28 28 -30 -31
leaf_value=-0.051734077393555025 0.052981328636411577 0.051804726890583734 0.054435947146361588 -0.030400705409600368 0.051320668428296551 0.063061174413157603 0.051264966797787026 -0.053854505841942124 0.052080503085995523 0.081118531940486516 -0.056083114523881629 -0.0024816975355408987 0.0064495051605284077 0.0031936860199763273 0.010298564975732989 -0.055231710344150836 0.010597584191038449 -0.025537625189396562 -0.0094698390063552036 0.099413828845181629 -0.052919624157147821 -0.013671669223027198 0.060663793401931926 -0.029529528021048565 -0.052836955400432595 -0.059792857068599076 -0.019140947092971306 0.033602846783744846 -0.052142026052954982 -0.051692357699356942
leaf_weight=11.518982090055948 10.107935547828673 4.103080926463007 6.2387523874640483 4.6730643399059764 3.8962324392050496 1.8331804797053326 6.5430561956018218 5.6523655839264375 2.038888957351447 1.5887306928634668 2.1566932797431972 3.6945313885807982 3.0364810861647129 3.2338326685130596 5.6386312469840068 2.1983562000095862 1.7689141817390908 2.9950750060379505 2.1661967374384394 1.1807687487453224 1.2064712662249801 2.4227159637957811 2.7165465410798788 4.3511542603373528 2.1617908924818039 2.5015321038663378 5.8467085286974907 1.7033001780509931 5.9102393928915262 1.4105399139225483
leaf_count=370 367 146 157 37 156 21 272 108 54 7 10 40 26 37 37 27 21 48 29 13 29 30 37 32 51 23 57 30 164 45
internal_value=0.000400985 -0.00485161 -0.00716436 0.0205109 -0.0124236 -0.0162883 -0.0182149 0.00130917 -0.0203677 -0.0260501 -0.0160115 -0.0383265 -0.0316955 0.0294927 -0.0215125 -0.0186333 0.0466688 -0.00213318 -0.026886 -0.0120915 0.022427 0.0414207 0.0256211 -0.0147414 -0.0311313 -0.036306 -0.0290029 -0.044773 -0.0358873 -0.00503507
internal_weight=116.495 104.618 100.515 16.0511 84.4637 77.3337 75.5005 21.6219 15.0789 53.8785 29.641 24.2376 13.04 7.13007 28.0522 25.8955 11.8768 8.63371 17.2618 6.71523 2.38724 11.378 5.13926 7.38764 4.32799 10.5466 8.04506 20.5431 9.02408 3.11384
internal_count=2481 2093 1947 261 1686 1493 1472 492 220 980 331 649 166 193 324 314 388 85 229 122 42 224 67 58 80 107 84 609 239 75
is_linear=0
shrinkage=0.05


Tree=59
num_leaves=31
num_cat=0
split_feature=38 11 38 39 5 17 6 35 30 7 30 35 36 38 15 30 13 15 30 29 30 29 36 35 30 29 29 3 0 3
split_gain=10.5028 6.5557 5.52264 4.56341 5.51356 8.50651 3.72405 2.40684 2.58935 1.95409 2.56978 3.32274 4.88479 2.25387 2.3495 2.22238 1.95211 1.91588 1.78166 1.55173 1.53433 1.48831 1.42596 1.37822 1.39433 1.60371 1.35001 0.892894 0.824613 0.815603
threshold=1.0000000180025095e-35 1.0000000180025095e-35 5.5000000000000009 1.0000000180025095e-35 1.0000000180025095e-35 1.0000000180025095e-35 1.5000000000000002 12.500000000000002 18.328475884582289 1.0000000180025095e-35 12.786960787537971 5.5000000000000009 18.500000000000004 4.5000000000000009 1.0000000180025095e-35 11.525788892979225 1.0000000180025095e-35 1.0000000180025095e-35 11.65808735761245 4.788646484233344 8.2139334645605704 3.814089410479828 25.500000000000004 9.5000000000000018 8.5850002514866244 1.8505551827656268 3.1385506848250149 3.5000000000000004 14.500000000000002 4.5000000000000009
decision_type=2 2 2 2 2 2 2 2 2 2 2 2 2 2 2 2 2 2 2 2 2 2 2 2 2 2 2 2 2 2
left_child=-1 2 3 4 7 -6 16 8 9 13 11 20 -13 14 19 -16 21 23 -18 28 -11 -7 -5 -14 25 -25 -26 -12 -2 -10
right_child=1 -3 -4 22 5 6 -8 -9 29 10 27 12 17 -15 15 -17 18 -19 -20 -21 -22 -23 -24 24 26 -27 -28 -29 -30 -31
leaf_value=0.051245262485349642 -0.047246274616891994 0.051702948573459057 0.097096938473778649 0.040959801367619841 0.051506466146735243 -0.053618995634425931 0.052222671803039258 0.034035830722550502 0.049835106709900476 -0.067721851478926939 -0.027115331391354375 0.049569580990831939 -0.037434058088234586 0.044414409566536278 0.05152506813872109 -0.045444567780433383 0.020398935127298116 0.031211665821435027 -0.022634178301312105 0.028952716506449205 -0.010873170830730278 0.00071255422329763235 -0.014152788207686513 -0.025015663052735743 -0.055836110677679678 0.029370345425887165 0.0029270232298798746 -0.063848917078719702 0.0026852427546475272 -0.0026082716858457223
leaf_weight=9.0892270915210229 20.143835399299874 4.885835798457264 1.2426687497645605 5.6504079047590485 7.6727596689015654 4.976027082651858 2.0685523822903624 1.9936966933310021 1.492933560162782 3.0968096964061287 3.6037055850028983 3.9399852119386223 5.8214945252984789 0.86961485631763835 1.3594961035996669 1.0450724512338636 4.0963990986347198 2.2460502833127967 5.8261057287454605 0.73009475693106551 1.9245163425803182 1.6880612075328825 1.4813709575682876 2.1693743430078012 2.1860715541988616 3.6128732897341251 1.767750635743141 3.0581546910107136 0.86227187141775985 1.4727010596543548
leaf_count=388 603 182 21 175 303 101 54 17 29 28 37 21 87 14 52 8 30 20 39 19 33 14 19 24 32 29 18 39 11 18
internal_value=-0.000276798 -0.00482403 -0.00763937 -0.00898314 -0.012043 0.00719041 -0.0110365 -0.0200304 -0.0217859 -0.0240989 -0.0161901 -0.00927361 -0.000807606 -0.0346692 -0.037518 0.00938017 -0.0189257 -0.0119562 -0.00486842 -0.0427061 -0.0459335 -0.0398564 0.0295121 -0.0181884 -0.00668077 0.00896589 -0.0295632 -0.043978 -0.0451967 0.0237923
internal_weight=112.074 102.985 98.0989 96.8562 89.7244 26.3279 18.6551 63.3965 61.4028 58.4372 33.4268 26.7649 21.7436 25.0104 24.1408 2.40457 16.5866 17.8036 9.9225 21.7362 5.02133 6.66409 7.13178 15.5576 9.73607 5.78225 3.95382 6.66186 21.0061 2.96563
internal_count=2465 2077 1895 1874 1680 541 238 1139 1122 1075 368 292 231 707 693 60 184 210 69 633 61 115 194 190 103 53 50 76 614 47
is_linear=0
shrinkage=0.05


Tree=60
num_leaves=31
num_cat=0
split_feature=31 38 11 2 39 37 38 23 38 38 5 17 38 38 35 38 5 17 36 29 15 29 5 35 0 38 30 0 36 29
split_gain=10.197 5.51048 4.67894 4.66944 4.56118 5.08546 22.7585 3.59692 2.82755 10.6199 2.79133 2.47994 2.43274 5.29938 2.45236 4.2473 2.11797 4.35268 2.84148 2.09466 1.87435 3.86524 1.45944 1.1715 1.07536 4.63552 2.2386 1.8904 2.0594 1.02533
threshold=7.4446138188815985 5.5000000000000009 1.0000000180025095e-35 1.0000000180025095e-35 1.0000000180025095e-35 1.5000000000000002 4.5000000000000009 1.0000000180025095e-35 2.5000000000000004 4.5000000000000009 1.0000000180025095e-35 1.0000000180025095e-35 3.5000000000000004 2.5000000000000004 11.500000000000002 1.5000000000000002 1.0000000180025095e-35 1.0000000180025095e-35 24.500000000000004 3.438811922224569 1.0000000180025095e-35 2.6561704564304831 1.0000000180025095e-35 9.5000000000000018 9.5000000000000018 1.5000000000000002 5.9478512286391902 11.500000000000002 18.500000000000004 3.3300921486066026
decision_type=2 2 2 2 2 2 2 2 2 2 2 2 2 2 2 2 2 2 2 2 2 2 2 2 2 2 2 2 2 2
left_child=1 2 3 -1 5 6 7 12 -7 -10 -11 -12 13 14 20 -16 18 -18 -14 -20 23 -22 -6 24 25 -5 -26 28 -28 -19
right_child=-2 -3 -4 4 22 8 -8 -9 9 10 11 -13 16 -15 15 -17 17 29 19 -21 21 -23 -24 -25 26 -27 27 -29 -30 -31
leaf_value=0.051291876282698094 0.052872674282110121 0.083838183852793499 0.051733267665991726 -0.045321715790096688 0.051212044744796729 -0.049512872568225313 0.16960840060418927 0.057073603869578798 0.081784868614247816 -0.047863194610208402 0.051607736472911593 -0.026349818569877143 -0.058305513669625011 0.069135561005128923 -0.03225876179172666 0.088918811890396854 0.051571364241631196 -0.0050258070228769497 -0.033505786172722034 0.019158825580831308 0.056894024997914898 -0.030958841168878249 0.0054310523856772926 -0.040147238908994326 -0.057329267250685635 0.087034426962374678 -0.0093902665509815117 -0.033870810180118477 0.055525460341356442 -0.05738070626446852
leaf_weight=3.205675406381487 8.3984636794775707 1.7365995775908221 3.3896011300384989 1.4475904218852653 3.5599954966455689 11.571773918345572 1.8147134706377972 1.9108518045395602 2.3265560809522876 10.132387654855846 1.5088069364428527 3.1498983632773161 7.2486657369881895 2.3041854649782172 1.3245689310133448 1.592511136084795 2.4177525378763667 1.6738703139126303 5.5505400300025922 2.8613718673586845 2.5130843538790932 2.494987640529871 3.4067108556628227 5.7529059164226046 3.0307628735899916 1.2182624787092209 4.0409955531358701 4.1841496452689171 1.7512006293982265 2.1190408580005169
leaf_count=133 340 31 130 52 155 395 12 34 29 196 59 38 131 34 39 22 96 28 51 21 52 22 41 118 38 16 52 78 20 20
internal_value=-6.93568e-05 -0.00446121 -0.00600227 -0.00803841 -0.0100855 -0.0132398 -0.00462984 -0.0103334 -0.0304215 -0.0175155 -0.0331349 -0.00110184 -0.0127398 -0.00387954 -0.00961155 0.0338953 -0.0255637 -0.000856239 -0.0353622 -0.0155915 -0.0144127 0.0131263 0.0288252 -0.0208496 -0.0137663 0.0151634 -0.0196955 -0.00826258 0.0102362 -0.0342757
internal_weight=109.638 101.24 99.5034 96.1138 92.9081 85.9414 57.252 55.4373 28.6894 17.1176 14.7911 4.65871 53.5264 31.6552 29.351 2.91708 21.8712 6.21066 15.6606 8.41191 26.4339 5.00807 6.96671 21.4259 15.673 2.66585 13.0071 9.97635 5.7922 3.79291
internal_count=2483 2143 2112 1982 1849 1653 936 924 717 322 293 97 890 543 509 61 347 144 203 72 448 74 196 374 256 68 188 150 72 48
is_linear=0
shrinkage=0.05


Tree=61
num_leaves=31
num_cat=0
split_feature=31 38 11 35 2 39 2 38 23 38 38 38 38 29 5 17 3 5 30 30 15 29 38 0 5 17 29 29 36 30
split_gain=9.24469 5.1787 4.39906 4.54496 4.45145 4.27345 3.16193 15.1807 4.04878 2.9876 11.1583 2.8969 4.97877 2.31572 2.03443 4.07215 1.75054 1.66635 1.45376 2.4789 1.40074 3.12761 2.25881 4.12917 1.11891 2.41301 1.08903 0.88157 0.798892 0.75228
threshold=7.4446138188815985 5.5000000000000009 1.0000000180025095e-35 12.500000000000002 1.0000000180025095e-35 1.0000000180025095e-35 1.5000000000000002 4.5000000000000009 1.0000000180025095e-35 2.5000000000000004 4.5000000000000009 3.5000000000000004 2.5000000000000004 3.009344842060647 1.0000000180025095e-35 1.0000000180025095e-35 4.5000000000000009 1.0000000180025095e-35 13.636219711736683 15.44954990788453 1.0000000180025095e-35 2.6561704564304831 1.5000000000000002 11.500000000000002 1.0000000180025095e-35 1.0000000180025095e-35 2.6561704564304831 3.2468620983371328 18.500000000000004 9.1651273959638377
decision_type=2 2 2 2 2 2 2 2 2 2 2 2 2 2 2 2 2 2 2 2 2 2 2 2 2 2 2 2 2 2
left_child=1 2 3 4 -1 6 7 8 11 -8 -11 12 20 -5 18 -16 24 -7 -13 -20 22 -22 -6 26 29 -26 28 -17 -24 -12
right_child=-2 -3 -4 13 5 17 9 -9 -10 10 16 14 -14 -15 15 27 -18 -19 19 -21 21 -23 23 -25 25 -27 -28 -29 -30 -31
leaf_value=0.0512346693791913 0.052637093779528271 0.082973512461315707 0.051671106541409363 0.0050630591029838627 -0.039314943951834241 0.051147732639933746 -0.047940961050160033 0.15332761218027735 0.056949283321108636 0.084185806163859733 -0.02337012635447748 -0.053474811553601377 0.06905001129503581 0.095333357911562819 0.051364420218055075 -0.0093625431231464679 -0.0842458846069917 0.00087408668951523608 0.012456762163003903 -0.057224756235889865 0.055802068923259597 -0.023349916132807076 0.017420835898854743 -0.042365493318238634 0.051570256432903729 -0.030088453176491753 0.037562695992204381 -0.059726752391705586 -0.013299624270299163 -0.053508860322629394
leaf_weight=2.9475117251276961 7.8548075314611188 1.6926674731075753 3.2798498533666125 1.2920030783861869 7.0543593186885216 3.4909568578004828 11.248047437518837 1.4321852773427952 2.0628071930259457 2.4398867599666128 4.8609522711485607 8.2529658433049935 2.1103067751973859 1.5783859193325041 2.0564254708588114 1.5709943659603598 1.4208759423345334 3.1225919723510742 2.7746158372610799 2.363598270341754 2.3339913841336957 2.6823687497526407 4.2766516450792569 5.2228883896023026 1.3128952234983433 2.9095955137163401 2.9351133108139029 1.9440659955143926 4.1893571503460407 3.6067195385694504
leaf_count=128 338 33 130 26 204 160 397 9 37 27 85 125 34 25 90 23 14 37 36 31 54 24 42 88 53 32 35 18 45 95
internal_value=0.000435663 -0.00372855 -0.00524507 -0.00724176 -0.00920375 -0.0112356 -0.0143886 -0.00725451 -0.0116917 -0.0280576 -0.0145448 -0.0145368 -0.00507222 0.0547014 -0.0299121 -0.00452198 -0.031616 0.027411 -0.0404759 -0.019597 -0.0105234 0.0134776 -0.0156081 -0.00554821 -0.0257232 -0.00469838 0.0113179 -0.0372174 0.00221899 -0.0362074
internal_weight=106.32 98.4656 96.773 93.4931 90.6227 87.6752 81.0617 53.2627 51.8305 27.799 16.5509 49.7677 30.805 2.87039 18.9627 5.57149 14.111 6.61355 13.3912 5.13821 28.6947 5.01636 23.6784 16.624 12.6902 4.22249 11.4011 3.51506 8.46601 8.46767
internal_count=2475 2137 2104 1974 1923 1795 1598 895 886 703 306 849 526 51 323 131 279 197 192 67 492 78 414 210 265 85 122 41 87 180
is_linear=0
shrinkage=0.05


Tree=62
num_leaves=31
num_cat=0
split_feature=31 11 38 38 39 15 38 38 38 37 35 8 5 17 36 0 13 29 29 0 38 29 36 38 36 35 36 38 35 30
split_gain=8.57169 4.17832 4.09289 3.62407 3.62134 3.53809 5.03505 3.43954 7.02112 3.10013 2.90503 3.38913 1.93488 2.86926 1.81587 1.64012 1.46906 1.45733 2.68404 1.4229 2.52086 1.44817 1.94437 1.37425 2.80501 1.20971 1.21414 1.1843 1.04642 0.932951
threshold=5.2036832726553373 1.0000000180025095e-35 2.5000000000000004 5.5000000000000009 1.0000000180025095e-35 1.0000000180025095e-35 3.5000000000000004 2.5000000000000004 3.5000000000000004 1.5000000000000002 11.500000000000002 1.0000000180025095e-35 1.0000000180025095e-35 1.0000000180025095e-35 25.500000000000004 12.500000000000002 1.0000000180025095e-35 3.438811922224569 3.5447213558571025 11.500000000000002 1.5000000000000002 2.6561704564304831 20.500000000000004 1.5000000000000002 22.500000000000004 11.500000000000002 18.500000000000004 4.5000000000000009 5.5000000000000009 7.916125321121406
decision_type=2 2 2 2 2 2 2 2 2 2 2 2 2 2 2 2 2 2 2 2 2 2 2 2 2 2 2 2 2 2
left_child=1 3 -2 4 5 7 23 9 -9 10 19 -12 15 -14 -6 25 -15 -17 -19 20 -1 22 28 -7 -25 26 -10 -28 -22 -29
right_child=2 -3 -4 -5 14 6 -8 8 12 -11 11 -13 13 16 -16 17 -18 18 -20 -21 21 -23 -24 24 -26 -27 27 29 -30 -31
leaf_value=-0.042077706302270666 0.053110245997213361 0.051577231803257684 -0.08533999091615932 0.082863526545420466 0.044971658995300874 0.053074358201345886 -0.037191562220355287 0.085723726314827497 0.033658848569448001 -0.048225612220208401 -0.019649641905877004 0.096713762715246676 0.05102666425951137 -0.034496028674862511 -0.020866772262536928 -0.038248858507031275 0.013513820166893196 0.043003084839392094 -0.032069809192635447 -0.044914468452508308 -0.020791776368220966 0.028459181212412223 -0.049092051419255517 -0.015248091868626558 0.060650828258610845 0.026674463629761738 -0.053838849643484177 -0.026495154177995358 0.025197005907501187 0.029443351351198549
leaf_weight=5.3948981519788548 9.3583718035370076 3.299847310408949 0.5660949535667904 1.1400471832603205 4.7302848603576413 4.5069663468748313 3.4864018969237796 2.0883988887071601 1.167309900745751 10.40007224306464 1.3226825948804608 1.1875608265399933 2.9746543318033201 2.9281641859561205 1.3450893610715864 9.5552379656583053 3.4954428263008595 1.8488255999982346 3.3440751545131207 4.9603306110948315 2.1603243518620729 3.1299586016684771 2.4029946830123663 3.0414478909224272 2.0296827964484692 2.9458934348076582 1.9172999896109102 1.8389974106103184 2.893815640360117 1.2534085679799316
leaf_count=170 377 138 4 21 176 159 31 35 14 385 43 5 151 51 18 183 30 19 62 90 14 34 29 31 26 23 39 35 32 15
internal_value=0.00104736 -0.00367642 0.045213 -0.00571383 -0.00685681 -0.00960758 0.0142574 -0.0141124 -0.00320585 -0.0255039 -0.015428 0.0354002 -0.00878819 0.0104289 0.030395 -0.0163541 -0.00837119 -0.026662 -0.00534165 -0.0215205 -0.0142597 -8.4383e-05 -0.0120649 0.0329846 0.0151299 0.000309686 -0.012264 -0.0229645 0.00553972 -0.00382226
internal_weight=102.715 92.7901 9.92447 89.4903 88.3502 82.2748 13.0645 69.2103 35.3577 33.8526 23.4526 2.51024 33.2693 9.39826 6.07537 23.871 6.42361 14.7481 5.1929 20.9423 15.982 10.5871 7.45713 9.5781 5.07113 9.12291 6.17702 5.00971 5.05414 3.09241
internal_count=2440 2059 381 1921 1900 1706 247 1459 657 802 417 48 622 232 194 390 81 264 81 369 279 109 75 216 57 126 103 89 46 50
is_linear=0
shrinkage=0.05


Tree=63
num_leaves=31
num_cat=0
split_feature=2 11 38 6 37 38 39 29 15 38 35 32 38 36 36 38 7 38 38 5 18 36 29 3 32 7 38 36 35 36
split_gain=8.25165 5.14537 4.66077 3.79242 3.06848 17.4251 5.31033 4.54814 3.80733 5.61935 2.09336 2.35667 3.93685 2.12886 3.34801 2.17392 3.27734 2.01807 6.5461 1.91417 5.48173 1.6684 1.58689 1.45916 0.987229 0.953856 1.64213 0.859736 1.4202 0.750343
threshold=1.0000000180025095e-35 1.0000000180025095e-35 5.5000000000000009 1.5000000000000002 1.5000000000000002 4.5000000000000009 1.0000000180025095e-35 5.2036832726553373 1.0000000180025095e-35 3.5000000000000004 11.500000000000002 4.3596116904199791 1.5000000000000002 28.500000000000004 26.500000000000004 3.5000000000000004 1.0000000180025095e-35 2.5000000000000004 4.5000000000000009 1.0000000180025095e-35 1.0000000180025095e-35 15.500000000000002 3.438811922224569 4.5000000000000009 10.340253589394459 1.0000000180025095e-35 3.5000000000000004 19.500000000000004 7.5000000000000009 21.500000000000004
decision_type=2 2 2 2 2 2 2 2 2 2 2 2 2 2 2 2 2 2 2 2 2 2 2 2 2 2 2 2 2 2
left_child=-1 2 3 4 5 7 17 8 10 29 11 12 -2 14 15 16 -12 -6 -19 21 -21 -13 -17 -20 -8 26 -22 -23 -29 -10
right_child=1 -3 -4 -5 6 -7 24 -9 9 -11 13 19 -14 -15 -16 22 -18 18 23 20 25 27 -24 -25 -26 -27 -28 28 -30 -31
leaf_value=0.051008156732367228 -0.033306060308075917 0.051427957945381256 0.089541011185604674 0.052467643748860184 -0.047840693926273881 0.13847822393460357 0.051621421851000805 0.058247320238179613 0.027176128140773987 -0.048994124838050053 -0.02274001715331082 0.011170364864727611 0.09227891739349639 -0.054119265019978213 0.069444096963469218 -0.050076409577866014 0.092824111036396151 0.076267268494864274 -0.024925098914720556 0.051065801745027832 -0.05169260572498463 -0.053734028158723551 0.012444945765848703 -0.078929013532942738 -0.0045399996519359161 -0.054247235163643132 0.019964583029913434 0.011553831530707132 -0.0384831835280567 0.060725309029143096
leaf_weight=7.466111719608306 1.3984384164214125 4.0602439474314442 1.2552490569651116 2.5605695974081746 10.394760826602582 2.1071358881890765 2.4676180854439731 2.4723183680325738 4.676011957228182 2.4084431678056717 1.2829312887042743 1.7452326510101581 1.1269207298755646 1.4348603580147017 1.9439873248338697 2.6787964105606079 1.1757451444864273 1.6045712251216162 11.181633157655595 2.7214345782995242 1.5628350432962179 7.1044809240847853 1.6339766345918176 1.4083575494587428 1.1458510123193262 3.0092857182025909 1.6369591746479273 1.6311371996998776 10.857529653236268 2.589598074555397
leaf_count=390 55 182 22 63 405 12 103 41 91 19 44 36 11 17 19 42 5 25 251 135 28 116 20 15 22 22 21 26 199 32
internal_value=0.000428864 -0.00361963 -0.00612484 -0.00749003 -0.00928774 -0.00263262 -0.022785 -0.00802988 -0.011144 0.0171935 -0.0175275 -0.023669 0.0227352 0.00231508 0.0116061 -0.00499836 0.032523 -0.0311021 -0.0188444 -0.0275406 -0.00810468 -0.0356749 -0.026389 -0.0309662 0.0338123 -0.0340391 -0.015034 -0.0398475 -0.0319479 0.0391337
internal_weight=100.743 93.2769 89.2167 87.9614 85.4009 57.1981 28.2028 55.0909 52.6186 9.67405 42.9446 32.7943 2.52536 10.1503 8.71544 6.77145 2.45868 24.5893 14.1946 30.2689 8.93051 21.3384 4.31277 12.59 3.61347 6.20908 3.19979 19.5931 12.4887 7.26561
internal_count=2469 2079 1897 1875 1812 991 821 979 938 142 796 649 66 147 130 111 49 696 291 583 206 377 62 266 125 71 49 341 225 123
is_linear=0
shrinkage=0.05


Tree=64
num_leaves=31
num_cat=0
split_feature=2 11 38 6 39 37 38 29 38 38 5 5 17 38 29 13 36 15 29 38 3 32 0 3 29 35 4 36 29 35
split_gain=7.7732 4.91931 4.39654 3.29148 3.05699 3.63315 16.1173 4.53149 2.42114 8.2888 1.81277 1.76264 6.49301 2.27862 2.02976 4.3434 1.82027 1.58684 3.42174 2.19122 1.57438 1.34481 0.996664 0.985928 0.88567 0.877924 0.812684 1.21355 0.560655 0.517587
threshold=1.0000000180025095e-35 1.0000000180025095e-35 5.5000000000000009 1.5000000000000002 1.0000000180025095e-35 1.5000000000000002 4.5000000000000009 3.6127552040097792 2.5000000000000004 4.5000000000000009 1.0000000180025095e-35 1.0000000180025095e-35 1.0000000180025095e-35 3.5000000000000004 2.5467889716101815 1.0000000180025095e-35 24.500000000000004 1.0000000180025095e-35 3.1026927801673843 1.5000000000000002 3.5000000000000004 13.633272246303319 11.500000000000002 3.5000000000000004 3.1385506848250149 9.5000000000000018 1.5000000000000002 24.500000000000004 2.773112293567868 7.5000000000000009
decision_type=2 2 2 2 2 2 2 2 2 2 2 2 2 2 2 2 2 2 2 2 2 2 2 2 2 2 2 2 2 2
left_child=-1 2 3 4 5 6 7 11 -7 -10 -6 13 -13 17 15 -14 -15 19 -19 -2 -9 -18 -21 24 26 -16 27 29 -24 -11
right_child=1 -3 -4 -5 10 8 -8 20 9 23 -12 12 14 16 25 -17 21 18 -20 22 -22 -23 28 -25 -26 -27 -28 -29 -30 -31
leaf_value=0.050965805992999318 -0.051392654337397009 0.051371032623681048 0.089531387670610807 0.052324257269650377 0.051044194314257378 -0.047922154075960795 0.12838396236017885 -0.0092020233225332763 0.078820865671402299 -0.011250394715913147 -0.0041569918094318857 0.051281529799264924 -0.052391084169090885 -0.05739466036696609 -0.068872247913934967 0.062291122839131408 -0.039768800879112262 0.055298718397852192 -0.046321309547982879 0.00068499475035239 0.046895931975650416 0.0041680498259384236 -0.005537138754228523 -0.050587379155455997 0.024560039901063979 -0.02719850065793053 -0.051431550345633105 0.020898897863506433 -0.053390082839687686 -0.048597735441603146
leaf_weight=6.8223779648542395 3.7453038245439538 3.7904019225388756 1.1678919810801733 2.1928919069468966 3.123491331934928 9.6050101090222597 2.1703319773077956 1.7827638201415528 2.0054212994873515 1.7218155376613125 2.8390933312475681 4.1045807860791657 1.6414752602577209 6.4039072878658754 2.1953298933804035 1.6611055880784988 3.9938080385327339 2.3021637778729196 1.2939860373735426 8.8148910626769048 4.1907123066484928 3.0883064083755016 1.0045691579580318 4.1417279988527307 0.95328663662075985 2.9782791920006275 2.2946313712745905 1.580425653606653 1.5667007099837063 2.0114226154983044
leaf_count=372 146 177 22 57 158 388 12 28 25 46 33 192 39 131 22 11 35 64 9 61 76 30 18 87 24 24 41 25 34 45
internal_value=-0.000497468 -0.00438281 -0.0068238 -0.0081414 -0.0097348 -0.0123972 -0.00504876 -0.010753 -0.0283971 -0.0156469 0.0247601 -0.0162081 -0.000336974 -0.0224064 -0.0253331 0.00529085 -0.038077 -0.0111218 0.0187333 -0.0182171 0.0301537 -0.0206092 -0.00730453 -0.0305602 -0.0208719 -0.044882 -0.0265643 -0.0158257 -0.0346944 -0.0313727
internal_weight=97.1881 90.3657 86.5753 85.4074 83.2145 77.252 52.9382 50.7679 24.3137 14.7087 5.96258 44.7944 12.5808 32.2136 8.47619 3.30258 13.486 18.7276 3.59615 15.1315 5.97348 7.08211 11.3862 12.7033 8.56158 5.17361 7.6083 5.31366 2.57127 3.73324
internal_count=2432 2060 1883 1861 1804 1613 932 920 681 293 191 816 288 528 96 50 196 332 73 259 104 65 113 268 181 46 157 116 52 91
is_linear=0
shrinkage=0.05


Tree=65
num_leaves=31
num_cat=0
split_feature=31 38 11 2 39 2 38 38 38 38 15 38 35 30 36 5 5 17 5 30 36 30 30 7 38 30 30 30 36 30
split_gain=7.09795 3.97186 3.39779 3.1001 2.82113 3.68815 11.5923 2.82686 7.66962 2.73454 4.43595 2.85428 3.94818 4.17697 2.06472 3.55508 1.72627 2.08768 1.50368 1.43169 1.97311 1.28742 1.26361 1.21941 3.80707 1.20802 4.64321 2.45789 1.0905 1.25518
threshold=7.4446138188815985 5.5000000000000009 1.0000000180025095e-35 1.0000000180025095e-35 1.0000000180025095e-35 1.5000000000000002 4.5000000000000009 2.5000000000000004 4.5000000000000009 3.5000000000000004 1.0000000180025095e-35 1.5000000000000002 11.500000000000002 4.3596116904199791 24.500000000000004 1.0000000180025095e-35 1.0000000180025095e-35 1.0000000180025095e-35 1.0000000180025095e-35 5.2430986767424939 23.500000000000004 9.1651273959638377 8.4970819437662879 1.0000000180025095e-35 1.5000000000000002 15.44954990788453 13.57412943990362 11.585819541211192 18.500000000000004 9.420392350495213
decision_type=2 2 2 2 2 2 2 2 2 2 2 2 2 2 2 2 2 2 2 2 2 2 2 2 2 2 2 2 2 2
left_child=1 2 3 -1 5 6 9 -7 -9 10 11 -5 13 -13 15 -11 21 -18 -6 -15 28 22 -10 24 -12 26 27 -16 29 -21
right_child=-2 -3 -4 4 18 7 -8 8 16 14 23 12 -14 19 25 -17 17 -19 -20 20 -22 -23 -24 -25 -26 -27 -28 -29 -30 -31
leaf_value=0.05098941039992369 0.052373955588557203 0.081978422904909851 0.051353324860442653 -0.03647553050657959 0.05098841963788249 -0.046152917182883252 0.11860129404812286 0.077150443728159379 -0.03770932856661767 -0.057043663309746452 0.054162201006271476 0.088055446410668953 0.079127700013469027 -0.046449624116511212 0.010987819804325442 0.039002653309386397 0.051565054571121177 -0.023506387430760996 0.0017248377657043434 0.0089055398387603586 -0.042249332396048819 -0.059629399849025155 0.020662005602906201 0.058949280171297316 -0.06027348441414903 -0.034382690035202022 0.06175107641488186 -0.049313627622920471 0.023094321962195054 -0.043280201061194734
leaf_weight=2.4084003716707221 6.4741620924323788 1.3914006715640415 2.7682917695492497 6.1428005881607595 3.0405880343168965 9.6912167072296143 1.9301727041602124 2.0981223303824654 3.1713388077914697 6.131663819774988 2.2203266751021142 1.1377012506127382 1.5571858249604691 2.4300393220037213 3.2882641311734897 1.1430498901754615 1.3406438119709498 2.9949411805719137 3.1574842650443316 3.1108467634767276 2.7048950400203458 4.0148125756531954 1.3101978190243242 3.5401578424498439 1.0804593674838541 3.2850694172084323 2.3368194717913866 3.4763499833643436 4.7687310259789228 1.8300912529230116
leaf_count=129 332 32 134 202 162 405 11 30 66 133 66 13 23 24 47 49 56 38 39 36 44 103 16 48 11 39 34 48 73 33
internal_value=0.00181718 -0.00183986 -0.00316348 -0.00493186 -0.00655582 -0.00917668 -0.00164225 -0.0251244 -0.0114747 -0.00626701 0.00310036 -0.00714421 0.0031284 -0.00427635 -0.0208095 -0.0419522 -0.0259656 -0.000292896 0.0258921 -0.0113527 -0.00448283 -0.039066 -0.0206442 0.0385655 0.0167035 -0.00839212 0.000988915 -0.0200012 0.00603807 -0.0104237
internal_weight=95.9762 89.5021 88.1107 85.3424 82.934 76.7359 52.1146 24.6213 14.9301 50.1845 30.5232 23.6823 17.5395 15.9823 19.6612 7.27471 12.8319 4.33558 6.19807 14.8446 12.4146 8.49635 4.48154 6.84094 3.30079 12.3865 9.10143 6.76461 9.70967 4.94094
internal_count=2476 2144 2112 1978 1849 1648 934 714 309 923 573 448 246 223 350 182 279 94 201 210 186 185 82 125 77 168 129 95 142 69
is_linear=0
shrinkage=0.05


Tree=66
num_leaves=31
num_cat=0
split_feature=2 11 5 17 17 6 2 38 29 18 29 15 7 38 36 29 13 2 4 29 29 38 0 38 36 36 29 36 36 35
split_gain=7.22113 4.15641 4.42043 5.39289 5.01055 3.08275 2.88462 12.4603 3.393 2.82357 1.87568 3.05185 1.85293 4.55814 1.75595 1.60968 1.33863 1.87627 1.25049 1.06547 1.06424 1.03224 1.00179 1.95342 0.808835 0.656513 0.652734 0.608951 0.547456 0.47593
threshold=1.0000000180025095e-35 1.0000000180025095e-35 1.0000000180025095e-35 1.0000000180025095e-35 1.0000000180025095e-35 1.5000000000000002 1.5000000000000002 4.5000000000000009 3.6127552040097792 1.5000000000000002 3.1026927801673843 1.0000000180025095e-35 1.0000000180025095e-35 4.5000000000000009 23.500000000000004 3.009344842060647 1.0000000180025095e-35 1.5000000000000002 1.5000000000000002 3.3300921486066026 3.1026927801673843 2.5000000000000004 11.500000000000002 1.5000000000000002 24.500000000000004 23.500000000000004 5.2036832726553373 25.500000000000004 18.500000000000004 7.5000000000000009
decision_type=2 2 2 2 2 2 2 2 2 2 2 2 2 2 2 2 2 2 2 2 2 2 2 2 2 2 2 2 2 2
left_child=-1 2 4 -4 6 9 7 8 10 16 11 15 -8 -14 28 22 19 25 -16 -5 24 -13 23 -2 29 -18 -10 -24 -12 -15
right_child=1 -3 3 5 -6 -7 12 -9 26 -11 14 21 13 20 18 -17 17 -19 -20 -21 -22 -23 27 -25 -26 -27 -28 -29 -30 -31
leaf_value=0.050866038925150327 -0.051257792531046092 0.051205042576264459 0.051286425531739725 -0.053627537383170609 0.050937447628137879 0.052247528261981459 -0.052393958269228796 0.12148776171101623 0.012692945666428784 0.053399957428236569 -0.092673693818437861 0.05478806578554965 0.072393874896224369 -0.017128084676207789 -0.0043575037140698705 0.014859297135184408 0.029800288625200996 -0.035024563225581548 -0.051613359584694186 -0.011587113742861673 -0.058309053334635076 -0.010125021156984063 -0.053701334814407808 -0.0027173885964219841 0.0033720961365425479 -0.0027912698165877014 0.054615771357530124 -0.0095830569777513083 -0.05228976997883078 -0.052567143518866079
leaf_weight=6.61156485043466 2.9791808854788631 3.3533950289711347 6.419314322993162 3.2132343128323582 2.8729577437043181 2.3401238266378632 7.4731481913477191 1.7461089938879002 2.613762777298688 1.6417025215923793 1.1696146354079227 2.0239523071795698 1.1895727515220631 1.9376223981380465 3.8689832240343094 2.7565210815519086 2.8627969622612 3.176001101732254 2.1936872601509094 2.8384539447724819 2.6599566340446472 0.87814756482839573 3.9927201420068732 6.811578156426549 2.2528362888842821 3.3571279719471931 1.4400240853428838 0.97268193587660778 2.9707972649484873 1.8537049386650322
leaf_count=400 128 175 311 88 161 64 347 11 36 28 21 61 6 48 38 39 20 33 28 29 62 8 89 49 33 20 35 10 53 46
internal_value=0.000514615 -0.00336266 -0.00558052 0.0115538 -0.0133977 -0.00157345 -0.0168342 -0.00883791 -0.0154013 -0.00894342 -0.0210927 -0.0123437 -0.0336022 -0.019408 -0.0385979 -0.0202134 -0.015569 -0.00375658 -0.0214563 -0.0339091 -0.0319544 0.035146 -0.0267652 -0.0174875 -0.020356 0.0122094 0.0275852 -0.0450589 -0.0636977 -0.0344554
internal_weight=92.4713 85.8597 82.5063 25.8488 56.6576 19.4294 53.7846 36.4178 34.6717 17.0893 30.6179 20.4148 17.3668 9.89369 10.2031 17.5127 15.4476 9.39593 6.06267 6.05169 8.70412 2.9021 14.7562 9.79076 6.04416 6.21992 4.05379 4.9654 4.14041 3.79133
internal_count=2477 2077 1902 593 1309 282 1148 606 595 218 524 384 542 195 140 315 190 73 66 117 189 69 276 177 127 40 71 99 74 94
is_linear=0
shrinkage=0.05


Tree=67
num_leaves=31
num_cat=0
split_feature=31 38 11 6 18 16 38 38 0 38 38 39 5 2 0 29 0 13 30 30 5 36 36 29 38 36 30 29 30 38
split_gain=7.69922 3.9855 3.25785 3.29365 2.48795 2.51563 5.44836 1.98672 4.07376 1.60594 5.55283 1.93622 2.64683 2.18084 1.93126 3.21061 1.08789 1.22628 1.02658 1.54608 1.02177 1.01294 1.4204 0.982473 0.937486 1.77639 0.886593 0.885191 0.681052 0.580115
threshold=5.2036832726553373 5.5000000000000009 1.0000000180025095e-35 1.5000000000000002 1.5000000000000002 1.0000000180025095e-35 3.5000000000000004 1.5000000000000002 9.5000000000000018 2.5000000000000004 3.5000000000000004 1.0000000180025095e-35 1.0000000180025095e-35 1.5000000000000002 11.500000000000002 1.6444966750710746 12.500000000000002 1.0000000180025095e-35 13.636219711736683 14.703427073046866 1.0000000180025095e-35 27.500000000000004 24.500000000000004 3.1385506848250149 1.5000000000000002 22.500000000000004 15.20335946524794 2.6561704564304831 17.155822782879344 4.5000000000000009
decision_type=2 2 2 2 2 2 2 2 2 2 2 2 2 2 2 2 2 2 2 2 2 2 2 2 2 2 2 2 2 2
left_child=1 2 3 4 5 7 24 -1 -9 11 -11 13 -13 14 15 -10 29 18 -18 -20 21 22 28 -22 -7 -26 -2 -17 -19 -12
right_child=26 -3 -4 -5 -6 6 -8 8 9 10 16 12 -14 -15 -16 27 17 20 19 -21 23 -23 -24 -25 25 -27 -28 -29 -30 -31
leaf_value=-0.043709954449852324 -0.022366235841676029 0.081941067548604946 0.051198671868883751 0.052131849111504737 0.053264098394576131 0.052734660472232998 -0.042317977493059072 0.075207275536440424 -0.053629154373138137 0.085092254271275633 -0.0086448774760383221 0.050845364766775009 -0.082325326669713275 -0.047032256150678554 -0.043434136629297383 -0.00057216506584573644 -0.040870966571814993 -0.03989569295957919 0.021060158491182604 -0.04456290972188387 -0.0052306603066701179 -0.057800457591873557 0.020888824407026961 0.047347982126027637 -0.007124673695775666 0.058688095009500667 0.052166988400573266 0.035057766184435672 0.019322385451934619 0.01683796597360173
leaf_weight=5.1720961332321158 0.42171953059732814 1.3341006776317943 2.4817890990525475 2.2860567066818467 1.5815989039838303 3.638935440219937 3.3067976124584675 1.3277343288063992 2.3341387640684861 1.5908252950757766 4.5588919008150715 1.7147685214877122 0.47688820958137501 8.6549680046737194 4.1598669532686481 4.3210219368338585 6.6997997872531414 2.687475530430675 2.0347964819520716 1.605922403745353 2.175691182725132 1.2157223727554081 2.4901760425418615 1.5017067762091754 2.6543998029083014 1.6706334659829734 7.4035545270889997 2.9220021087676287 0.5925825536251067 4.3781921397894621
leaf_count=193 4 33 134 65 28 155 29 28 24 30 97 105 2 395 84 37 180 92 38 34 33 12 32 27 28 26 393 36 12 87
internal_value=0.000774995 -0.00376989 -0.00519503 -0.00699504 -0.00878611 -0.0101143 0.0116315 -0.0140286 -0.0113561 -0.0134043 -0.00593565 -0.0229838 0.0218684 -0.0273738 -0.0149881 -0.00263245 -0.0107722 -0.0169891 -0.0292576 -0.0078862 -0.00509207 -0.0163215 -0.00758232 0.0162404 0.0340324 0.0182969 0.0481502 0.0138018 -0.0291972 0.00383892
internal_weight=89.3949 81.5696 80.2355 77.7537 75.4676 73.886 11.2708 62.6153 57.4432 56.1154 31.5318 24.5837 2.19166 22.392 13.737 9.57716 29.941 21.0039 10.3405 3.64072 10.6634 6.98596 5.77023 3.6774 7.96397 4.32503 7.82527 7.24302 3.28006 8.93708
internal_count=2473 2076 2043 1909 1844 1816 238 1578 1385 1357 674 683 107 576 181 97 644 460 252 72 208 148 136 60 209 54 397 73 104 184
is_linear=0
shrinkage=0.05


Tree=68
num_leaves=31
num_cat=0
split_feature=31 38 2 11 39 37 38 24 38 38 35 36 38 38 5 17 31 36 36 30 5 17 30 30 30 30 38 30 30 36
split_gain=6.59582 2.77636 2.71628 2.81031 2.94587 3.02939 11.5497 2.75429 2.18566 6.52092 1.78283 1.68439 1.50303 4.31189 2.10996 2.55318 1.83694 1.62692 1.75923 2.48441 1.39283 2.19898 1.46059 1.29183 1.21432 1.0925 2.97002 2.04261 1.52528 2.00356
threshold=7.4446138188815985 5.5000000000000009 1.0000000180025095e-35 1.0000000180025095e-35 1.0000000180025095e-35 1.5000000000000002 4.5000000000000009 1.0000000180025095e-35 2.5000000000000004 4.5000000000000009 12.500000000000002 25.500000000000004 3.5000000000000004 2.5000000000000004 1.0000000180025095e-35 1.0000000180025095e-35 3.239104006029057 24.500000000000004 27.500000000000004 13.345723213788853 1.0000000180025095e-35 1.0000000180025095e-35 9.1651273959638377 12.301786280957941 8.4970819437662879 4.3596116904199791 1.5000000000000002 5.4521361837224109 6.7969257976498705 22.500000000000004
decision_type=2 2 2 2 2 2 2 2 2 2 2 2 2 2 2 2 2 2 2 2 2 2 2 2 2 2 2 2 2 2
left_child=1 2 -1 4 5 6 7 10 -7 -10 12 -6 13 25 17 -16 -17 -14 19 -19 22 -22 24 -12 -11 26 -4 -27 -29 -30
right_child=-2 -3 3 -5 11 8 -8 -9 9 20 23 -13 14 -15 15 16 -18 18 -20 -21 21 -23 -24 -25 -26 27 -28 28 29 -31
leaf_value=0.050855779822512263 0.052182410658203185 0.080185960307245771 -0.019645706918111756 0.051153892414205551 0.044141189807910347 -0.045722300090133353 0.10820453486493119 0.055697237657734891 0.073642415340054876 -0.036018778241614285 0.066248409906418781 -0.021397003564029592 -0.0557056191936698 0.067778171891746813 0.051293316364587366 0.015557063741069181 -0.056270723854476838 -0.031257753936967753 -0.058221513582925745 0.041298783809628384 0.051438530379989383 -0.027316865895241106 -0.060807340322309694 -0.0053633327869184655 0.022366555382588218 -0.047743734925106945 0.082805691041786367 0.036212224692521375 -0.022614911492332308 0.017114784772364052
leaf_weight=2.1898094685748211 5.7635524589568368 0.98876375146210094 1.9596303869038882 2.1256810352206221 4.1157163474708787 8.1600055564194918 2.2317257318645707 1.635435678064822 1.8739804252982128 2.922686927020548 1.2662093434482806 1.2869250234216449 5.4322000425308961 1.8843378387391556 1.7804310452193011 1.7017243318259718 1.8663601316511629 3.0511271581053734 2.0522002205252647 1.9236311465501783 1.2824694905430085 2.8695355653762817 3.8668214082717896 1.2529106736183164 1.2808541320264337 3.824017550796273 1.1070132367312908 1.7945802928879881 12.247977567836644 4.2829602751880875
leaf_count=135 341 29 96 120 185 390 13 36 29 67 23 18 133 35 93 25 19 28 22 19 59 37 102 18 16 71 14 39 216 58
internal_value=0.000434662 -0.00310508 -0.00409411 -0.00557821 -0.00710562 -0.00972321 -0.00303906 -0.00809922 -0.0251282 -0.0132069 -0.0102991 0.0285298 -0.0125951 -0.00518021 -0.0238794 0.00238881 -0.0220139 -0.035156 -0.0192701 -0.00320171 -0.0265229 -0.00299093 -0.0386295 0.0306316 -0.0182283 -0.0106322 0.0173377 -0.0145047 -0.00756864 -0.0123214
internal_weight=90.0213 84.2577 83.269 81.0791 78.9535 73.5508 51.2945 49.0627 22.2564 14.0963 47.4273 5.40264 44.9082 27.1005 17.8077 5.34852 3.56808 12.4592 7.02696 4.97476 12.2224 4.15201 8.07036 2.51912 4.20354 25.2162 3.06664 22.1495 18.3255 16.5309
internal_count=2486 2145 2116 1981 1861 1658 958 945 700 310 909 203 868 529 339 137 44 202 69 47 281 96 185 41 83 494 110 384 313 274
is_linear=0
shrinkage=0.05


Tree=69
num_leaves=31
num_cat=0
split_feature=31 11 15 39 5 18 6 8 36 35 35 36 36 29 22 36 2 36 30 30 21 4 30 21 29 29 36 30 30 36
split_gain=5.76565 2.59516 2.75447 2.96919 2.44816 4.99616 2.64599 2.4122 4.15168 2.05456 1.42848 3.8012 2.57055 1.42456 1.37597 1.50552 1.33918 1.32907 1.14204 2.14094 1.09248 1.07173 1.00012 2.6866 0.958919 1.1297 0.915392 1.82825 1.0022 0.917512
threshold=6.2838202790140754 1.0000000180025095e-35 1.0000000180025095e-35 1.0000000180025095e-35 1.0000000180025095e-35 1.0000000180025095e-35 1.5000000000000002 1.0000000180025095e-35 15.500000000000002 12.500000000000002 6.5000000000000009 19.500000000000004 19.500000000000004 2.6561704564304831 1.5000000000000002 25.500000000000004 1.5000000000000002 27.500000000000004 7.916125321121406 9.3399761196949296 1.0000000180025095e-35 1.5000000000000002 13.803863262773012 1.0000000180025095e-35 4.788646484233344 3.0375270496321396 24.500000000000004 8.6629154458259965 13.290320326429251 23.500000000000004
decision_type=2 2 2 2 2 2 2 2 2 2 2 2 2 2 2 2 2 2 2 2 2 2 2 2 2 2 2 2 2 2
left_child=1 2 3 4 7 -6 20 9 -9 16 11 -10 -12 -4 15 22 18 -5 -1 -20 -7 26 23 -15 25 -21 29 -28 -29 -14
right_child=-2 -3 13 17 5 6 -8 8 10 -11 12 -13 21 14 -16 -17 -18 -19 19 24 -22 -23 -24 -25 -26 -27 27 28 -30 -31
leaf_value=-0.051102153840785119 0.0520618676935432 0.051097640380938551 0.053263278265351412 0.043723630985051332 0.050966366482897388 -0.038482302068282154 0.05168747897997425 0.070160399548780339 -0.055998625866522225 0.039440708419986231 0.053206814993120632 0.035623031654533059 -0.0065957263065284299 -0.03511362877831424 0.055067212611445607 0.044165678596450895 -0.052426511339357898 -0.023676764948229706 0.040414060477501956 -0.0044979413682273419 -0.0056599163014708978 -0.035601636904359343 -0.035886769347853155 0.05678161199401454 0.024934525753588253 -0.052784936274558353 0.048556119620198512 -0.03428337167185283 0.016598711469533418 -0.048236187861875078
leaf_weight=2.6255131084471994 5.6134552508592597 2.3768114866688839 2.6190154179930678 4.0356993628665796 4.729631601832808 4.1437121350318176 1.5409808633849031 1.6899933815002466 4.3795561464503434 1.0120122916996468 1.7700007427483821 1.5266680195927618 6.8372408263385314 1.7161653628572804 1.4758102064952252 1.6317181354388592 6.1237763296812764 0.89331031776964653 1.5094362068921325 1.967646215111017 6.5309603605419397 3.3187414333224288 2.2760992236435413 1.4823251245543361 0.79084740951657284 3.1510596089065075 2.0935735478997222 1.9818705637007954 1.8912584222853182 1.6402355302125213
leaf_count=126 350 141 110 180 274 111 52 9 56 11 12 28 107 26 37 22 325 9 34 48 62 62 25 30 24 84 17 24 17 36
internal_value=0.00308279 -0.00036425 -0.00194486 -0.00582561 -0.00882978 0.00733403 -0.00955944 -0.0150113 -0.00572752 -0.0296712 -0.010769 -0.0323158 -0.00425378 0.0209852 0.0111349 0.00201119 -0.0339971 0.0315083 -0.0227613 -0.0127318 -0.018401 -0.00997949 -0.0105531 0.00747478 -0.0263065 -0.0342233 -0.00409246 0.0109111 -0.00943753 -0.0146524
internal_weight=85.3751 79.7617 77.3849 66.1837 61.2547 16.9453 12.2157 44.3094 27.1291 17.1803 25.4391 5.90622 19.5329 11.2011 8.58212 7.10631 16.1683 4.92901 10.0445 7.41899 10.6747 17.7629 5.47459 3.19849 5.90955 5.11871 14.4442 5.9667 3.87313 8.47748
internal_count=2449 2099 1958 1708 1519 499 225 1020 368 652 359 84 275 250 140 103 641 189 316 190 173 263 81 56 156 132 201 58 41 143
is_linear=0
shrinkage=0.05


Tree=70
num_leaves=31
num_cat=0
split_feature=2 11 6 18 35 8 33 15 29 29 8 30 0 8 5 39 5 5 17 30 35 36 29 2 36 22 36 4 4 36
split_gain=6.13873 3.82684 2.74128 2.23229 2.21103 1.92045 1.8808 1.88455 2.09716 2.17109 1.40588 1.32847 1.18295 3.36652 1.71517 1.23671 5.69323 1.75792 6.53141 1.00447 1.36332 3.85113 1.35227 1.92971 1.35353 1.0176 0.999981 1.85401 0.732225 1.26676
threshold=1.0000000180025095e-35 1.0000000180025095e-35 1.5000000000000002 1.5000000000000002 12.500000000000002 1.5000000000000002 1.0000000180025095e-35 1.0000000180025095e-35 2.6561704564304831 3.5447213558571025 1.0000000180025095e-35 11.989040115600568 9.5000000000000018 1.0000000180025095e-35 1.0000000180025095e-35 1.0000000180025095e-35 1.0000000180025095e-35 1.0000000180025095e-35 1.0000000180025095e-35 5.4521361837224109 7.5000000000000009 20.500000000000004 2.5467889716101815 1.5000000000000002 15.500000000000002 1.5000000000000002 30.500000000000004 2.5000000000000004 1.5000000000000002 24.500000000000004
decision_type=2 2 2 2 2 2 2 2 2 2 2 2 2 2 2 2 2 2 2 2 2 2 2 2 2 2 2 2 2 2
left_child=-1 2 3 4 5 6 7 12 -9 10 -10 -6 13 14 -2 17 -17 19 -19 -14 21 22 23 -21 -24 28 27 -20 29 -22
right_child=1 -3 -4 -5 11 -7 -8 8 9 -11 -12 -13 15 -15 -16 16 -18 18 26 20 25 -23 24 -25 -26 -27 -28 -29 -30 -31
leaf_value=0.05071537484750948 -0.051028579414420711 0.051011238365817571 0.051962858360740771 0.052928728811788034 0.068770213179875569 0.058340277265445085 0.026574264383303466 0.053770209622230107 -0.047235134950537515 0.038370122511192144 0.00099533994674749489 -0.0019090811574714239 -0.048297095212211441 0.080318474340242127 0.051024903753523504 0.050818362101758177 -0.082934682912617963 0.050925920175756971 -0.04533617720904843 0.026419496798052278 -0.041207605766881907 0.062871775100500446 0.0033435937928087581 -0.043662589735087853 -0.058374736662121764 0.0087625169443718374 0.011771465149864281 0.017426693808770446 -0.05389848460017669 -0.011074423587048774
leaf_weight=5.1598353385925284 1.6544274333864444 2.8779018307104698 1.8757095057517279 1.4160605333745468 1.3622173340991133 0.95270822755992313 2.8578390823677173 1.8142623845487822 2.745501824654637 2.0880533941090107 3.3600905118510127 1.2985993828624485 5.253404200077056 1.1366679370403292 0.54810727108269919 2.4755079047754398 1.1723810583353045 3.5785130728036139 6.8958931639790517 2.4311124477535504 9.3673909502103978 1.5511098448187102 1.2185074947774408 1.6481308396905658 3.2784691397100687 1.4199499487876881 1.3497633039951331 1.4187250807881353 4.076560402289032 5.5566568523645392
leaf_count=378 84 180 60 28 25 16 66 63 31 26 40 21 173 5 30 161 5 217 140 26 281 26 38 54 72 29 11 11 104 57
internal_value=-0.00211678 -0.00558151 -0.0077301 -0.00924466 -0.0104589 -0.0121629 -0.0131379 -0.0148564 0.00512919 -0.00564106 -0.0206925 0.0342755 -0.0184261 0.0104335 -0.0256323 -0.020255 0.00783198 -0.0223441 -0.00677963 -0.0281013 -0.0246282 -0.00962914 -0.0227418 -0.00189567 -0.0416514 -0.0320668 -0.0281468 -0.0346269 -0.0351181 -0.0299881
internal_weight=83.8401 78.6802 75.8023 73.9266 72.5106 69.8497 68.897 66.0392 10.0079 8.19365 6.10559 2.66082 56.0313 3.3392 2.20253 52.6921 3.64789 49.0442 13.2429 35.8013 30.5479 10.1273 8.57622 4.07924 4.49698 20.4206 9.66438 8.31462 19.0006 14.924
internal_count=2458 2080 1900 1840 1812 1766 1750 1684 160 97 71 46 1524 119 114 1405 166 1239 379 860 687 216 190 80 110 471 162 151 442 338
is_linear=0
shrinkage=0.05


Tree=71
num_leaves=31
num_cat=0
split_feature=31 11 6 2 18 8 37 38 23 39 5 5 17 38 38 35 35 38 35 30 30 30 29 36 16 29 33 0 38 29
split_gain=5.42858 2.52425 2.65479 2.39203 1.93984 1.95243 1.7747 10.2683 2.35193 1.51509 2.44389 1.96416 2.54326 1.32367 3.55319 1.46721 1.29638 2.6101 1.16311 1.152 3.60405 1.98005 1.5917 1.49795 1.11113 2.01226 1.07502 1.0983 1.91722 1.46391
threshold=7.4446138188815985 1.0000000180025095e-35 1.5000000000000002 1.0000000180025095e-35 1.5000000000000002 1.5000000000000002 1.5000000000000002 4.5000000000000009 1.0000000180025095e-35 1.0000000180025095e-35 1.0000000180025095e-35 1.0000000180025095e-35 1.0000000180025095e-35 3.5000000000000004 2.5000000000000004 9.5000000000000018 11.500000000000002 1.5000000000000002 10.500000000000002 13.631613181452218 14.475916880138364 10.878556223131921 3.2468620983371328 26.500000000000004 1.0000000180025095e-35 2.6561704564304831 1.0000000180025095e-35 11.500000000000002 1.5000000000000002 2.6561704564304831
decision_type=2 2 2 2 2 2 2 2 2 2 2 2 2 2 2 2 2 2 2 2 2 2 2 2 2 2 2 2 2 2
left_child=1 2 3 -1 5 6 7 8 13 11 -11 -8 -13 14 16 -15 24 -18 -14 21 -21 23 -22 -17 26 -26 27 28 -5 -30
right_child=-2 -3 -4 4 -6 -7 9 -9 -10 10 -12 12 18 15 -16 19 17 -19 -20 20 22 -23 -24 -25 25 -27 -28 -29 29 -31
leaf_value=0.050770223859602115 0.051933474107715129 0.050921757178337912 0.051883450496142805 -0.043430282325901438 0.052784019783009888 0.056932587379632242 -0.036634256899152597 0.11110055607121966 0.055586981184401245 0.050717898539731 -0.079918269786316748 0.051187122404869438 -0.039430546336103253 -0.044786824531884095 0.070189631382755843 -0.015167286136542189 -0.034446544936055222 0.079112211246797418 0.013485742659711109 0.06460668450126926 0.017441380935078084 -0.047645768083078389 -0.046238500743194265 0.065521939179905994 0.054197317152801378 -0.018320714680554573 0.033236329438706018 -0.045442764243611058 -0.014161695590639801 0.029999038322105695
leaf_weight=1.7968164924532164 4.7616105368360868 2.1036088746041051 2.0223581679165354 3.8606205731630476 1.3032901734113682 1.1119453199207772 13.446003335528081 1.8494420945644368 1.3608700819313515 1.519493362866341 0.46836161613464344 1.6208573076874007 3.0749360639601946 4.9091343758627799 1.5274849385023106 2.34308976959437 0.89980569388717335 1.1561861746013165 1.5679689310491083 1.7203677129000423 1.6038218801841138 4.3429652964696288 2.5280796764418483 0.76231559738516796 1.637856065295636 2.2998617570847273 0.98309440165758033 3.5005584750324479 6.4959552325308323 2.639043603092432
leaf_count=124 327 142 67 165 27 22 515 8 32 110 2 93 70 118 30 70 36 18 18 30 21 87 43 10 53 21 14 82 81 33
internal_value=0.00013503 -0.00309092 -0.00461907 -0.00619888 -0.00765015 -0.00878785 -0.00986066 -0.00434304 -0.00913328 -0.0216652 0.0199385 -0.0258612 -0.00273544 -0.0111716 -0.0037029 -0.0214255 -0.0085114 0.0294132 -0.02156 -0.012803 0.00379776 -0.0258464 -0.0215208 0.00464032 -0.0121521 0.0118425 -0.0175576 -0.0205846 -0.0138887 -0.00140394
internal_weight=81.2178 76.4562 74.3526 72.3302 70.5334 69.2301 68.1182 46.4206 44.5711 21.6976 1.98785 19.7098 6.26376 43.2102 25.0005 18.2098 23.473 2.05599 4.6429 13.3006 5.85227 7.44837 4.1319 3.10541 21.417 3.93772 17.4793 16.4962 12.9956 9.135
internal_count=2469 2142 2000 1933 1809 1782 1760 952 944 808 112 696 181 912 533 379 503 54 88 261 94 167 64 80 449 74 375 361 279 114
is_linear=0
shrinkage=0.05


Tree=72
num_leaves=31
num_cat=0
split_feature=2 38 11 6 18 37 38 29 23 39 5 38 38 35 30 38 30 30 30 36 38 4 5 17 14 36 35 30 36 30
split_gain=5.31023 3.3819 3.17215 2.50567 1.77593 1.94538 9.79027 3.1056 2.04584 1.34858 2.26508 1.8136 7.31838 1.30261 1.36105 2.30732 1.10902 0.998053 2.12714 1.10586 3.12329 2.97216 1.61431 1.76048 1.19607 1.27009 0.949532 0.828976 1.40872 2.04541
threshold=1.0000000180025095e-35 5.5000000000000009 1.0000000180025095e-35 1.5000000000000002 1.5000000000000002 1.5000000000000002 4.5000000000000009 5.2036832726553373 1.0000000180025095e-35 1.0000000180025095e-35 1.0000000180025095e-35 2.5000000000000004 4.5000000000000009 12.500000000000002 4.3596116904199791 1.5000000000000002 10.135806659779414 5.4521361837224109 6.7969257976498705 22.500000000000004 3.5000000000000004 1.5000000000000002 1.0000000180025095e-35 1.0000000180025095e-35 1.5000000000000002 15.500000000000002 9.5000000000000018 16.5890620846635 24.500000000000004 13.57412943990362
decision_type=2 2 2 2 2 2 2 2 2 2 2 2 2 2 2 2 2 2 2 2 2 2 2 2 2 2 2 2 2 2
left_child=-1 2 3 4 5 6 7 8 13 11 -11 -7 -13 14 15 -2 -14 -16 -19 22 21 -21 24 -24 25 -20 -22 28 -28 -30
right_child=1 -3 -4 -5 -6 9 -8 -9 -10 10 -12 12 16 -15 17 -17 -18 18 19 20 26 -23 23 -25 -26 -27 27 -29 29 -31
leaf_value=0.050646413035705988 -0.017062917598734972 0.084260041116994991 0.050908955950945911 0.051801852624638267 0.052529622701698746 -0.046683266002479434 0.09911726312036552 0.055603570169546479 0.055546670832860627 0.050681019684007178 -0.077620684229484219 0.073229068020695315 -0.015190872832509869 0.025953447213552638 -0.043462363269613821 0.077674987339068136 -0.047767770041830367 0.035556013235728948 0.011571135997627865 0.073419921481200967 -0.049352347188054979 -0.0096006112686323839 0.051163215788065347 -0.026802993813261611 0.0029226463753471974 -0.04938201092870384 -0.044028565308309169 -0.047958130295966822 -0.019815405578765127 0.034997929472037267
leaf_weight=4.7276152372360221 1.7004733867943278 1.0704459939151991 2.4323213286697856 1.7585284924134601 1.1674050949513901 6.915961730293934 2.1931952927261582 1.7857542457059015 1.1037707868963469 1.3787243459373701 0.45836627483367909 1.9864689344540227 5.2293000686913729 2.0043752603232852 3.4415291082113972 1.0331715485081077 5.2208276772871614 1.9459093241021026 0.94477543607354064 1.9179071802645928 2.5383873507380494 2.4618826191872358 1.195357557386159 1.8362586051225662 1.608230841346084 8.9577889963984472 2.2793208397924882 1.6702396171167482 4.4686993127688766 2.7488960586488247
leaf_count=382 96 28 169 60 26 387 13 42 28 105 2 29 133 33 74 13 133 43 29 26 50 38 67 20 26 203 67 22 64 34
internal_value=-0.000759077 -0.00397991 -0.00524975 -0.0071482 -0.00862506 -0.00965935 -0.0040727 -0.00903112 -0.0116629 -0.0222713 0.0186689 -0.0261576 -0.0147434 -0.0133981 -0.0153337 0.0187429 -0.0314661 -0.0177841 -0.0152281 -0.0182568 -0.0100025 0.026754 -0.0285221 0.00393886 -0.0370714 -0.0435666 -0.0217485 -0.015474 -0.00976092 0.00106082
internal_weight=80.1819 75.4543 74.3838 71.9515 70.193 69.0256 47.8359 45.6427 43.857 21.1896 1.83709 19.3526 12.4366 42.7532 40.7488 2.73364 10.4501 38.0152 34.5737 32.6277 18.0853 4.37979 14.5424 3.03162 11.5108 9.90256 13.7055 11.1672 9.49692 7.2176
internal_count=2442 2060 2032 1863 1803 1777 988 975 933 789 107 682 295 905 872 109 266 763 689 646 301 64 345 87 258 232 237 187 165 98
is_linear=0
shrinkage=0.05


Tree=73
num_leaves=31
num_cat=0
split_feature=2 38 11 6 37 38 39 38 15 33 38 35 0 38 38 5 17 30 30 7 30 30 30 36 30 5 7 30 36 35
split_gain=4.7959 3.1128 2.88376 2.38218 2.07685 8.4264 3.75935 3.57097 3.53221 1.79506 2.50548 3.03494 3.49043 1.57305 6.53379 1.27557 3.12491 1.55383 2.76754 1.24699 3.57018 1.24513 0.817636 1.20899 1.72876 0.809495 0.689957 0.652778 0.633959 0.60985
threshold=1.0000000180025095e-35 5.5000000000000009 1.0000000180025095e-35 1.5000000000000002 1.5000000000000002 4.5000000000000009 1.0000000180025095e-35 3.5000000000000004 1.0000000180025095e-35 1.0000000180025095e-35 1.5000000000000002 11.500000000000002 9.5000000000000018 2.5000000000000004 4.5000000000000009 1.0000000180025095e-35 1.0000000180025095e-35 13.631613181452218 14.475916880138364 1.0000000180025095e-35 9.6115037510462944 10.135806659779414 5.9478512286391902 21.500000000000004 8.3521258042538076 1.0000000180025095e-35 1.0000000180025095e-35 8.4970819437662879 24.500000000000004 9.5000000000000018
decision_type=2 2 2 2 2 2 2 2 2 2 2 2 2 2 2 2 2 2 2 2 2 2 2 2 2 2 2 2 2 2
left_child=-1 2 3 4 5 7 13 8 9 10 -2 12 -12 -6 -15 17 -17 -9 -19 20 -14 27 -21 24 -24 -22 -20 28 -16 -10
right_child=1 -3 -4 -5 6 -7 -8 15 29 -11 11 -13 19 14 21 16 -18 18 26 22 25 -23 23 -25 -26 -27 -28 -29 -30 -31
leaf_value=0.050615909124084583 -0.041399756064085469 0.081914175732315464 0.050816711709275979 0.051725913624685142 -0.046057258280888948 0.095239710712555284 0.039468562460954315 -0.046132179558226426 0.05555976503653251 0.044344732256549287 0.072259002412994724 0.074573576684996742 0.10971972645068036 0.072989457249948736 -0.044703937377086854 0.051246355933859358 -0.028405139430701505 0.034086297796891887 -0.014973725529665211 -0.045948222617439 -0.05211119758376296 -0.048256691626239967 -0.027252679783270235 -0.037984087862061228 0.034940213863493413 0.023650605024906096 -0.059440842617954806 0.0091433607189384866 0.0037389235400691855 0.022775083095369533
leaf_weight=4.5406175702810279 4.3272573789581736 1.0806543980725098 2.3582989117130628 1.7795193167403329 6.9983370574191257 2.1689640656113616 2.3780421074479809 7.3826046455651539 3.162886348553001 1.7957584252580989 1.3122143782675255 1.3080659341067082 0.74292046949267154 1.7524569882079948 1.964844908565283 1.8234276268631209 3.7924211584031582 2.1052054483443499 1.6515595773234963 2.5014919005334377 0.95413149707019307 5.3211508793756366 2.2633284265175462 2.9042590875178576 2.2068302091211081 0.55922548566013575 1.8489163480699062 1.9463257202878592 1.029099087230861 2.5719062658026814
leaf_count=385 189 32 175 63 407 13 132 159 76 49 22 20 23 26 67 104 44 32 37 27 31 133 25 38 21 28 21 43 19 50
internal_value=0.000737214 -0.00232365 -0.00357218 -0.00539018 -0.00686806 -0.00103015 -0.0198001 -0.00564828 0.00610083 -0.0034471 -0.0079452 0.00186784 -0.00520603 -0.0272134 -0.0162365 -0.0224535 -0.00254284 -0.0310625 -0.0112159 -0.0135846 0.0199524 -0.0314746 -0.0212466 -0.0128675 0.00345074 -0.0241152 -0.0384608 -0.0133986 -0.0280528 0.0408567
internal_weight=78.5327 73.9921 72.9114 70.5532 68.7736 47.3834 21.3903 45.2144 26.6103 20.8755 19.0797 14.7525 13.4444 19.0122 12.0139 18.6041 5.61585 12.9883 5.60568 12.1322 2.25628 10.2614 9.87591 7.37442 4.47016 1.51336 3.50048 4.94027 2.99394 5.73479
internal_count=2491 2106 2074 1899 1836 1009 827 996 599 473 424 235 215 695 288 397 148 249 90 193 82 262 111 84 46 59 58 129 86 126
is_linear=0
shrinkage=0.05


Tree=74
num_leaves=31
num_cat=0
split_feature=37 38 11 6 37 38 39 31 23 30 30 38 38 5 17 36 38 30 35 36 7 13 7 36 0 36 30 0 30 30
split_gain=5.02539 3.03364 2.89243 2.21273 2.22758 7.91715 2.84484 2.77502 1.70067 2.2546 2.12255 1.11953 6.7145 0.969797 1.53009 1.2437 1.33564 1.96781 1.85737 1.85719 1.51138 1.02361 1.00207 0.898731 0.803834 1.61786 3.00659 1.41175 0.801782 0.684357
threshold=1.0000000180025095e-35 5.5000000000000009 1.0000000180025095e-35 1.5000000000000002 1.5000000000000002 4.5000000000000009 1.0000000180025095e-35 5.2036832726553373 1.0000000180025095e-35 11.314619380816618 10.905903429343772 2.5000000000000004 4.5000000000000009 1.0000000180025095e-35 1.0000000180025095e-35 26.500000000000004 3.5000000000000004 8.3295132290760368 6.5000000000000009 19.500000000000004 1.0000000180025095e-35 1.0000000180025095e-35 1.0000000180025095e-35 15.500000000000002 13.500000000000002 25.500000000000004 14.523802371933298 14.500000000000002 10.340253589394459 10.819952230666432
decision_type=2 2 2 2 2 2 2 2 2 2 2 2 2 2 2 2 2 2 2 2 2 2 2 2 2 2 2 2 2 2
left_child=-1 2 3 4 5 7 11 8 9 10 13 -6 -13 15 -15 16 17 18 20 -19 23 -16 -20 -2 -11 26 -26 -27 -8 -18
right_child=1 -3 -4 -5 6 -7 28 -9 -10 24 -12 12 -14 14 21 -17 29 19 22 -21 -22 -23 -24 -25 25 27 -28 -29 -30 -31
leaf_value=0.050583542455365227 -0.033349754275770818 0.081557825897306743 0.050808394734971819 0.051597344258852811 -0.045411230655507756 0.091769059658697638 0.051042494974260694 0.054927455289513219 0.054700809800798181 -0.039676519061494386 0.06795551946548016 0.071752526343286549 -0.035347546072936595 0.050953939980168783 -0.041351909063259251 0.044075523011620502 -0.048786868216031828 -0.0068842680133226301 -0.03097944282040023 0.068806250512001968 -0.066165604933969988 0.016015409349378309 0.012016951308714864 0.055915579477540035 0.058492801782707729 -0.055915435389134051 -0.028536379397603708 -0.0066456914748161252 -0.0068754125829513808 -0.0003057925216256932
leaf_weight=4.5138626387342802 0.70191621687264516 1.0256484439596523 2.243195639923214 1.5794582152739156 6.5156354010105177 2.1391886565834275 1.5081745656207197 1.7514893636107434 1.0128805004060257 6.1520395306870368 1.0542465792968858 1.7172422362491477 9.9015684947371483 1.8582633519545186 1.2535083536058667 1.0128659419715393 3.1985947843641034 1.7291607148945325 1.8931346451863644 1.5253189569339154 2.5262420680373907 2.0479914397001266 4.7682355139404535 0.4712992375716567 1.6916953530162553 3.1992591405287385 2.4007199751213193 2.6650487473234534 0.98964730836451043 0.94236723519861687
leaf_count=403 40 31 173 60 394 13 102 46 30 134 19 25 261 114 39 11 81 36 116 27 20 16 47 11 36 43 60 29 25 15
internal_value=-0.000582643 -0.0038139 -0.00505678 -0.00689407 -0.00828065 -0.00215749 -0.021931 -0.00673897 -0.00930419 -0.0108819 -0.0014774 -0.0288215 -0.0195183 -0.00453644 0.0146616 -0.0098141 -0.0128881 -0.00532542 -0.0159789 0.0285906 -0.0443865 -0.00576573 -0.000202451 0.00250954 -0.0254673 -0.0166877 0.00743916 -0.0335247 0.0280952 -0.0377539
internal_weight=75.9899 71.476 70.4504 68.2072 66.6277 45.9955 20.6323 43.8563 42.1048 41.0919 24.9831 18.1344 11.6188 23.9289 5.15976 18.7691 17.7563 13.6153 10.3608 3.25448 3.69946 3.3015 6.66137 1.17322 16.1088 9.95672 4.09242 5.86431 2.49782 4.14096
internal_count=2457 2054 2023 1850 1790 983 807 970 924 894 592 680 286 573 169 404 393 297 234 63 71 55 163 51 302 168 96 72 127 96
is_linear=0
shrinkage=0.05


Tree=75
num_leaves=31
num_cat=0
split_feature=31 38 6 11 2 39 37 38 24 38 38 6 35 3 36 38 15 30 38 36 29 6 17 14 29 30 15 36 4 38
split_gain=4.53429 2.76231 1.97829 2.06542 2.02924 1.67643 1.90215 7.21735 1.8797 1.63005 5.15527 1.44269 1.34345 1.18867 0.993625 1.45899 1.27653 0.983956 1.33408 0.937776 1.20692 1.31 1.97279 1.35647 1.96078 1.4676 1.37551 1.14953 1.09449 1.94766
threshold=7.4446138188815985 5.5000000000000009 1.5000000000000002 1.0000000180025095e-35 1.0000000180025095e-35 1.0000000180025095e-35 1.5000000000000002 4.5000000000000009 1.0000000180025095e-35 2.5000000000000004 4.5000000000000009 1.0000000180025095e-35 12.500000000000002 3.5000000000000004 15.500000000000002 1.5000000000000002 1.0000000180025095e-35 4.3596116904199791 1.5000000000000002 22.500000000000004 4.3430079743076559 1.0000000180025095e-35 1.0000000180025095e-35 1.5000000000000002 2.5335011795332734 5.4521361837224109 1.0000000180025095e-35 20.500000000000004 1.5000000000000002 3.5000000000000004
decision_type=2 2 2 2 2 2 2 2 2 2 2 2 2 2 2 2 2 2 2 2 2 2 2 2 2 2 2 2 2 2
left_child=1 2 3 4 -1 6 7 8 12 -8 -11 -7 14 -12 15 16 -6 18 -16 20 21 23 -23 24 25 -19 -26 -27 29 -21
right_child=-2 -3 -4 -5 5 11 9 -9 -10 10 13 -13 -14 -15 17 -17 -18 19 -20 28 -22 22 -24 -25 26 27 -28 -29 -30 -31
leaf_value=0.050628822832498838 0.051702795790734425 0.081988318678895764 0.051565010536268288 0.050751877066822042 -0.037022250961376693 0.050738970757196078 -0.043970403999880919 0.091560243356427845 0.054636146220410381 0.070211228490306796 -0.013480328265937492 -0.0082978288161754381 0.027641069306625212 -0.049506206742494639 -0.016203842851884153 0.069648624610141319 0.052588976259353486 -0.053273900653481025 0.073478206896120654 0.04612812019286857 0.01921037030158574 0.051053727632692184 -0.030110344225748834 0.0056398487505050377 -0.050942212213178475 0.021900140962919951 -0.11496593854202 -0.046173863810346216 -0.021761739047994149 -0.0093315297097615827
leaf_weight=1.5119181964546431 4.0159897767007342 0.94562193332239886 1.5639938367530692 1.6049504233524192 1.2605263441801065 2.1862830175086847 6.3803219506517062 1.8768739905208338 1.1399967009201635 1.6211426323279727 6.7011644430458546 1.964826628565788 2.187346823513507 3.4780453350394964 0.96527707763016113 0.87509004957973946 0.58040643204003561 1.934422498568894 0.72699158173054457 2.0872621685266513 1.425558847375213 1.181984664872288 2.0422276202589273 1.6909842463210214 5.0088557014241815 2.1697034267708664 1.0076992958784101 0.86834184173494566 7.8094695117324582 6.553531545214355
leaf_count=127 328 31 61 132 64 163 397 11 30 26 175 29 35 92 55 10 26 28 10 31 19 72 29 26 122 51 5 23 122 138
internal_value=9.06381e-06 -0.00290052 -0.00404068 -0.00530398 -0.00664205 -0.0079595 -0.0100329 -0.00434446 -0.0086802 -0.0236098 -0.012601 0.0227953 -0.0104679 -0.0257897 -0.0126507 0.0164963 -0.00876976 -0.0148824 0.0223232 -0.0167463 -0.024863 -0.0288135 -0.000355886 -0.0360495 -0.0424647 -0.0192323 -0.0616654 0.00244306 -0.00819565 0.00406525
internal_weight=75.3668 71.3508 70.4052 68.8412 67.2363 65.7243 61.5732 43.3926 41.5157 18.1807 11.8004 4.15111 40.3757 10.1792 38.1883 2.71602 1.84093 35.4723 1.69227 33.78 17.3298 15.9042 3.22421 12.68 10.989 4.97247 6.01655 3.03805 16.4503 8.64079
internal_count=2468 2140 2109 2048 1916 1789 1597 907 896 690 293 192 866 267 831 100 90 731 65 666 375 356 101 255 229 102 127 74 291 169
is_linear=0
shrinkage=0.05


Tree=76
num_leaves=31
num_cat=0
split_feature=31 12 2 18 2 24 7 36 17 36 39 30 36 30 30 35 30 15 29 30 0 7 35 13 36 19 7 30 30 36
split_gain=4.18457 1.84874 1.64307 1.37641 1.22696 1.39117 1.20248 1.61035 1.27443 1.81648 1.21021 1.31155 1.02616 1.31798 0.9251 1.76937 1.00077 0.971892 2.29482 0.534877 1.40119 2.02515 0.823023 0.604352 1.24415 1.13317 1.0473 0.881162 1.57258 0.98489
threshold=6.2838202790140754 1.0000000180025095e-35 1.0000000180025095e-35 1.5000000000000002 1.5000000000000002 1.0000000180025095e-35 1.0000000180025095e-35 17.500000000000004 1.0000000180025095e-35 28.500000000000004 1.0000000180025095e-35 10.340253589394459 24.500000000000004 8.6629154458259965 11.525788892979225 12.500000000000002 12.04542620372049 1.0000000180025095e-35 3.1385506848250149 5.9478512286391902 9.5000000000000018 1.0000000180025095e-35 5.5000000000000009 1.0000000180025095e-35 21.500000000000004 1.0000000180025095e-35 1.0000000180025095e-35 9.0380513784891843 10.483253181921015 20.500000000000004
decision_type=2 2 2 2 2 2 2 2 2 2 2 2 2 2 2 2 2 2 2 2 2 2 2 2 2 2 2 2 2 2
left_child=1 2 -1 4 5 14 10 -8 12 -10 -6 -12 -9 -14 15 17 -16 19 -19 20 21 -4 -21 25 26 27 -25 -24 -29 -30
right_child=-2 -3 3 -5 6 -7 7 8 9 -11 11 -13 13 -15 16 -17 -18 18 -20 22 -22 -23 23 24 -26 -27 -28 28 29 -31
leaf_value=0.050599187711821175 0.051601559655484942 0.050766011027532698 -0.024117455887846809 0.052428589961609741 -0.038277061127196248 0.054129120603199556 0.064224206783732349 -0.034823965324073829 0.060037619246184309 -0.0215752085939141 0.050539099031488191 -0.0457196020731227 0.043778451333593434 -0.02393358405870126 -0.05253503328946664 0.069413346135990581 -0.007234030986969244 0.053008500041592521 -0.050532872827145428 0.036302000004370581 -0.037229832638569514 0.074415693822278361 -0.014405692476517462 -0.039816737169093258 0.057739395783353187 -0.040533346201797188 0.030713276643389409 0.060743993362335047 0.03117796006271685 -0.028109481678673526
leaf_weight=1.4074934469535936 3.9238037914037696 1.6489600236527611 1.3146841311827402 1.062212798744439 6.969668704085052 1.1445392323657859 0.79002948105335313 4.694659589789806 1.3748039957135918 1.3525515533983705 0.8759151194244621 0.59374663792550564 1.1801697593182328 1.8376831188797949 1.3222159771248723 1.0029930556192983 15.641440963372586 2.2589634573087092 0.70125227421522129 1.616493479348718 3.1366233816370368 0.86430220305919636 4.6378717245534045 1.0927978716790672 1.2112940000370143 2.0481603331863871 1.0153906792402267 1.3907281430438159 1.1830237433314326 1.7173892008140681
leaf_count=124 338 139 81 25 434 36 5 160 35 19 83 14 21 61 20 21 304 77 6 19 75 4 106 42 26 55 8 25 25 54
internal_value=0.00141368 -0.00152167 -0.00283924 -0.00401388 -0.00496599 -0.000261977 -0.0153215 -0.00460428 -0.00981283 0.0195641 -0.0295825 0.0116504 -0.0202013 0.00254607 -0.00173871 0.00433935 -0.010765 0.00164106 0.0284803 -0.0021015 -0.0158336 0.014966 0.00248554 -0.00133801 0.0173562 -0.00699113 -0.00584657 0.000702874 0.0170322 -0.00392725
internal_weight=71.0119 67.0881 65.4391 64.0316 62.9694 43.3002 19.6692 11.2299 10.4399 2.72736 8.43933 1.46966 7.71251 3.01785 42.1556 25.192 16.9637 24.189 2.96022 21.2288 5.31561 2.17899 15.9131 14.2967 3.31948 10.9772 2.10819 8.92901 4.29114 2.90041
internal_count=2442 2104 1965 1841 1816 984 832 301 296 54 531 97 242 82 948 624 324 603 83 520 160 85 360 341 76 265 50 210 104 79
is_linear=0
shrinkage=0.05


Tree=77
num_leaves=31
num_cat=0
split_feature=31 38 6 12 37 38 39 29 6 17 23 30 35 15 38 0 29 6 29 0 36 30 29 30 36 30 7 38 0 7
split_gain=4.06466 2.53855 1.89855 1.88332 1.69896 6.43511 1.99902 1.785 1.6182 2.65341 1.45175 1.74731 2.39225 2.23435 2.02762 2.49217 1.28745 1.08555 1.12508 1.68188 1.66524 1.06511 1.01801 0.987324 2.39324 1.31935 0.859961 3.85792 1.06427 0.822651
threshold=7.4446138188815985 5.5000000000000009 1.5000000000000002 1.0000000180025095e-35 1.5000000000000002 4.5000000000000009 1.0000000180025095e-35 5.2036832726553373 1.0000000180025095e-35 1.0000000180025095e-35 1.0000000180025095e-35 11.314619380816618 12.500000000000002 1.0000000180025095e-35 1.5000000000000002 9.5000000000000018 3.1385506848250149 1.0000000180025095e-35 1.6444966750710746 11.500000000000002 26.500000000000004 12.792748362673391 3.0375270496321396 14.703427073046866 24.500000000000004 13.770969280201539 1.0000000180025095e-35 4.5000000000000009 12.500000000000002 1.0000000180025095e-35
decision_type=2 2 2 2 2 2 2 2 2 2 2 2 2 2 2 2 2 2 2 2 2 2 2 2 2 2 2 2 2 2
left_child=1 2 3 4 5 7 8 10 26 -10 11 12 13 14 -1 -16 -15 18 -17 -20 -21 -13 -11 24 -23 -26 -6 -28 -29 -25
right_child=-2 -3 -4 -5 6 -7 -8 -9 9 22 -12 21 -14 16 15 17 -18 -19 19 20 -22 23 -24 29 25 -27 27 28 -30 -31
leaf_value=-0.041049661934195528 0.051542258494981154 0.084169655160758305 0.051475465203053419 0.050730716482719762 -0.05200224753535098 0.086305770480527622 0.026065486888772735 0.053185888472916644 0.051491261316494924 -0.054324448447443822 0.054129428778695657 -0.039894368590412142 0.082155830743208411 0.052330824150468649 0.067702216742911242 -0.047375092053568615 -0.031690550069966371 0.02500624516311882 0.013547704366972529 -0.03698576091878681 0.035451003596852694 -0.032367592582888391 -0.001589676436997889 -0.0077073635776044973 0.00010836177204063974 0.073195517357320411 0.063838042509945278 -0.014825393551569744 -0.057098514769528021 -0.041819479657746399
leaf_weight=3.8510021762922504 3.699087666347622 0.83915986400097509 1.5442413603886951 1.5027565946802486 4.4397228574380332 2.0333641730248919 2.2365301568061104 1.2926229098811735 1.6398891042917956 1.6390369739383461 0.96604739222675462 4.9242962729185846 0.86708871368318696 2.5381507109850641 1.2295397128909851 1.9027255009859789 0.55575065780431021 2.3609640914946786 5.6383671155199391 4.7684779446572065 0.95177141204476345 2.1987996920943242 2.0721587650477886 3.706819417886436 1.1525534307584169 1.3300186917185781 1.0644746348261831 2.5706261750310659 3.538166219368577 3.3780860435217619
leaf_count=189 335 26 64 132 325 11 127 54 82 59 31 88 17 127 25 20 10 92 48 126 10 76 23 85 22 18 7 55 118 39
internal_value=0.000485673 -0.00226209 -0.00333038 -0.00460594 -0.0058883 -0.000639378 -0.0183668 -0.00469301 -0.0242247 -0.00147519 -0.00646084 -0.00787624 0.00057848 -0.00239398 -0.00831675 -0.000836584 0.0372383 -0.00623087 -0.0117921 -0.00583149 -0.0249333 -0.0203699 -0.0248798 -0.0121987 0.00561939 0.0392642 -0.0347074 -0.0240031 -0.0393097 -0.023972
internal_weight=72.4323 68.7332 67.894 66.3498 64.8471 45.6464 19.2006 43.6131 16.9641 5.35108 42.3205 41.3544 24.6638 23.7967 20.7028 16.8518 3.0939 15.6223 13.2613 11.3586 5.72025 16.6906 3.7112 11.7663 4.68137 2.48257 11.613 7.17327 6.10879 7.08491
internal_count=2441 2106 2080 2016 1884 1088 796 1077 669 164 1023 992 664 647 510 321 137 296 204 184 136 328 82 240 116 40 505 180 173 124
is_linear=0
shrinkage=0.05


Tree=78
num_leaves=31
num_cat=0
split_feature=2 5 17 17 2 38 29 6 36 35 35 8 38 32 32 29 29 36 29 29 36 32 13 32 36 0 15 29 8 29
split_gain=4.20081 3.272 4.16842 3.18719 2.77048 4.77317 2.53088 1.80074 1.22662 4.96278 2.19275 2.39698 1.35228 2.36096 3.61474 1.3354 2.24491 0.993834 0.832808 3.7498 1.9036 1.35642 0.809125 0.840165 0.641276 0.578898 1.08509 0.573464 1.17398 0.506924
threshold=1.0000000180025095e-35 1.0000000180025095e-35 1.0000000180025095e-35 1.0000000180025095e-35 1.5000000000000002 4.5000000000000009 3.6127552040097792 1.5000000000000002 19.500000000000004 6.5000000000000009 6.5000000000000009 1.0000000180025095e-35 3.5000000000000004 13.633272246303319 15.449549907884528 2.2011011665870814 3.0375270496321396 15.500000000000002 3.1385506848250149 3.438811922224569 22.500000000000004 13.718443147391275 1.0000000180025095e-35 9.038051378489186 26.500000000000004 12.500000000000002 1.0000000180025095e-35 5.2036832726553373 1.5000000000000002 5.2036832726553373
decision_type=2 2 2 2 2 2 2 2 2 2 2 2 2 2 2 2 2 2 2 2 2 2 2 2 2 2 2 2 2 2
left_child=-1 3 -3 4 5 6 8 18 10 -10 17 25 15 24 -15 -11 -17 -2 21 -20 -21 22 -4 -24 -14 26 -12 28 -6 -8
right_child=1 2 7 -5 27 -7 29 -9 9 12 11 -13 13 14 -16 16 -18 -19 19 20 -22 -23 23 -25 -26 -27 -28 -29 -30 -31
leaf_value=0.050481752511442018 -0.0084687902856008714 0.051168411973947087 -0.028693233796113278 0.050722344513779286 -0.035712747938924594 0.081830088898193681 0.013297473850498443 0.051402068722872465 0.091746854269000158 -0.030849367452059625 -0.043493425230233418 0.047270980136831939 -0.056753778840633456 0.042062641681209406 -0.054022044218823506 0.047116267435781706 -0.025378087120992189 -0.062030261460799666 0.076691959704613497 0.029659307900868993 -0.039650702041892603 -0.065947404425010736 0.029101770486904405 -0.016018611195409732 -0.015187708643261437 -0.094034433702319883 0.050636799632710242 -0.079829614366156501 0.051566284333775705 0.052650434149896619
leaf_weight=3.6589344749227157 1.0791887566447345 5.1000090860761711 2.8784201610833389 1.934470310807227 10.909430094994599 1.4407942024990905 2.0045149708166714 1.486379167065025 1.1476992107927824 2.1207757145166406 1.4553228672593834 1.494702745229006 4.5522755971178412 2.3318082429468632 1.686990614980459 2.6071858862414956 1.8087708428502081 4.3853888232260942 1.4811179488897313 1.5236845882609484 2.8318291958421469 1.196329317986965 2.0010554315522313 2.1298136338591576 1.1654774807393549 0.34764975961297739 0.38772510923445214 0.68237155675888139 0.39939023181796152 1.382878349162638
leaf_count=396 61 310 114 153 542 17 38 66 18 54 99 13 108 28 31 35 28 61 17 27 31 11 29 20 17 8 32 3 22 74
internal_value=-0.00166586 -0.00455888 0.011949 -0.0120721 -0.0148717 -0.00706395 -0.0113392 -0.00093171 -0.0165281 -0.00874242 -0.0313514 -0.00154632 -0.0158296 -0.0276394 0.00172871 0.0017613 0.0174227 -0.0514525 -0.00647127 0.00796645 -0.0154041 -0.0167408 -0.0083423 0.00583838 -0.0482812 -0.0348541 -0.0236911 -0.0353163 -0.0326303 0.029363
internal_weight=69.6124 65.9534 20.6286 45.3248 43.3903 31.3991 29.9584 15.5286 26.571 17.421 9.14998 3.6854 16.2733 9.73655 4.0188 6.53673 4.41596 5.46458 14.0423 5.83663 4.35551 8.20562 7.00929 4.13087 5.71775 2.1907 1.84305 11.9912 11.3088 3.38739
internal_count=2463 2067 625 1442 1289 722 705 315 593 319 274 152 301 184 59 117 63 122 249 75 58 174 163 49 125 139 131 567 564 112
is_linear=0
shrinkage=0.05


Tree=79
num_leaves=31
num_cat=0
split_feature=2 38 12 18 35 36 36 14 29 0 7 5 17 17 7 36 29 36 38 0 38 30 36 29 29 21 35 36 38 15
split_gain=3.8175 2.48431 2.25882 1.51702 1.30739 2.04161 3.32589 1.39757 0.951344 1.14016 1.85009 0.946527 6.01513 3.12544 1.4448 3.39709 1.06547 0.990139 0.952752 0.89461 1.42907 1.39309 1.23227 1.67564 1.42242 1.24886 0.799657 1.49419 0.831753 1.23774
threshold=1.0000000180025095e-35 5.5000000000000009 1.0000000180025095e-35 1.5000000000000002 11.500000000000002 28.500000000000004 26.500000000000004 2.5000000000000004 3.6127552040097792 11.500000000000002 1.0000000180025095e-35 1.0000000180025095e-35 1.0000000180025095e-35 1.0000000180025095e-35 1.0000000180025095e-35 15.500000000000002 5.3997877885463827 27.500000000000004 1.5000000000000002 10.500000000000002 3.5000000000000004 10.128449201764782 24.500000000000004 2.336857385684675 1.9758354613039071 1.0000000180025095e-35 6.5000000000000009 17.500000000000004 1.5000000000000002 1.0000000180025095e-35
decision_type=2 2 2 2 2 2 2 2 2 2 2 2 2 2 2 2 2 2 2 2 2 2 2 2 2 2 2 2 2 2
left_child=-1 2 3 4 7 6 8 11 9 10 -6 13 -13 14 16 -16 26 18 -14 -17 21 -21 23 24 -22 -24 27 -2 29 -28
right_child=1 -3 -4 -5 5 -7 -8 -9 -10 -11 -12 12 17 -15 15 19 -18 -19 -20 20 22 -23 25 -25 -26 -27 28 -29 -30 -31
leaf_value=0.050460925052903498 -0.038923332610593234 0.078577478504068848 0.050675378919186199 0.052301226687199887 -0.016397514763763454 -0.042807339163618618 0.078346423505556637 0.042068179516932251 0.058602732067021282 -0.018826997125064623 0.073827035394500071 0.051203826994734407 -0.00066178700819292122 0.050703023950761088 0.065443767765738223 -0.037654870639204668 0.050981004595456847 0.00044145782089959447 -0.04309743196273938 -0.015227899278294758 -0.051607055137322583 0.034379468697742339 -0.029411734924921051 -0.057261937483930006 0.029566270735022066 0.027342164395595031 -0.041134066571885806 0.032265880812712151 -0.055153192858216939 0.050901592110702554
leaf_weight=3.4522990854457012 2.3785914350300996 0.90874564601108332 1.7907534092664708 1.0853526517748822 1.2361963712610287 1.6338263070210803 1.8182778684422372 1.2231503920629609 0.68617454916238774 4.185354555491358 1.0514293313026428 3.9580609253607664 1.7814826685935257 1.6450873259454954 1.3214978352189088 4.2598192207515266 0.35597607027739364 3.5081986570730805 5.1359830321744084 2.9950254373252383 0.89997016452252721 2.6830349452793598 1.948087487369776 3.8482410395517945 1.3481084275990722 1.9292421508580444 1.3909311397001145 1.0680603440850971 5.8374245092272758 0.49542208109050978
leaf_count=391 152 33 168 27 93 27 24 32 24 77 5 235 38 135 8 37 29 49 114 38 31 27 32 123 19 31 88 19 321 36
internal_value=-0.000762362 -0.00350797 -0.00468272 -0.0062892 -0.00733817 0.00860249 0.0179587 -0.0107204 0.00262146 -0.00331289 0.0250711 -0.0120438 -0.00127297 -0.0165469 -0.019924 -0.0121875 -0.0341756 -0.0211956 -0.0321688 -0.0173397 -0.0118107 0.0082129 -0.0232103 -0.0372264 -0.00292973 -0.00117271 -0.0368894 -0.016863 -0.045826 -0.0169623
internal_weight=67.8598 64.4075 63.4988 61.708 60.6227 10.6113 8.97743 50.0114 7.15915 6.47298 2.28763 48.7882 14.3837 34.4045 32.7594 21.233 11.5264 10.4257 6.91747 19.9115 15.6517 5.67806 9.97365 6.09632 2.24808 3.87733 11.1704 3.44665 7.72378 1.88635
internal_count=2463 2072 2039 1871 1844 250 223 1594 199 175 98 1562 436 1126 991 346 645 201 152 338 301 65 236 173 50 63 616 171 445 124
is_linear=0
shrinkage=0.05


Tree=80
num_leaves=31
num_cat=0
split_feature=2 38 12 6 18 36 29 7 36 38 36 35 2 39 5 5 17 15 29 32 36 35 0 38 36 38 32 32 38 15
split_gain=3.4632 2.17875 2.11743 1.67574 1.50797 1.49351 1.10298 1.43315 2.32711 1.66731 1.26007 1.18264 3.32968 1.25246 2.5178 2.35665 5.34993 0.918191 0.901418 2.30312 1.6393 1.22471 2.01499 1.49331 3.0001 1.30337 1.43362 1.74169 0.781638 1.99123
threshold=1.0000000180025095e-35 5.5000000000000009 1.0000000180025095e-35 1.5000000000000002 1.5000000000000002 30.500000000000004 7.6838291415854068 1.0000000180025095e-35 15.500000000000002 4.5000000000000009 26.500000000000004 5.5000000000000009 1.5000000000000002 1.0000000180025095e-35 1.0000000180025095e-35 1.0000000180025095e-35 1.0000000180025095e-35 1.0000000180025095e-35 3.9976927939054847 4.3596116904199791 18.500000000000004 7.5000000000000009 11.500000000000002 4.5000000000000009 21.500000000000004 2.5000000000000004 14.475916880138366 13.633272246303319 1.5000000000000002 1.0000000180025095e-35
decision_type=2 2 2 2 2 2 2 2 2 2 2 2 2 2 2 2 2 2 2 2 2 2 2 2 2 2 2 2 2 2
left_child=-1 2 3 4 5 6 7 9 -9 10 11 12 -2 15 -15 28 -17 18 19 -10 -21 22 -22 -24 -25 -23 27 -27 29 -13
right_child=1 -3 -4 -5 -6 -7 -8 8 17 -11 -12 13 -14 14 -16 16 -18 -19 -20 20 21 25 23 24 -26 26 -28 -29 -30 -31
leaf_value=0.050436495967617762 0.12109647875027048 0.081248454261662606 0.050639029457110851 0.051348244529599185 0.052189862499861378 -0.053382420099122412 0.054622340866159205 0.06391315049252104 0.07034469026413788 0.049595720954527751 0.014906071975729128 -0.045196142777226708 -0.049674814153413294 0.050607571641186337 -0.071567823817141024 0.051015894751237439 -0.044748810848846077 0.01889224012628694 -0.03842108594835579 -0.039984644711969212 0.085462875164922777 -0.031776209677123024 -0.055444145951430851 -0.035566196760960525 0.092187844259781798 0.0015028037668563012 -0.036844299941510845 0.068241425206728309 -0.052495721593433131 0.050803543788251838
leaf_weight=3.2508037965744725 0.51254306733609201 0.76677474705502291 1.7502682041376818 1.2835191655904044 1.0774158593267191 1.7214785059913982 0.73808371089398761 1.3670795708894754 1.0075198709964848 0.92353701125830312 2.4491526614874592 2.286072628572589 0.64419596781954169 1.3304607635363925 0.61736527085304249 2.4785270704887798 3.5433821314945817 4.1877496792003504 2.0198802258819333 3.214083423838022 0.99299290776253046 4.0805995501577845 0.79366591665893804 0.94418069627135992 0.89529039151966572 8.4056259011849743 2.0489184828475109 1.1062452429905523 7.938680681400001 0.70727747958153475
leaf_count=388 14 28 172 58 28 23 34 9 5 25 46 148 50 123 3 170 101 58 32 49 8 56 14 45 22 188 39 14 434 54
internal_value=0.000134323 -0.00251028 -0.003562 -0.00516135 -0.0064112 -0.00751976 -0.00609033 -0.00691263 0.000129563 -0.0162488 -0.0189505 -0.0230844 0.0259928 -0.0260878 0.011884 -0.0304504 -0.0053335 -0.00280669 -0.00636895 -0.00361272 -0.00692714 -0.00141271 0.0247685 0.00187983 0.0266131 -0.00748228 0.00109273 0.00926461 -0.044286 -0.0225131
internal_weight=65.0834 61.8326 61.0658 59.3155 58.032 56.9546 55.2331 54.495 31.0638 23.4312 22.5077 20.0585 1.15674 18.9018 1.94783 16.9539 6.02191 29.6968 25.509 23.4891 22.4816 19.2675 3.62613 2.63314 1.83947 15.6414 11.5608 9.51187 10.932 2.99335
internal_count=2438 2050 2022 1850 1792 1764 1741 1707 539 1168 1143 1097 64 1033 126 907 271 530 472 440 435 386 89 81 67 297 241 202 636 202
is_linear=0
shrinkage=0.05


Tree=81
num_leaves=31
num_cat=0
split_feature=31 12 6 2 14 18 8 35 32 32 4 0 39 5 5 18 32 7 35 35 32 32 21 29 35 32 29 29 13 32
split_gain=3.56547 1.63918 1.70214 1.59691 1.35086 1.29906 1.30846 1.2319 1.00839 2.54471 1.3588 1.29115 1.01598 1.68095 1.01727 4.33972 1.31598 0.782553 1.41279 1.28081 1.6658 3.71788 0.64002 2.4555 1.88609 0.66244 0.619338 1.55773 0.725057 1.20921
threshold=7.4446138188815985 1.0000000180025095e-35 1.5000000000000002 1.0000000180025095e-35 2.5000000000000004 1.5000000000000002 1.5000000000000002 11.500000000000002 14.703427073046866 13.924192733274621 2.5000000000000004 13.500000000000002 1.0000000180025095e-35 1.0000000180025095e-35 1.0000000180025095e-35 1.0000000180025095e-35 13.290320326429251 1.0000000180025095e-35 5.5000000000000009 6.5000000000000009 7.9383696242776152 9.3207942422039061 1.0000000180025095e-35 2.5467889716101815 10.500000000000002 9.0004091861251769 3.438811922224569 3.0375270496321396 1.0000000180025095e-35 8.3295132290760368
decision_type=2 2 2 2 2 2 2 2 2 2 2 2 2 2 2 2 2 2 2 2 2 2 2 2 2 2 2 2 2 2
left_child=1 2 3 -1 5 6 7 8 9 10 12 -10 14 -14 16 -16 17 19 -19 20 -5 -22 23 24 25 -20 27 28 29 -9
right_child=-2 -3 -4 4 -6 -7 -8 26 11 -11 -12 -13 13 -15 15 -17 -18 18 22 -21 21 -23 -24 -25 -26 -27 -28 -29 -30 -31
leaf_value=0.050474278482552759 0.051402352262811951 0.050640153486114503 0.0512979887878309 -0.046807888879933812 0.04736862856282497 0.051948520513183175 0.055091952335902777 0.017004846428090883 0.020839173207618609 0.060716558648851816 0.04248921025735819 -0.03890870510274011 0.050623323210211714 -0.068492899195802634 0.050944724291357803 -0.025760310170991819 -0.065904709564260588 -0.040416396311300395 0.0084491721949699998 -0.046469803540996189 0.13334860895291159 -0.020297096666652529 0.0154843699436834 -0.048519096076836681 -0.04387563422719018 0.047117882186180848 0.025709873322473445 -0.043293850272620976 0.038784646064590776 -0.048292688367373077
leaf_weight=1.2135453955270339 3.0614631199277929 1.3497928348369885 1.310857371892779 1.4764334503561314 1.101800285745411 0.87463929317891498 0.77440978866070409 2.525749035645275 1.0517078260891128 1.2150492025539268 1.0790783846750844 6.4476627055555582 1.3001535050570954 0.3835533708333968 2.7114667869172973 5.7635705145075917 1.5453465385362495 3.4260189132764962 3.6584843192249519 5.1029152907431126 0.55219650734215964 1.3719568653032181 3.1065846858546129 2.9627269525080919 1.4728924501687286 1.588438677601516 2.7953994385898113 1.7276187641546128 1.6590839386917648 0.98569454438984383
leaf_count=135 332 138 63 103 28 25 21 78 26 37 18 129 120 2 188 126 49 60 54 377 20 40 52 60 21 19 40 35 45 26
internal_value=-0.00128242 -0.00386166 -0.00506402 -0.00629798 -0.00747246 -0.00852224 -0.00945531 -0.0103494 -0.0137484 -0.0104979 -0.0128052 -0.0305297 -0.0144434 0.0234883 -0.0162819 -0.00121963 -0.0211422 -0.0183438 -0.0119013 -0.0306288 -0.00685789 0.0237964 -0.00426256 -0.0105982 0.00612084 0.0201556 0.00585639 -0.00218902 0.0115453 -0.00132477
internal_weight=65.5963 62.5348 61.185 59.8742 58.6606 57.5588 56.6842 55.9098 46.2162 38.7169 37.5018 7.49937 36.4227 1.68371 34.739 8.47504 26.264 24.7186 16.2151 8.5035 3.40059 1.92415 12.7891 9.68254 6.71982 5.24692 9.69355 6.89815 5.17053 3.51144
internal_count=2467 2135 1997 1934 1799 1771 1746 1725 1501 1346 1309 155 1291 122 1169 314 855 806 266 540 163 60 206 154 94 73 224 184 149 104
is_linear=0
shrinkage=0.05


Tree=82
num_leaves=31
num_cat=0
split_feature=31 38 12 2 6 35 30 18 36 14 36 35 0 5 17 17 8 8 38 35 2 38 30 0 15 30 35 30 36 38
split_gain=3.28575 2.17621 1.39915 1.42166 1.45492 1.25973 1.3277 1.27176 0.71866 1.16432 0.96359 2.03596 1.79954 0.862449 5.49065 2.83413 1.57617 0.821926 2.06188 1.29144 3.37425 1.25759 2.45652 1.33724 0.808599 0.749946 1.35523 1.73246 1.55052 0.596551
threshold=7.4446138188815985 5.5000000000000009 1.0000000180025095e-35 1.0000000180025095e-35 1.5000000000000002 12.500000000000002 12.301786280957941 1.5000000000000002 28.500000000000004 2.5000000000000004 26.500000000000004 11.500000000000002 14.500000000000002 1.0000000180025095e-35 1.0000000180025095e-35 1.0000000180025095e-35 1.0000000180025095e-35 1.0000000180025095e-35 4.5000000000000009 5.5000000000000009 1.5000000000000002 4.5000000000000009 4.3596116904199791 13.500000000000002 1.0000000180025095e-35 5.4521361837224109 8.5000000000000018 7.916125321121406 19.500000000000004 1.5000000000000002
decision_type=2 2 2 2 2 2 2 2 2 2 2 2 2 2 2 2 2 2 2 2 2 2 2 2 2 2 2 2 2 2
left_child=1 2 3 -1 5 7 -7 8 9 10 13 12 -12 15 -15 17 24 18 19 20 -5 22 -19 25 -16 -24 28 -28 -27 -21
right_child=-2 -3 -4 4 -6 6 -8 -9 -10 -11 11 -13 -14 14 16 -17 -18 21 -20 29 -22 -23 23 -25 -26 26 27 -29 -30 -31
leaf_value=0.050452924401078569 0.051275569816565753 0.077785545510742238 0.050557072698734044 0.16255569454162092 0.051201373646835538 0.070819730617375481 -0.0063768234517403311 0.051837839048048062 -0.030130664893062882 0.046776584479949687 -0.041550993045641367 0.057130443575014095 0.036906482606689148 0.051038394526960698 -0.055622557147922129 0.05057118812317396 0.012987516344932327 0.06769309953273521 0.056406650430868746 -0.019710013123490289 -0.050602611892329688 -0.034392849350455883 -0.045559047911482631 0.028144182545323831 -0.0083165409971649919 -0.014250272572427908 0.013717954659492505 -0.051407261425287579 0.041579846733744846 -0.046992438559287752
leaf_weight=1.1074641929008056 2.8697417457588008 0.81265490595251222 1.1282611051574338 0.2900835759937771 1.0632490888237942 1.0247717685997479 1.2201773542910812 0.8356944564729919 4.2171711279079309 0.93051584204658766 1.9375495072454207 1.6225826079025862 1.1735219089314339 3.5175198880024237 3.2805734490975738 1.532009228132664 1.7756098788231609 1.0593015924096132 0.65678371302783567 2.7446178561076504 0.51573450304567814 5.1234189849346867 1.9661407656967629 1.8685754425823677 1.2465636953711507 3.5892945248633605 1.4771248288452623 3.3083816803991795 1.9029141813516615 7.4217099621891975
leaf_count=129 336 32 124 10 53 23 20 25 58 24 45 20 19 238 109 150 17 6 13 194 45 156 20 26 11 33 11 50 26 436
internal_value=-0.000997545 -0.00348322 -0.0045925 -0.0056578 -0.00674224 -0.00783773 0.0288618 -0.00936363 -0.0103258 -0.00861921 -0.00969288 0.011725 -0.0119562 -0.0120356 0.000992676 -0.0158598 -0.0269375 -0.0190477 -0.0296465 -0.0347975 0.0261315 -0.0129748 -0.00574198 -0.0112541 -0.0425967 -0.0172668 -0.0118545 -0.0313053 0.00509348 -0.039627
internal_weight=63.2197 60.35 59.5373 58.4091 57.3016 56.2383 2.24495 53.9934 53.1577 48.9405 48.01 4.73365 3.11107 43.2764 9.82027 33.4561 6.30275 31.9241 11.6289 10.9721 0.805818 20.2952 15.1717 14.1124 4.52714 12.2439 10.2777 4.78551 5.49221 10.1663
internal_count=2459 2123 2091 1967 1838 1785 43 1742 1717 1659 1635 84 64 1551 375 1176 137 1026 698 685 55 328 172 166 120 140 120 61 59 630
is_linear=0
shrinkage=0.05


Tree=83
num_leaves=31
num_cat=0
split_feature=31 5 17 17 35 19 29 29 13 30 2 7 30 35 2 0 38 30 30 30 30 29 29 30 15 29 30 4 0 38
split_gain=3.0077 1.96294 3.31878 2.28232 1.23279 1.20095 1.19313 1.58471 1.29828 1.36705 1.16768 1.21587 2.09636 1.21492 2.82387 1.07015 1.43709 1.34986 1.15416 1.02342 0.924032 1.34524 2.12648 0.946241 0.862957 0.788019 0.702009 0.6303 0.618905 1.27394
threshold=7.4446138188815985 1.0000000180025095e-35 1.0000000180025095e-35 1.0000000180025095e-35 11.500000000000002 1.0000000180025095e-35 3.438811922224569 3.0375270496321396 1.0000000180025095e-35 8.3295132290760368 1.0000000180025095e-35 1.0000000180025095e-35 4.3596116904199791 5.5000000000000009 1.5000000000000002 10.500000000000002 3.5000000000000004 10.135806659779414 9.1651273959638377 8.18779207009921 16.5890620846635 3.1385506848250149 3.438811922224569 13.718443147391275 1.0000000180025095e-35 3.3300921486066026 8.4970819437662879 2.5000000000000004 12.500000000000002 4.5000000000000009
decision_type=2 2 2 2 2 2 2 2 2 2 2 2 2 2 2 2 2 2 2 2 2 2 2 2 2 2 2 2 2 2
left_child=1 3 -3 4 10 -4 7 8 9 -6 -1 13 -13 14 -12 -14 17 19 26 -17 21 23 -23 24 27 -19 -18 -7 29 -15
right_child=-2 2 5 -5 6 20 -8 -9 -10 -11 11 12 15 28 -16 16 18 25 -20 -21 -22 22 -24 -25 -26 -27 -28 -29 -30 -31
leaf_value=0.050399959944565503 0.051268123332623011 0.050996398910991947 -0.046429556402166755 0.050596594112346897 0.019001511829604384 -0.010261793137044735 0.036488642300544126 -0.04737163463766083 0.068073902414604523 -0.053681503769268585 0.13020342298167861 0.065829451690851346 -0.034759868354239103 -0.029178088115551351 -0.050639992534194316 0.01557301424601764 -0.011287312114771377 0.012905214867583229 -0.033659079211478669 -0.041187166639871618 -0.033399511670769398 0.084365973422102017 0.0050735081224227187 -0.049738032226931655 0.054045624037923012 0.061438899126338542 0.035214404717395127 0.027531965300440449 -0.049557122319134721 0.079590904825204353
leaf_weight=0.68556502368301053 2.8193592750467351 4.2165726590901622 1.244203321635722 1.6241931915283192 2.1414159862324595 4.8977097389288229 2.4889676538296044 1.5866700718179343 0.81396786030381907 0.92697486747056235 0.37861352041363971 0.90644233534112828 4.082470950670543 5.7041442450135929 0.50217382609844208 1.657763925846669 2.9207867616787535 1.958198875654489 5.4212925159372389 1.5244548395276067 1.3989666500128812 1.3585002049803727 2.2393296509981155 0.91186825465410937 0.77834603004157532 1.4598688925616441 1.1239070389419792 1.4239090532064436 3.9428159720264375 0.28253623284399498
leaf_count=89 339 304 15 158 53 174 34 29 36 20 14 13 44 468 44 18 81 30 169 27 32 18 42 14 20 20 19 16 133 3
internal_value=0.000785979 -0.00156255 0.0120288 -0.00752044 -0.00985061 0.000500619 0.00779023 -0.00527049 0.0119357 -0.00295636 -0.0141634 -0.0155524 -0.00855415 -0.029183 0.027097 -0.0119005 -0.00609187 0.0118165 -0.0185787 -0.0116182 0.00498923 0.00961508 0.0350135 -0.00179043 0.00436762 0.0336341 0.00163421 -0.00174896 -0.0341753 -0.0240448
internal_weight=63.422 60.6026 18.4694 42.1332 40.509 14.2528 7.958 5.46903 3.88236 3.06839 32.551 31.8655 21.0552 10.8103 0.880787 20.1487 16.0663 6.60029 9.46599 3.18222 13.0086 11.6097 3.59783 8.01183 7.09996 3.41807 4.04469 6.32162 9.9295 5.98668
internal_count=2476 2137 635 1502 1344 331 172 138 109 73 1172 1083 421 662 58 408 364 95 269 45 316 284 60 224 210 50 100 190 604 471
is_linear=0
shrinkage=0.05


Tree=84
num_leaves=31
num_cat=0
split_feature=31 38 37 38 39 15 38 0 38 38 29 38 0 7 0 36 36 35 39 6 14 29 32 29 36 29 29 4 0 32
split_gain=2.80083 1.86666 1.54706 4.63918 1.28979 1.2099 2.40667 1.11786 2.31449 2.75287 1.11762 1.03108 2.0343 1.22971 4.62162 1.8233 1.63183 1.24525 1.14799 1.27952 1.08883 1.06574 0.997116 2.20498 0.896866 0.873267 1.76145 0.940228 0.722057 0.648872
threshold=7.4446138188815985 5.5000000000000009 1.5000000000000002 4.5000000000000009 1.0000000180025095e-35 1.0000000180025095e-35 3.5000000000000004 13.500000000000002 2.5000000000000004 4.5000000000000009 5.2036832726553373 1.5000000000000002 9.5000000000000018 1.0000000180025095e-35 11.500000000000002 26.500000000000004 27.500000000000004 11.500000000000002 1.0000000180025095e-35 1.0000000180025095e-35 1.0000000180025095e-35 3.9976927939054847 11.585819541211192 3.2468620983371328 24.500000000000004 3.009344842060647 3.1385506848250149 1.5000000000000002 13.500000000000002 10.340253589394459
decision_type=2 2 2 2 2 2 2 2 2 2 2 2 2 2 2 2 2 2 2 2 2 2 2 2 2 2 2 2 2 2
left_child=1 2 3 5 7 10 22 8 -4 -10 11 -1 -13 14 -14 18 17 25 19 21 28 -16 -7 -24 -11 27 -27 -15 -17 -6
right_child=-2 -3 4 -5 29 6 -8 -9 9 24 -12 12 13 16 15 20 -18 -19 -20 -21 -22 -23 23 -25 -26 26 -28 -29 -30 -31
leaf_value=-0.032033883251470323 0.051234885559963687 0.075646312596908738 -0.038648068285225295 0.08006376266803017 0.050775800492893923 0.052629047785173327 -0.038079810312655102 -0.039820100488106872 0.066514695900125001 -0.026286639633088662 0.052344261944767101 0.06336224620273069 0.1355797150709491 -0.039413213321171994 -0.05158678737250405 0.042106476675622971 -0.050888965786484219 0.018182607946744356 0.033075893047662619 0.019461643158090718 0.066769659414400148 0.019151768896802569 -0.025741603062274739 0.057584901730894839 0.019275011052403149 0.032477010440107736 -0.02819158926591402 0.013582112113024687 -0.026170148928317056 -0.0094901918302054775
leaf_weight=3.6028113937936785 2.6122041251510373 0.77051401347853143 4.4041566113010031 1.8458998482674349 1.0296120159327991 2.8557487814687184 1.5836372002959249 4.8366092084907004 1.5477353651076553 3.0756931006908417 0.81717108841985364 1.0897885346785212 0.66009963676333683 4.6087569012306648 3.2897843681275831 0.69514631852507613 2.6100912662222973 3.4626030926592639 0.96258530300110567 1.1686710962094364 1.2393902288749812 0.63526749610900868 1.7529357313178482 1.451170112006366 1.6647247225046156 2.1802685433067381 2.6513102110475302 1.022661948110908 0.87419634778052568 0.78881898615509261
leaf_count=219 329 31 401 21 102 154 17 146 41 128 50 31 27 82 136 20 42 34 46 87 16 15 30 38 39 34 61 28 28 26
internal_value=0.000567321 -0.00166923 -0.00268918 0.0026001 -0.0152085 -0.00104629 0.0168029 -0.019874 -0.0108514 0.00861701 -0.00536772 -0.00690123 -0.0035662 -0.00636495 0.00794548 -0.00155829 -0.0146083 -0.00780813 -0.0170005 -0.0264637 0.0317389 -0.0401378 0.0311455 0.0119978 -0.0102864 -0.0164095 -0.00081465 -0.0297893 0.00407324 0.024633
internal_weight=61.7901 59.1779 58.4073 41.06 17.3474 39.2141 7.64349 15.5289 10.6923 6.28815 31.5706 30.7534 27.1506 26.0608 9.52514 8.86504 16.5357 13.9256 6.05631 5.09372 2.80873 3.92505 6.05985 3.20411 4.74042 10.463 4.83158 5.63142 1.56934 1.81843
internal_count=2459 2130 2099 1216 883 1195 239 755 609 208 956 906 687 656 375 348 281 239 284 238 64 151 222 68 167 205 95 110 48 128
is_linear=0
shrinkage=0.05


Tree=85
num_leaves=31
num_cat=0
split_feature=31 38 6 37 38 29 39 36 5 17 11 29 35 36 13 29 29 35 38 30 29 7 36 30 36 35 30 35 38 7
split_gain=2.62067 1.74929 1.46617 1.40332 4.6793 1.28319 1.23687 1.0356 1.03484 2.12024 0.945056 0.786517 2.04785 1.01172 0.953862 2.19259 1.19799 0.990516 0.813921 1.20298 0.777406 0.758481 3.03895 2.1038 0.753563 2.2372 1.08049 0.786272 0.78004 0.714706
threshold=7.4446138188815985 5.5000000000000009 1.5000000000000002 1.5000000000000002 4.5000000000000009 3.6127552040097792 1.0000000180025095e-35 25.500000000000004 1.0000000180025095e-35 1.0000000180025095e-35 1.0000000180025095e-35 3.2468620983371328 9.5000000000000018 28.500000000000004 1.0000000180025095e-35 2.5467889716101815 2.9057986818614658 6.5000000000000009 3.5000000000000004 9.0380513784891843 3.0375270496321396 1.0000000180025095e-35 25.500000000000004 10.976289592317322 16.500000000000004 5.5000000000000009 4.3596116904199791 6.5000000000000009 1.5000000000000002 1.0000000180025095e-35
decision_type=2 2 2 2 2 2 2 2 2 2 2 2 2 2 2 2 2 2 2 2 2 2 2 2 2 2 2 2 2 2
left_child=1 2 3 4 5 10 8 -7 29 -10 11 14 -13 -14 18 -16 -17 -18 19 24 -11 22 -19 -23 27 -26 -27 -1 -29 -5
right_child=-2 -3 -4 6 -6 7 -8 -9 9 20 -12 12 13 -15 15 16 17 21 -20 -21 -22 23 -24 -25 25 26 -28 28 -30 -31
leaf_value=-0.055558576437153499 0.051180998970093886 0.074068802732730255 0.051216714621401399 -0.048098453713499405 0.077098938015710008 0.039025585566318174 0.023881522664865804 -0.031570649975856492 0.051191515206299713 -0.049732523776925483 0.05062106243833369 -0.052656029683659449 0.011112448836752054 -0.045508381884504866 0.051260102585696334 -0.030752891800308508 -0.025234070734689175 -0.0079650507763452637 -0.029702885629326665 0.033633536653902958 -0.0024313677638412054 0.051454275036597719 0.1394062396041674 -0.02296089117564502 0.080928227631175215 0.030185194440232595 -0.025315444419755001 -0.046020452298133702 0.058765785334267032 -0.019848273809525131
leaf_weight=1.5739639559760674 2.4820490013808003 0.76059137959964473 1.2544139344245184 3.4797499827109259 1.9520902452059079 2.9099206072278316 1.7592152827419347 0.63236943725496519 1.3644069153815515 1.4850248768925669 0.7431878405623128 3.0099890255369237 3.9222527365200222 0.9875981993973254 2.3661454576067635 2.6948986737988871 1.6700336495414374 0.89784325845539548 4.1319917878136048 1.8046931433491398 2.0928226839751005 1.6031686589121821 0.57310498505830765 2.3303769379854202 0.71442146413028229 1.1160458438098428 4.0929917711764574 0.34581016749143589 0.36512341210618615 6.2782059889286757
leaf_count=43 328 32 63 348 22 106 129 19 86 64 78 83 89 20 112 73 36 47 127 38 27 13 10 35 9 44 120 30 13 194
internal_value=0.000852972 -0.00126741 -0.00225276 -0.0034316 0.00157814 -0.00225244 -0.0157397 0.0264227 -0.0204812 -0.00184054 -0.00515929 -0.00637141 -0.0201838 -0.00027662 -0.00220897 0.00807515 -0.0023842 0.00842228 -0.0110321 -0.00332741 -0.0220642 0.0188224 0.0494532 0.007368 -0.0114537 -0.00204458 -0.0134243 -0.0358461 0.00779598 -0.0299225
internal_weight=61.3945 58.9125 58.1519 56.8974 40.438 38.4859 16.4594 3.54229 14.7002 4.94225 34.9436 34.2005 7.91984 4.90985 26.2806 12.1356 9.76943 7.07453 14.145 10.013 3.57785 5.40449 1.47095 3.93355 8.20836 5.92346 5.20904 2.2849 0.710934 9.75796
internal_count=2438 2110 2078 2015 1167 1145 848 125 719 177 1020 942 192 109 750 326 214 141 424 297 91 105 57 48 259 173 164 86 43 542
is_linear=0
shrinkage=0.05


Tree=86
num_leaves=31
num_cat=0
split_feature=2 12 6 18 8 37 29 30 7 36 5 36 29 29 35 39 5 17 5 29 13 35 14 7 35 29 30 29 30 30
split_gain=2.79969 1.8208 1.38936 1.17324 1.07587 0.803565 1.54097 0.82109 1.03809 1.27538 1.72842 1.19714 1.39019 1.04353 0.657465 0.556219 1.38814 0.529006 3.35686 1.09704 1.50368 0.902474 0.660982 1.12601 1.76052 1.56308 2.62745 0.657566 0.584724 1.51621
threshold=1.0000000180025095e-35 1.0000000180025095e-35 1.5000000000000002 1.5000000000000002 1.5000000000000002 1.5000000000000002 5.2036832726553373 16.174293498687351 1.0000000180025095e-35 17.500000000000004 1.0000000180025095e-35 28.500000000000004 2.9057986818614658 2.4860854977526912 12.500000000000002 1.0000000180025095e-35 1.0000000180025095e-35 1.0000000180025095e-35 1.0000000180025095e-35 2.5335011795332734 1.0000000180025095e-35 9.5000000000000018 1.5000000000000002 1.0000000180025095e-35 6.5000000000000009 2.773112293567868 7.9383696242776152 3.1385506848250149 9.1807601708548869 7.916125321121406
decision_type=2 2 2 2 2 2 2 2 2 2 2 2 2 2 2 2 2 2 2 2 2 2 2 2 2 2 2 2 2 2
left_child=-1 2 3 4 5 6 14 8 15 -10 13 12 -12 -11 17 -7 -17 18 22 20 -19 -21 23 24 25 26 -2 -23 29 -25
right_child=1 -3 -4 -5 -6 7 -8 -9 9 10 11 -13 -14 -15 -16 16 -18 19 -20 21 -22 27 -24 28 -26 -27 -28 -29 -30 -31
leaf_value=0.050330022194993121 -0.040103266674513562 0.0505471925961027 0.051145760067693752 0.051849416978749133 0.054642726200720415 -0.037970898553053273 0.053404807599326559 -0.051204843811972836 0.061897658076532941 -0.0036305586211193065 -0.0022602929867040922 -0.023809232018644422 0.087171089831060478 -0.049743704138912596 0.020074971787939946 0.050360094516662006 -0.069274930751571359 -0.032713205530934403 0.050892179829598087 -0.057703840250647342 0.055564263706501499 -0.04494922053642509 0.015151057573975144 -0.00038247033202195527 -0.04628773882024112 -0.054324039947393599 0.085701820611527757 0.0054558025998429583 0.0045172576339839107 -0.0503222371422141
leaf_weight=2.4719562102109185 0.72209873888642417 1.4882908228319127 1.0618300051428367 0.8450225479900827 0.6868617981672277 4.5807939362712178 1.1199277765117575 1.6538526834920038 0.70025434345006932 2.5090464348904788 0.77730658859945856 0.87490336527116586 0.98544069030322134 2.4007743406109512 2.2416305979713789 0.61200301721692063 0.40156581997871399 0.96378296148031839 2.4629598897881797 2.1065950691699982 0.96576757356524467 1.0579844508320095 2.3064977191388598 5.1013156436383724 4.9016587156802416 0.75353691354393948 0.97597542498260736 1.6658261315897105 7.6932569090276957 2.164853148162365
leaf_count=394 46 179 58 26 20 425 44 42 5 61 38 13 25 115 38 87 2 49 195 33 9 19 42 44 261 27 13 30 99 30
internal_value=-0.00175964 -0.00402733 -0.00549628 -0.0066053 -0.00753055 -0.00834089 -0.00435621 -0.0179076 -0.0139292 -0.00265216 -0.0086411 0.024004 0.0477351 -0.0261787 -0.00614893 -0.0305548 0.0029619 -0.00788595 -0.00476274 -0.0203984 0.0114709 -0.0331288 -0.0103306 -0.0129647 -0.0289854 0.00560822 0.0322037 -0.0141226 -0.0050897 -0.0152613
internal_weight=59.2536 56.7816 55.2933 54.2315 53.3865 52.6996 37.2037 15.4959 13.8421 8.24773 7.54747 2.63765 1.76275 4.90982 36.0837 5.59436 1.01357 33.8421 27.0822 6.75996 1.92955 4.83041 24.6192 22.3127 7.35327 2.45161 1.69807 2.72381 14.9594 7.26617
internal_count=2469 2075 1896 1838 1812 1792 979 813 771 257 252 76 63 176 935 514 89 897 757 140 58 82 562 520 347 86 59 49 173 74
is_linear=0
shrinkage=0.05


Tree=87
num_leaves=31
num_cat=0
split_feature=31 5 17 17 36 36 36 7 36 6 36 2 38 36 36 36 29 4 12 38 36 7 0 2 0 15 36 29 38 38
split_gain=2.33278 1.57372 2.95953 1.95816 1.44511 1.37782 1.5853 1.29835 2.60318 1.19693 1.18418 1.16109 1.0611 1.51298 1.4349 1.16998 1.01772 0.8942 0.877123 0.719625 1.11928 1.53942 0.694695 0.531423 0.583454 1.09386 1.11168 0.600742 0.499301 0.498829
threshold=7.4446138188815985 1.0000000180025095e-35 1.0000000180025095e-35 1.0000000180025095e-35 24.500000000000004 25.500000000000004 26.500000000000004 1.0000000180025095e-35 15.500000000000002 1.5000000000000002 28.500000000000004 1.0000000180025095e-35 3.5000000000000004 17.500000000000004 22.500000000000004 21.500000000000004 3.2468620983371328 2.5000000000000004 1.0000000180025095e-35 4.5000000000000009 21.500000000000004 1.0000000180025095e-35 14.500000000000002 1.5000000000000002 12.500000000000002 1.0000000180025095e-35 22.500000000000004 3.814089410479828 3.5000000000000004 4.5000000000000009
decision_type=2 2 2 2 2 2 2 2 2 2 2 2 2 2 2 2 2 2 2 2 2 2 2 2 2 2 2 2 2 2
left_child=1 3 -3 4 7 -6 -7 11 -9 17 -8 -1 13 -10 15 29 -15 19 23 20 21 -4 -22 24 25 26 28 -26 -13 -14
right_child=-2 2 9 -5 5 6 10 8 12 -11 -12 18 14 16 -16 -17 -18 -19 -20 -21 22 -23 -24 -25 27 -27 -28 -29 -30 -31
leaf_value=0.050338212124827836 0.051060751968041308 0.050925012516002489 -0.0086077512543256719 0.050565015893870073 0.031241244805246617 -0.047663814599290914 0.022783237749259083 0.062677331269304346 -0.028321936843777786 0.05109611694191124 -0.036949379715738445 -0.046381538879715481 0.0035984499497401395 0.0041181693378914992 -0.054575505786044448 0.030039415573369595 0.056384552210056227 0.036660539553476972 0.050380551600912107 0.015033236878007545 -0.044143989050501049 0.084499460502449011 -0.0031161886097582025 -0.051721937004877275 -0.060094243580020038 0.050573586325819868 0.047891370267271666 -0.0012735067123279594 0.0057608658990145117 -0.046954025749058013
leaf_weight=0.44975010026246565 2.3007956664077929 3.862829539226369 2.5936880856752382 1.4827801738865662 3.9294821918010694 1.7049242644570766 3.532735965680331 1.2895785919390643 3.2926015751436335 1.087170327082277 1.084418501704931 2.3855888079851844 0.75197329139336888 5.2246299898251891 2.7156836097128689 1.3638486699201169 1.1334187798202036 1.2230490255169559 0.31387414922937829 2.4661547038704157 3.2589051583781838 0.53562425635755051 1.5097342235967515 3.0537699633277953 1.8022910384461286 0.55408828007057298 0.45151735469698895 0.57179218903183926 0.56852838955819596 1.3900345647707579
leaf_count=70 336 308 110 158 61 32 55 12 35 63 29 165 14 96 83 30 31 14 42 32 75 6 20 327 69 51 15 19 20 69
internal_value=0.00172513 -0.000317014 0.0126107 -0.00579211 -0.00801669 0.00799071 -0.00646063 -0.0140249 -0.00564072 0.000933427 0.008754 -0.0281992 -0.0111914 -0.000811306 -0.0272927 -0.006159 0.0134354 -0.00377311 -0.0318401 -0.00854461 -0.0159069 0.00732881 -0.0311547 -0.0345892 -0.0263288 -0.0145783 -0.0251784 -0.0459274 -0.0363466 -0.0292071
internal_weight=57.8853 55.5845 16.5372 39.0473 37.5645 10.2516 6.32208 27.313 17.1618 12.6743 4.61715 10.1512 15.8722 9.65065 6.22154 3.50586 6.35805 11.5872 9.70145 10.3641 7.89795 3.12931 4.76864 9.38758 6.33381 3.95972 3.40563 2.37408 2.95412 2.14201
internal_count=2447 2111 628 1483 1325 177 116 1148 370 320 84 778 358 162 196 113 127 257 708 243 211 116 95 666 339 251 200 88 185 83
is_linear=0
shrinkage=0.05


Tree=88
num_leaves=31
num_cat=0
split_feature=2 38 11 6 18 37 38 29 7 38 3 35 36 30 36 30 36 30 30 36 29 29 35 29 16 38 0 38 36 29
split_gain=2.37099 1.61143 1.5916 1.3243 1.20816 0.859347 4.44617 1.63839 0.798305 2.23008 0.789626 0.987954 4.27226 1.27583 1.03415 0.741512 1.16564 1.0191 2.19609 0.805799 1.3548 0.770041 0.752023 1.36069 2.18526 1.6367 1.7129 1.19433 1.2413 0.778084
threshold=1.0000000180025095e-35 5.5000000000000009 1.0000000180025095e-35 1.5000000000000002 1.5000000000000002 1.5000000000000002 4.5000000000000009 5.2036832726553373 1.0000000180025095e-35 4.5000000000000009 3.5000000000000004 7.5000000000000009 21.500000000000004 8.5850002514866244 24.500000000000004 11.314619380816618 26.500000000000004 13.855458662553419 14.475916880138364 20.500000000000004 3.2468620983371328 3.5447213558571025 12.500000000000002 3.3300921486066026 1.0000000180025095e-35 1.5000000000000002 9.5000000000000018 3.5000000000000004 22.500000000000004 1.6444966750710746
decision_type=2 2 2 2 2 2 2 2 2 2 2 2 2 2 2 2 2 2 2 2 2 2 2 2 2 2 2 2 2 2
left_child=-1 2 3 4 5 6 7 15 -7 -10 11 12 -11 14 -13 16 22 21 -19 -20 -21 -17 23 24 25 -2 -27 28 29 -28
right_child=1 -3 -4 -5 -6 8 -8 -9 9 10 -12 13 -14 -15 -16 17 -18 18 19 20 -22 -23 -24 -25 -26 26 27 -29 -30 -31
leaf_value=0.050307632594661512 -0.042958492005201021 0.075940357388210811 0.050511276896358141 0.051024594229905622 0.05176027297738689 -0.032086827972632549 0.076520682176899821 0.053356883751609734 0.063316455347782269 -0.03812956066688164 -0.042051464103412123 -0.037777025236025281 0.13749290151470037 -0.046796820077065121 0.040519797214916865 -0.037844848482163795 0.038394547566744347 0.050898705527301552 0.022705704328989912 0.0084705094897895711 -0.045874909984770118 0.0079499368888128266 0.045948294449581269 -0.051101990702735536 0.052216746396709202 0.062992875894511871 -0.040026393317623865 -0.03980044575464934 0.03652453867221455 0.00066190946520054391
leaf_weight=2.2473868741653851 2.895635201595737 0.65394210768863459 1.3542967955581833 1.0572341191582371 0.90526430681347747 5.4305481277406189 1.6966484948061396 1.1141879768110801 0.98203500919044007 0.91340846661478259 2.1928130541928113 0.67702191462740335 0.55773362051695585 2.0401068544015288 1.1184006342664359 5.865355294197796 1.6358291897922743 1.4610303505323825 1.0308489236049352 1.8132645608857272 3.1201470424421132 1.0882759252563117 0.68074639793485303 1.6330627910792817 1.6022133054211725 0.96048009721562166 1.5240527838468532 2.1744718891568473 1.9702515308745203 5.1297924760729074
leaf_count=389 190 28 174 63 29 525 12 44 8 48 82 34 14 59 18 148 26 24 27 32 69 25 15 48 72 24 24 90 28 84
internal_value=-3.57334e-05 -0.00208246 -0.0030165 -0.00437733 -0.00549912 -0.00650938 -0.00256261 -0.0063211 -0.0171185 -0.00753456 -0.0168123 -0.006383 0.0284517 -0.0197441 0.0109955 -0.00824366 -0.00206776 -0.0169226 -0.00404112 -0.0174994 -0.0259004 -0.0306777 -0.00563195 -0.00759467 -0.00322421 -0.00928563 -0.000993779 -0.00668508 0.0016646 -0.00865768
internal_weight=57.5265 55.2791 54.6252 53.2709 52.2136 51.3084 37.3963 35.6996 13.9121 8.48152 7.49948 5.30667 1.47114 3.83553 1.79542 34.5855 20.2065 14.3789 7.42529 5.96426 4.93341 6.95363 18.5707 17.89 16.2569 14.6547 11.759 10.7986 8.6241 6.65385
internal_count=2453 2064 2036 1862 1799 1770 982 970 788 263 255 173 62 111 52 926 601 325 152 128 101 173 575 560 512 440 250 226 136 108
is_linear=0
shrinkage=0.05


Tree=89
num_leaves=31
num_cat=0
split_feature=31 38 12 18 6 2 30 30 0 36 38 38 35 7 15 29 0 35 36 36 7 35 0 36 30 21 5 29 30 30
split_gain=2.25672 1.51145 1.19341 1.08454 1.06509 0.970199 0.583631 0.681754 1.62596 0.887606 0.804694 3.88695 0.911889 1.58434 0.955128 1.60729 1.31284 1.04209 2.22513 1.39024 1.93782 1.09868 0.700624 0.94272 1.52643 1.87131 0.948696 0.523266 0.503085 0.417291
threshold=6.2838202790140754 5.5000000000000009 1.0000000180025095e-35 1.5000000000000002 1.5000000000000002 1.0000000180025095e-35 21.271241472794088 15.44954990788453 14.500000000000002 20.500000000000004 2.5000000000000004 3.5000000000000004 11.500000000000002 1.0000000180025095e-35 1.0000000180025095e-35 3.1026927801673843 11.500000000000002 7.5000000000000009 18.500000000000004 18.500000000000004 1.0000000180025095e-35 6.5000000000000009 12.500000000000002 24.500000000000004 13.57412943990362 1.0000000180025095e-35 1.0000000180025095e-35 3.2468620983371328 7.9383696242776152 11.793939418647607
decision_type=2 2 2 2 2 2 2 2 2 2 2 2 2 2 2 2 2 2 2 2 2 2 2 2 2 2 2 2 2 2
left_child=1 2 3 4 5 -1 7 8 10 -9 12 -12 14 -14 16 29 17 18 21 20 -19 28 -13 26 25 -25 -24 -11 -7 -16
right_child=-2 -3 -4 -5 -6 6 -8 9 -10 27 11 22 13 -15 15 -17 -18 19 -20 -21 -22 -23 23 24 -26 -27 -28 -29 -30 -31
leaf_value=0.050354753093467333 0.050944134808541632 0.073525240460880256 0.050525433631691541 0.051661077168186756 0.050927523957411819 -0.035795192735150652 0.039522935409447846 0.01724761395004358 0.049037040723537727 -0.005333666008462537 0.068116518788341462 0.006526312333506386 -0.01876502004357733 0.067592862139087703 0.052623463031385723 -0.035529218228975305 -0.046167690655170054 -0.023548501086720137 0.067974158289829112 -0.045824781948428393 0.067408252416218062 0.048745656770124185 -0.042356099439804777 -0.041163815394030273 0.033675141428538002 0.017263374741990852 0.01999486982359424 -0.041235448305111791 0.0015564702338638139 0.0031328037009328599
leaf_weight=0.77965163392946024 2.1522500780411056 0.66794399544596572 1.0548789487220336 0.88688470236956973 0.86529879877343674 2.4790418595075701 0.69930769829079409 1.1678771832957853 1.3840971058234561 1.4116848707199094 1.954606579151007 7.1312718382105258 1.2461795820854598 0.92558890394866455 1.3468392011709505 1.2492370121181009 3.9305869941599658 2.384353910107166 1.0672841430641709 3.9018242573365569 0.77620385959744442 0.63433986250311125 3.6189546952955407 3.2255239109508693 2.095510789193213 2.3828004961833358 0.73376709222793568 3.6110376371070743 1.416646243073046 0.62291446328163136
leaf_count=120 348 29 133 30 55 146 18 39 33 28 48 199 104 6 62 15 166 265 11 141 5 22 168 92 32 32 46 74 36 4
internal_value=0.000707217 -0.00123561 -0.0021438 -0.00317403 -0.00409089 -0.00500331 -0.00584304 -0.00646879 -0.00430639 -0.0220155 -0.00601851 0.000945757 -0.0127171 0.01804 -0.0160891 0.00883581 -0.0209252 -0.0130879 0.00302578 -0.0258589 -0.00121036 -0.0122762 -0.00589673 -0.0132448 -0.0027354 -0.0163399 -0.0318452 -0.0311449 -0.0222125 0.0369725
internal_weight=57.8044 55.6521 54.9842 53.9293 53.0424 52.1771 51.3975 50.6982 44.5076 6.1906 43.1235 21.1424 21.981 2.17177 19.8093 3.21899 16.5903 12.6597 5.59731 7.06238 3.16056 4.53003 19.1878 12.0566 7.70384 5.60832 4.35272 5.02272 3.89569 1.96975
internal_count=2507 2159 2130 1997 1967 1912 1792 1774 1633 141 1600 617 983 110 873 81 792 626 215 411 270 204 569 370 156 124 214 102 182 66
is_linear=0
shrinkage=0.05


Tree=90
num_leaves=31
num_cat=0
split_feature=2 38 39 11 37 38 29 23 5 18 30 0 15 38 0 29 35 35 7 38 0 5 30 14 36 5 14 0 7 29
split_gain=2.20069 1.51092 1.46029 1.43152 1.23504 3.65668 1.52589 1.12723 1.12102 1.70092 0.973137 0.748668 0.707275 1.35173 1.38777 1.24558 0.925243 0.691066 0.669482 2.16138 1.065 0.657375 0.649731 1.43346 2.41532 0.651707 1.44616 0.638474 1.26261 0.606791
threshold=1.0000000180025095e-35 5.5000000000000009 1.0000000180025095e-35 1.0000000180025095e-35 1.5000000000000002 4.5000000000000009 5.2036832726553373 1.0000000180025095e-35 1.0000000180025095e-35 1.0000000180025095e-35 10.878556223131921 13.500000000000002 1.0000000180025095e-35 1.5000000000000002 9.5000000000000018 3.3300921486066026 6.5000000000000009 5.5000000000000009 1.0000000180025095e-35 4.5000000000000009 12.500000000000002 1.0000000180025095e-35 15.44954990788453 1.5000000000000002 25.500000000000004 1.0000000180025095e-35 1.5000000000000002 13.500000000000002 1.0000000180025095e-35 1.6444966750710746
decision_type=2 2 2 2 2 2 2 2 2 2 2 2 2 2 2 2 2 2 2 2 2 2 2 2 2 2 2 2 2 2
left_child=-1 2 3 4 5 6 7 10 18 -10 12 -12 13 -2 -15 21 -14 -11 -6 -20 -21 29 23 24 -13 -24 -27 28 -19 -16
right_child=1 -3 -4 -5 8 -7 -8 -9 9 17 11 22 16 14 15 -17 -18 27 19 20 -22 -23 25 -25 -26 26 -28 -29 -30 -31
leaf_value=0.0502769710285366 -0.036039185874514261 0.072103085089689239 0.029583302449125534 0.050424293204428643 -0.051541774827220159 0.072167770806299381 0.0530864672375784 0.053516896113719251 0.051051116004160971 0.024446140839433198 -0.031856230437472752 0.043631548320878344 -0.022604121846472158 0.061265123756223817 -0.041038403893231878 0.040183269080252521 0.052643248800400423 -0.044685893454433183 0.061501460533239155 -0.0073986955841833504 -0.054723693592238845 0.026277511457581077 -0.044452468508177995 0.053937614511770905 -0.045845113519795339 0.04175892811194952 -0.046534219513911249 -0.049150747456114086 0.061870827062453504 -0.007315162190979909
leaf_weight=1.9839089470915485 2.8835335364565315 0.65537804597988625 3.0025004716590038 1.0873043090105046 2.8323412616737169 1.556809730362146 1.0524718603119243 0.72681429889053006 1.167637402191757 0.74491874035447869 6.4023938584141424 1.203359867446123 0.61132713686674733 0.91174060152843495 1.5999518334865541 1.49079428333789 1.2314118710346518 0.67598318681120895 0.68466497212648381 2.1591459643095732 2.6452508703805506 1.2032132041640586 1.928147466853261 1.087405579164624 2.0207067523151636 0.91603661049157381 0.93932928889989853 1.6954699987545607 0.47219561878591776 8.0213406244292837
leaf_count=381 194 31 201 161 340 12 45 31 84 19 163 34 18 26 19 35 58 51 5 55 120 76 39 12 41 28 14 33 4 127
internal_value=-0.00143582 -0.00334953 -0.00428336 -0.00631902 -0.00758164 -0.00277638 -0.00618491 -0.00806514 -0.0207312 -0.00136786 -0.00944442 -0.0190799 -0.00166374 -0.0050201 0.00174215 -0.00266453 0.02768 -0.0184238 -0.0317986 -0.0216111 -0.0334553 -0.0085657 -0.00897496 0.00429482 -0.0124486 -0.0240964 -0.00294187 -0.0296539 -0.000863785 -0.0129231
internal_weight=55.5935 53.6096 52.9542 49.9517 48.8644 35.7868 34.23 33.1775 13.0776 4.7562 32.4507 14.4974 17.9533 16.1106 13.227 12.3153 1.84274 3.58857 8.3214 5.48906 4.8044 10.8245 8.09499 4.31147 3.22407 3.78351 1.85537 2.84365 1.14818 9.62129
internal_count=2457 2076 2045 1844 1683 972 960 915 711 191 884 331 553 477 283 257 76 107 520 180 175 222 168 87 75 81 42 88 55 146
is_linear=0
shrinkage=0.05


Tree=91
num_leaves=31
num_cat=0
split_feature=31 38 6 11 2 18 30 35 35 23 29 37 38 38 38 36 38 38 4 36 30 38 36 29 39 5 36 36 29 30
split_gain=1.95673 1.28657 1.05382 1.00284 0.898492 0.893772 0.830879 1.19601 1.05142 0.835504 0.743868 0.672269 1.66331 1.03288 1.03586 0.823133 1.65216 1.64778 0.661609 1.13159 0.620698 0.616257 0.600001 0.589378 0.557595 1.22715 0.556815 0.511096 0.723926 0.441499
threshold=7.4446138188815985 5.5000000000000009 1.5000000000000002 1.0000000180025095e-35 1.0000000180025095e-35 1.5000000000000002 11.314619380816618 5.5000000000000009 12.500000000000002 1.0000000180025095e-35 3.6127552040097792 1.5000000000000002 4.5000000000000009 2.5000000000000004 4.5000000000000009 26.500000000000004 3.5000000000000004 2.5000000000000004 1.5000000000000002 24.500000000000004 8.4970819437662879 4.5000000000000009 22.500000000000004 3.1385506848250149 1.0000000180025095e-35 1.0000000180025095e-35 23.500000000000004 21.500000000000004 3.0375270496321396 4.3596116904199791
decision_type=2 2 2 2 2 2 2 2 2 2 2 2 2 2 2 2 2 2 2 2 2 2 2 2 2 2 2 2 2 2
left_child=1 2 3 4 -1 6 8 10 11 23 -8 12 15 24 -15 16 17 22 19 20 -16 -11 29 27 -13 -26 -24 -9 -29 -6
right_child=-2 -3 -4 -5 5 -7 7 9 -10 21 -12 13 -14 14 18 -17 -18 -19 -20 -21 -22 -23 26 -25 25 -27 -28 28 -30 -31
leaf_value=0.050316148085003204 0.050868945203535056 0.072124108983503687 0.05093885983061152 0.050447171240208227 0.018698528095766356 0.051529977291104846 0.065729020742598926 -0.06013317866716035 0.050577077193201897 0.032892777195009083 -0.0026094665884390965 -0.042318731729481307 0.0773076531978832 0.062320416361136478 -0.040158798999034691 0.03420732300092795 -0.036795956354616265 0.076080774690766129 -0.042148713001510657 0.045060409771106896 0.013335710375601523 -0.033307908765567454 0.046986716930430029 -0.012209388683897484 0.050328151260056866 -0.066983970068315343 -0.001674308538270065 -0.0074369651959642659 -0.0438055200800367 -0.0088237775943383785
leaf_weight=0.76716898754238982 1.9109205156564701 0.60055654845200379 0.94139408459886809 0.88056126097217102 1.7331008757464719 0.70875168591737647 0.72602579277009016 1.2770500499755151 1.004089253488927 1.3318654056638486 0.88189930329099298 3.0247996337711798 0.73904158221557636 0.62855477025732387 1.228850876446814 1.6793275112286199 2.9070709813386193 0.76286814454943019 0.99496299680322398 1.1270935945212839 0.97050745412707318 0.4776041330769657 1.2128039659000944 9.2225174307823163 0.54244279861450184 0.37844927608966827 1.1409111577086148 2.8319992846809328 2.6474241814576089 9.1510622748173756
leaf_count=132 342 29 61 125 109 26 22 42 21 58 23 357 6 15 67 27 127 18 39 27 45 25 23 211 84 2 18 64 58 272
internal_value=0.0011692 -0.000639083 -0.00148073 -0.00244873 -0.00337846 -0.00421349 -0.00502605 -0.0130492 0.000298679 -0.0167821 0.0282474 -0.00149015 0.00374543 -0.0128647 0.00234666 0.000820534 -0.00249553 0.00462651 -0.00637659 0.00432308 -0.0165534 0.0154193 0.000508763 -0.0204286 -0.0319476 0.00211763 0.0233994 -0.0316476 -0.0250087 -0.00444136
internal_weight=54.4317 52.5208 51.9202 50.9788 50.0982 49.3311 48.6223 19.3964 29.2259 17.7885 1.60793 28.2218 19.3262 8.89566 4.94997 18.5871 16.9078 14.0007 4.32141 3.32645 2.19936 1.80947 13.2379 15.979 3.94569 0.920892 2.35372 6.75647 5.47942 10.8842
internal_count=2475 2133 2104 2043 1918 1786 1760 503 1257 458 45 1236 600 636 193 594 567 440 178 139 112 83 422 375 443 86 41 164 122 381
is_linear=0
shrinkage=0.05


Tree=92
num_leaves=31
num_cat=0
split_feature=2 38 12 6 18 37 38 29 30 38 38 30 30 29 35 39 5 38 38 35 30 15 30 29 14 30 35 36 0 38
split_gain=1.82707 1.24239 1.23483 1.03713 0.890289 0.799073 3.17963 1.12475 0.806042 1.09445 2.26224 1.01566 1.03193 0.790936 0.650958 0.639947 1.21615 0.580775 2.63541 1.09603 0.642379 1.01468 0.722553 1.46084 1.20564 0.876564 0.689443 0.629018 0.609766 1.5332
threshold=1.0000000180025095e-35 5.5000000000000009 1.0000000180025095e-35 1.5000000000000002 1.5000000000000002 1.5000000000000002 4.5000000000000009 5.2036832726553373 15.975363800943597 2.5000000000000004 4.5000000000000009 13.924192733274621 10.135806659779414 2.773112293567868 12.500000000000002 1.0000000180025095e-35 1.0000000180025095e-35 3.5000000000000004 2.5000000000000004 9.5000000000000018 10.16755942264408 1.0000000180025095e-35 9.6183741362636379 3.1026927801673843 1.0000000180025095e-35 9.0380513784891843 10.500000000000002 20.500000000000004 9.5000000000000018 1.5000000000000002
decision_type=2 2 2 2 2 2 2 2 2 2 2 2 2 2 2 2 2 2 2 2 2 2 2 2 2 2 2 2 2 2
left_child=-1 2 3 4 5 6 7 14 9 15 -11 12 13 -12 17 -7 -17 18 20 -19 22 -22 23 24 25 28 27 -26 29 -2
right_child=1 -3 -4 -5 -6 8 -8 -9 -10 10 11 -13 -14 -15 -16 16 -18 19 -20 -21 21 -23 -24 -25 26 -27 -28 -29 -30 -31
leaf_value=0.050252727340210579 -0.029085753915415586 0.069662311912992811 0.050422644684765421 0.050878947295927429 0.05145629974275151 -0.040915213199529871 0.071229865522629068 0.052895185524108872 -0.048048603013666397 0.06210790827156485 -0.012013596475166723 0.049706860363844127 -0.045582032740449439 0.049493736269404787 0.023558673677140093 0.05031809538369808 -0.06588372792162249 -0.039531419397808271 0.065813495079227347 -0.0060481866207828831 -0.045194692750863012 0.0013128852469602168 0.051347493139601831 -0.058158855234404477 0.03079505080334366 0.035893512100940432 0.070148672158360736 -0.027877969253749697 -0.022636301427170144 0.060781606613526974
leaf_weight=1.8371226680465031 1.0864189164713041 0.62406870233826239 1.1288338424637903 0.89587247790768643 0.72902150824665923 3.2976288273930532 1.4890724574215699 0.86522586923092504 1.5856389445252705 1.2697736006230114 3.1139150634408002 0.62430825922638167 2.0853477199561894 0.62809533160179842 1.9035816709510971 0.58553723618388165 0.36585022509098053 3.3218633872456875 1.3678414043970395 9.2487684893421811 2.3601169283501795 2.3312327209860086 0.63864048011601049 1.101543522905559 1.731420950964093 1.0059966063126919 0.75801465846598137 0.62050901539623726 5.3247569287195802 0.84278080472722638
leaf_count=387 96 33 175 62 28 386 11 41 44 27 109 22 91 25 36 94 2 119 46 231 72 24 12 20 65 13 31 11 132 21
internal_value=0.00123317 -0.000468169 -0.00130488 -0.00244582 -0.00339588 -0.00420285 -0.000306538 -0.00339338 -0.0145494 -0.010112 0.00110322 -0.0109033 -0.0173967 -0.00168961 -0.00484098 -0.0304926 0.0056334 -0.00654423 -0.00106718 -0.0148963 -0.00620621 -0.0220841 -0.000524431 -0.0031807 0.00214572 -0.00784481 0.0286804 0.0153154 -0.0139106 0.0101733
internal_weight=54.7688 52.9317 52.3076 51.1788 50.2829 49.5539 35.9978 34.5087 13.5561 11.9705 7.72144 6.45167 5.82736 3.74201 33.6435 4.24902 0.951387 31.7399 19.1693 12.5706 17.8014 4.69135 13.1101 12.4714 11.3699 8.25995 3.10994 2.35193 7.25396 1.9292
internal_count=2466 2079 2046 1871 1809 1781 981 970 800 756 274 247 225 134 929 482 96 893 543 350 497 96 401 389 369 262 107 76 249 117
is_linear=0
shrinkage=0.05


Tree=93
num_leaves=31
num_cat=0
split_feature=2 12 38 6 18 36 14 36 30 30 30 36 29 38 38 5 35 0 29 16 36 5 29 39 37 30 29 16 38 30
split_gain=1.9603 1.26141 1.25998 1.03088 0.919327 0.949383 0.715042 0.785485 1.31872 3.35803 1.30186 1.09754 1.31692 1.32288 2.04596 0.999229 0.946791 0.845479 1.22305 1.11689 0.792947 0.734344 0.909424 0.720559 0.90737 0.651268 1.65741 0.927707 0.715392 0.565205
threshold=1.0000000180025095e-35 1.0000000180025095e-35 5.5000000000000009 1.5000000000000002 1.5000000000000002 30.500000000000004 2.5000000000000004 24.500000000000004 15.44954990788453 13.57412943990362 8.5850002514866244 22.500000000000004 5.2036832726553373 2.5000000000000004 3.5000000000000004 1.0000000180025095e-35 6.5000000000000009 11.500000000000002 3.2468620983371328 1.0000000180025095e-35 27.500000000000004 1.0000000180025095e-35 2.4860854977526912 1.0000000180025095e-35 1.5000000000000002 8.3295132290760368 3.1385506848250149 1.0000000180025095e-35 1.5000000000000002 11.585819541211192
decision_type=2 2 2 2 2 2 2 2 2 2 2 2 2 2 2 2 2 2 2 2 2 2 2 2 2 2 2 2 2 2
left_child=-1 2 3 4 5 6 7 11 9 10 -9 12 13 17 -15 -13 -17 23 29 -20 -12 22 -16 24 25 26 27 28 -2 -19
right_child=1 -3 -4 -5 -6 -7 -8 8 -10 -11 20 15 -14 14 21 16 -18 18 19 -21 -22 -23 -24 -25 -26 -27 -28 -29 -30 -31
leaf_value=0.050239305591541231 -0.035219733931170012 0.05039991658667986 0.070546671824909368 0.050848850290233241 0.051390942221078345 -0.04784749737880354 0.037089539346861281 0.025446444624326648 -0.032478545712372762 0.059873818388132084 -0.028197346415301739 -0.042564465503659957 0.052788318146859227 0.068565298319291465 0.012115365568476665 -0.048184074147259642 0.034736002132871403 -0.036603258713384337 -0.029217065390169019 0.05607906808678307 0.0079778187725001275 0.047916957752756478 -0.033251445334015882 0.050378850613953786 -0.040736922107053125 0.018136293995562654 -0.094161349703563824 0.051907348697104894 0.0001173626231579713 -0.080465493641589267
leaf_weight=1.7442310755141068 2.1172543978318661 1.055890857707708 0.54824598180130024 0.79351500608026881 0.67363183945417304 1.4099516933783878 0.93475368851795693 2.6055722483433765 2.2526700352318576 2.5700497585348776 4.5342952203936875 4.4944758377969256 0.88957581110298534 1.2243096851743747 2.2052824734710157 0.53991866484284379 0.94991022255271673 2.1828095777891572 1.0786608569324014 0.59576128982007492 2.2747950591146946 0.60994318732991804 2.2133869836106896 0.48602342465892512 2.2054977444931874 2.2858144794590771 0.57178266346454609 0.63668998098000873 4.42699064174667 1.1068926495499907
leaf_count=388 172 175 22 57 27 22 29 41 47 34 104 157 44 31 61 11 52 89 85 15 43 56 134 74 307 40 5 40 80 15
internal_value=-0.00187443 -0.00367531 -0.0048307 -0.00567632 -0.00660928 -0.0074335 -0.00619458 -0.00709253 0.00262061 0.00921791 -0.00461032 -0.0115794 -0.00694795 -0.009167 0.0106016 -0.0308013 0.00468551 -0.016153 -0.0336555 0.0011314 -0.0161119 -0.00351069 -0.0106096 -0.00932786 -0.0116979 -0.00531794 -0.0122332 -0.00570966 -0.0113152 -0.0513617
internal_weight=52.2186 50.4744 49.4185 48.8702 48.0767 47.4031 45.9931 45.0584 14.2374 11.9847 9.41466 30.821 24.8367 23.9471 6.25292 5.9843 1.48983 17.6942 4.96412 1.67442 6.80909 5.02861 4.41867 12.7301 12.244 10.0385 7.75272 7.18094 6.54425 3.2897
internal_count=2457 2069 1894 1872 1815 1788 1766 1737 269 222 188 1468 1248 1204 282 220 63 922 204 100 147 251 195 718 644 337 297 292 252 104
is_linear=0
shrinkage=0.05


Tree=94
num_leaves=31
num_cat=0
split_feature=31 38 11 18 2 36 30 13 35 30 30 30 14 30 30 36 30 29 30 15 29 15 30 35 30 8 36 36 0 36
split_gain=1.84507 1.04482 0.804934 0.696459 0.692335 0.54968 1.35077 1.15254 1.38124 1.10478 1.08304 0.932482 0.885781 0.77914 0.749038 0.847917 0.668409 0.998379 0.594581 0.548361 0.489459 1.19792 0.744373 1.36933 0.764671 1.09814 0.511137 0.506677 1.23775 0.957422
threshold=5.3997877885463827 5.5000000000000009 1.0000000180025095e-35 1.5000000000000002 1.0000000180025095e-35 24.500000000000004 15.44954990788453 1.0000000180025095e-35 11.500000000000002 11.314619380816618 13.290320326429251 10.878556223131921 2.5000000000000004 5.9478512286391902 13.391388025163643 17.500000000000004 15.829056705390736 3.438811922224569 12.04542620372049 1.0000000180025095e-35 2.5147882373446602 1.0000000180025095e-35 5.9478512286391902 8.5000000000000018 4.1698471900137752 1.0000000180025095e-35 16.500000000000004 19.500000000000004 11.500000000000002 15.500000000000002
decision_type=2 2 2 2 2 2 2 2 2 2 2 2 2 2 2 2 2 2 2 2 2 2 2 2 2 2 2 2 2 2
left_child=1 2 3 4 -1 12 7 8 13 -9 -11 -10 14 -7 18 -16 -8 -18 20 -20 21 22 24 26 25 -6 -24 29 -29 -22
right_child=-2 -3 -4 -5 5 6 16 9 11 10 -12 -13 -14 -15 15 -17 17 -19 19 -21 27 -23 23 -25 -26 -27 -28 28 -30 -31
leaf_value=0.05027709472167461 0.051038472349926256 0.068705643106161146 0.050384653429472029 0.051328375876216907 -0.017314615774400494 0.031412768641481473 -0.056758287147607972 0.074970387157386326 0.042970209148876698 -0.009272718788868586 0.047064508917183764 -0.0046212315123926838 0.047346313935120933 -0.031690785808403475 0.024448364665604114 -0.034954519012771849 0.033824399163708739 -0.032152468594987903 0.00124613106777918 0.058634816832671535 0.01429140560841512 0.052633513079336315 -0.012256838174206024 -0.01912121033220545 -0.032029035239088587 0.06063818779341669 0.038548454606917193 0.023771360640064819 -0.024756767638081364 -0.039087576185032592
leaf_weight=0.62533128820359607 1.8638605307787646 0.55251660000067104 0.76632186374626954 0.6209291685372581 1.5257320799864937 0.58256152272224282 1.0136385150253766 1.1496523274108765 2.1980352527461946 1.7430205284617843 1.6708687618374822 1.9356382372789083 0.7401651768013825 3.0508324299007654 0.70497339544817705 4.0625325562432408 0.89128629351034794 1.6076340344734488 1.0704186707735051 0.68110997416079033 1.0916333959903548 0.9924760181456812 0.60642459848895702 2.633160937577486 3.4968539124820381 0.64184582233428944 2.6958572072908282 2.2655379427596927 3.1283630321267992 3.644935043528676
leaf_count=123 343 30 128 26 187 7 14 23 28 28 26 32 24 115 38 161 22 34 62 10 68 55 52 161 248 5 60 38 142 153
internal_value=0.00222241 0.000342155 -0.00044743 -0.00127497 -0.00197815 -0.00269123 0.00484202 0.0126342 0.000916896 0.0325769 0.0183006 0.020685 -0.00667197 -0.0215731 -0.00803927 -0.0261706 -0.022512 -0.00862059 -0.00450736 0.0235626 -0.00667106 -8.90539e-05 -0.00459995 0.00777348 -0.0175654 0.00576814 0.0292187 -0.0148526 -0.00437406 -0.0267854
internal_weight=50.2541 48.3903 47.8378 47.0714 46.4505 45.8252 15.8432 12.3306 7.76707 4.56354 3.41389 4.13367 29.982 3.63339 29.2419 4.76751 3.51256 2.49892 24.4743 1.75153 22.7228 12.5924 11.5999 5.93544 5.66443 2.16758 3.30228 10.1305 5.3939 4.73657
internal_count=2443 2100 2070 1942 1916 1793 329 259 182 77 54 60 1464 122 1440 199 70 56 1241 72 1169 768 713 273 440 192 112 401 180 221
is_linear=0
shrinkage=0.05


Tree=95
num_leaves=31
num_cat=0
split_feature=2 11 38 6 39 5 5 17 2 38 7 38 30 29 30 30 30 30 29 13 0 30 13 29 38 30 36 36 30 30
split_gain=1.67117 1.06438 1.06248 0.903082 0.646163 1.27953 0.587471 4.92264 0.763456 2.53651 1.02286 1.60795 1.18685 1.00643 1.02204 2.09178 1.62416 1.40312 1.37283 1.29699 1.16747 0.843374 0.664487 0.65747 1.01283 0.629553 0.608694 0.551268 0.499215 0.65116
threshold=1.0000000180025095e-35 1.0000000180025095e-35 5.5000000000000009 1.5000000000000002 1.0000000180025095e-35 1.0000000180025095e-35 1.0000000180025095e-35 1.0000000180025095e-35 1.5000000000000002 4.5000000000000009 1.0000000180025095e-35 4.5000000000000009 9.1651273959638377 3.6127552040097792 15.44954990788453 14.430035842780081 10.483253181921015 9.0380513784891843 3.1026927801673843 1.0000000180025095e-35 13.500000000000002 8.4970819437662879 1.0000000180025095e-35 3.3300921486066026 2.5000000000000004 12.580775637471541 16.500000000000004 24.500000000000004 11.989040115600568 10.905903429343772
decision_type=2 2 2 2 2 2 2 2 2 2 2 2 2 2 2 2 2 2 2 2 2 2 2 2 2 2 2 2 2 2
left_child=-1 2 3 4 6 -6 8 -8 9 13 -10 -12 21 14 15 16 17 18 19 26 28 27 25 24 -24 -9 -2 -13 29 -18
right_child=1 -3 -4 -5 5 -7 7 22 10 -11 11 12 -14 -15 -16 -17 20 -19 -20 -21 -22 -23 23 -25 -26 -27 -28 -29 -30 -31
leaf_value=0.050215411143247603 -0.041598709469165149 0.050350930245892649 0.068016872671062101 0.050827960257938676 0.050587541695878618 -0.014790209907200225 0.0509379154409077 -0.051923813448745498 -0.051372992165028733 0.068825139052615822 0.058375732145358489 -0.051014571643034773 -0.05545991975774002 0.023029052008827301 -0.054441843085839742 0.052512617543652988 -0.050142918986909923 0.032087904808598126 -0.076782652443605937 0.031536089280307385 -0.0012096413258763953 0.03030761429442835 -0.022410445852887609 -0.034566255518280485 0.025699184287018478 -0.0018846884664860493 -0.0070402908236102367 0.0051891249367866498 -0.067069377458921248 0.0054559666408222534
leaf_weight=1.6068408517166961 1.7033486510627147 0.96688345563597877 0.52646021917462249 0.75563345802947779 1.5113849658519021 1.4824664015322924 3.8018765777815107 2.0315829580649738 2.2691810633987179 1.1076313080266107 0.7168990485370158 0.93078544456511758 1.6898446455597875 2.2598329279571763 1.3341794237494458 1.2821947950869788 1.7313412320800119 2.3402514467015854 0.73528914898634035 1.8463888820260761 1.9010308263823388 1.1590441763401029 2.1012434232980013 1.6287987809628246 2.2821910567581654 0.91017678938806046 5.0571825071237981 0.82121774554252625 1.9397269450128076 0.75681740837171663
leaf_count=395 72 180 22 56 166 33 305 103 320 10 7 50 91 73 32 15 55 39 10 85 34 16 33 21 18 15 125 10 47 16
internal_value=3.10421e-05 -0.00159536 -0.00262852 -0.00340194 -0.0042677 0.0182144 -0.00578576 0.00327033 -0.00944347 -0.00507214 -0.0232686 -0.011276 -0.022129 -0.00864836 -0.0121187 -0.00919201 -0.0135846 -0.00253345 -0.0112062 -0.00560401 -0.0339839 -0.00278056 -0.0169694 -0.00744163 0.00263735 -0.0364418 -0.0157475 -0.0246702 -0.0480549 -0.0332315
internal_weight=51.1877 49.5809 48.614 48.0875 47.3319 2.99385 44.3381 12.7559 31.5822 23.9952 7.58697 5.31779 4.60089 22.8876 20.6278 19.2936 18.0114 11.6825 9.34221 8.60692 6.32892 2.91105 8.95399 6.01223 4.38343 2.94176 6.76053 1.752 4.42789 2.48816
internal_count=2454 2059 1879 1857 1801 199 1602 495 1107 613 494 174 167 603 530 498 483 331 292 282 152 76 190 72 51 118 197 60 118 71
is_linear=0
shrinkage=0.05


Tree=96
num_leaves=31
num_cat=0
split_feature=37 11 38 6 18 36 35 36 29 38 7 38 38 29 30 5 17 4 37 36 36 36 36 38 16 30 36 14 30 30
split_gain=1.55938 1.02276 0.997636 0.939802 0.776041 0.767908 0.961294 1.59939 1.14837 1.66903 1.21222 0.819952 3.66664 0.972974 0.813317 1.31271 2.03405 0.793556 0.567122 0.566906 0.547579 0.957201 0.518859 0.804739 0.82833 0.797531 0.667111 1.55389 0.455113 2.6022
threshold=1.0000000180025095e-35 1.0000000180025095e-35 5.5000000000000009 1.5000000000000002 1.5000000000000002 28.500000000000004 11.500000000000002 26.500000000000004 3.5447213558571025 3.5000000000000004 1.0000000180025095e-35 3.5000000000000004 2.5000000000000004 5.2036832726553373 9.1651273959638377 1.0000000180025095e-35 1.0000000180025095e-35 1.5000000000000002 1.5000000000000002 24.500000000000004 22.500000000000004 21.500000000000004 15.500000000000002 1.5000000000000002 1.0000000180025095e-35 4.3596116904199791 22.500000000000004 1.0000000180025095e-35 5.4521361837224109 6.7969257976498705
decision_type=2 2 2 2 2 2 2 2 2 2 2 2 2 2 2 2 2 2 2 2 2 2 2 2 2 2 2 2 2 2
left_child=-1 2 3 4 5 6 11 8 9 10 -8 12 13 18 17 -16 -17 19 22 20 21 -13 23 24 -2 -24 28 -28 -27 -30
right_child=1 -3 -4 -5 -6 -7 7 -9 -10 -11 -12 14 -14 -15 15 16 -18 -19 -20 -21 -22 -23 25 -25 -26 26 27 -29 29 -31
leaf_value=0.050204586926936981 -0.040491546300342518 0.050352287577339984 0.06740035683782912 0.050749162173342438 0.051265937155613818 -0.026773022245355216 -0.016840199180809284 0.050716582306927965 0.049869535951105617 -0.038265772649898236 0.064757737622494121 -0.021128863893362826 0.063364943593331821 0.052477823594474171 -0.037934013837304902 0.051023848041004266 -0.031515202493439504 -0.050082865034661854 -0.027969206245854996 0.040576724828673229 -0.039775902402111957 0.050262539280560597 0.034100194208996217 0.063116218513640673 0.051476354665432072 -0.045082937126384399 -0.019964622684240051 0.057520394254105489 0.076472927984423275 -0.023175599143782106
leaf_weight=1.4795996816828836 0.66970421187580587 0.91863922867923875 0.49918706936295976 0.78055059630423684 0.61392109282314677 3.8242236925289026 0.89930252125486621 2.038641273509711 0.90318389330059279 2.5398598699830472 0.92160399444401264 1.0195227914955465 2.0220705394167444 0.65320384362712403 6.2243166575208289 1.254100447986275 1.8438463388010859 0.63549687806516875 3.4233738631010047 1.0952970534563062 0.70914557576179493 0.87032340187579382 1.0007741232402612 0.67237108200788487 0.38591955834999681 1.3943635188043098 1.7149587324820452 1.0390492286533115 0.72076361812651146 7.1965694329701364
leaf_count=383 63 175 22 62 27 61 100 25 23 60 7 53 60 34 262 96 28 18 442 16 36 29 47 10 28 46 38 15 19 168
internal_value=-0.000359981 -0.00190307 -0.00291228 -0.00365801 -0.00457552 -0.00532614 -0.00336623 0.013116 -0.00144602 -0.0120743 0.0244585 -0.00685046 -0.000623619 -0.00748012 -0.01638 -0.0246972 0.00189798 0.0015272 -0.00962992 0.0104052 -0.00230997 0.0117487 -0.0053863 0.0203623 -0.00686952 -0.00879145 -0.012349 0.00926941 -0.0187429 -0.014104
internal_weight=49.9639 48.4843 47.5656 47.0665 46.2859 45.672 41.8478 7.30259 5.26395 4.36077 1.82091 34.5452 20.8931 18.8711 13.652 9.32226 3.09795 4.32979 18.2178 3.69429 2.59899 1.88985 14.7945 1.72799 1.05562 13.0665 12.0657 2.75401 9.3117 7.91733
internal_count=2453 2070 1895 1873 1811 1784 1723 215 190 167 107 1508 970 910 538 386 124 152 876 134 118 82 434 101 91 333 286 53 233 187
is_linear=0
shrinkage=0.05


Tree=97
num_leaves=31
num_cat=0
split_feature=31 16 38 11 39 5 7 36 7 38 5 17 36 35 2 35 29 36 32 35 38 38 32 2 0 0 38 29 32 32
split_gain=1.59707 1.26436 1.8114 0.976978 0.921553 1.10357 0.810352 1.52951 0.740271 1.69154 0.712299 3.83398 1.42954 1.48625 2.41047 0.706048 2.75499 1.89637 1.0151 0.586532 1.60812 2.13729 1.34184 0.619503 1.0388 0.77958 0.421536 0.852621 0.328399 0.215579
threshold=7.4446138188815985 1.0000000180025095e-35 3.5000000000000004 1.0000000180025095e-35 1.0000000180025095e-35 1.0000000180025095e-35 1.0000000180025095e-35 15.500000000000002 1.0000000180025095e-35 1.5000000000000002 1.0000000180025095e-35 1.0000000180025095e-35 26.500000000000004 5.5000000000000009 1.5000000000000002 6.5000000000000009 3.1385506848250149 19.500000000000004 14.475916880138366 11.500000000000002 2.5000000000000004 3.5000000000000004 10.483253181921015 1.5000000000000002 13.500000000000002 12.500000000000002 4.5000000000000009 5.2036832726553373 7.9383696242776152 17.427601328075902
decision_type=2 2 2 2 2 2 2 2 2 2 2 2 2 2 2 2 2 2 2 2 2 2 2 2 2 2 2 2 2 2
left_child=1 3 8 4 6 -6 10 -8 9 -3 12 -12 13 14 -1 16 -9 -17 19 20 28 -22 -21 24 -23 -25 27 -15 -19 -20
right_child=-2 2 -4 -5 5 -7 7 15 -10 -11 11 -13 -14 26 -16 17 -18 18 29 22 21 23 -24 25 -26 -27 -28 -29 -30 -31
leaf_value=0.1599689327301482 0.050718151059864582 0.051625389628561551 -0.020893795362271039 0.050349366606417922 0.050577673337523305 -0.010472443411975479 0.060259590845945399 -0.05132548693420444 0.055643528133491708 -0.040266057162171208 0.050727744537981151 -0.041002828120020304 0.021645386746499268 -0.051239395062052828 -0.050388073321548765 0.05496374581392504 0.029067899233680923 -0.021709684948241787 -0.045618267975919682 0.048293043960111304 0.081475193390459763 -0.017131657110636543 -0.010763010510351041 0.0061521101043938674 0.049418535787518918 -0.039508824942910269 0.0011371721565950964 0.051748284795534998 -0.053685207937220439 -0.015611061814803165
leaf_weight=0.24108505528420021 1.3926404220983375 1.2273711676243686 2.1138579482212663 0.73201990313827892 1.4251531055197111 1.5402210280299187 0.87549418210983532 3.1582472999580231 2.227730352897197 0.84601268777623762 1.8850217245053489 2.8786173155531287 1.1941754911094902 5.8557789605110884 0.31298387516289949 1.3272336625959749 1.6083548706956206 1.6424394007772227 1.7596036000177258 1.68840072187595 0.81576998531818379 1.198327824473381 2.2352433165069669 1.8171663909452038 1.1482400512322783 1.9250820574816314 0.47647081222385157 0.20810966263525177 1.5710821254178879 0.90709992684423912
leaf_count=4 329 123 32 141 160 38 8 88 76 12 184 150 18 567 46 13 38 24 48 18 9 41 28 51 13 95 13 21 30 27
internal_value=-0.00204748 -0.00361622 0.0170056 -0.00688846 -0.00794398 0.0188681 -0.0101086 -0.00459461 0.0356319 0.0141305 -0.0201115 -0.00470408 -0.0289665 -0.0374857 0.0411419 -0.00708469 -0.024199 -0.00256159 -0.00713111 -0.00176039 -0.00812395 0.00547487 0.0146497 -0.00470754 0.0154332 -0.0173367 -0.0441467 -0.0477049 -0.0373424 -0.0354111
internal_weight=48.235 46.8424 6.41497 40.4274 39.6954 2.96537 36.73 23.6778 4.30111 2.07338 13.0522 4.76364 8.2886 7.09443 0.554069 22.8023 4.7666 18.0357 16.7085 14.0418 10.1181 6.90459 3.92364 6.08882 2.34657 3.74225 6.54036 6.06389 3.21352 2.6667
internal_count=2445 2116 243 1873 1732 198 1534 531 211 135 1003 334 669 651 50 523 126 397 384 309 263 209 46 200 54 146 601 588 54 75
is_linear=0
shrinkage=0.05


Tree=98
num_leaves=31
num_cat=0
split_feature=2 5 17 17 35 29 6 19 29 29 8 35 2 30 38 38 29 30 29 35 35 35 30 13 30 30 21 30 30 8
split_gain=1.52769 1.08301 3.20889 1.94833 1.05055 1.08228 0.974553 1.02356 0.890719 1.11521 0.855069 1.26942 1.82706 0.806276 1.15506 0.789237 0.642633 2.62035 0.851729 0.769934 1.13364 0.684803 0.627936 0.565519 1.05772 0.444672 1.20379 0.872817 0.40412 0.392335
threshold=1.0000000180025095e-35 1.0000000180025095e-35 1.0000000180025095e-35 1.0000000180025095e-35 11.500000000000002 3.1026927801673843 1.5000000000000002 1.0000000180025095e-35 3.438811922224569 3.0375270496321396 1.0000000180025095e-35 5.5000000000000009 1.5000000000000002 18.328475884582289 3.5000000000000004 4.5000000000000009 2.9057986818614658 9.1807601708548869 2.5467889716101815 10.500000000000002 5.5000000000000009 7.5000000000000009 8.5850002514866244 1.0000000180025095e-35 8.3295132290760368 12.786960787537971 1.0000000180025095e-35 11.493068130722984 10.128449201764782 1.0000000180025095e-35
decision_type=2 2 2 2 2 2 2 2 2 2 2 2 2 2 2 2 2 2 2 2 2 2 2 2 2 2 2 2 2 2
left_child=-1 3 -3 4 5 10 7 -4 9 23 11 12 -2 22 -15 -13 18 -18 19 20 -12 -22 -7 24 29 26 -24 -28 -20 -6
right_child=1 2 6 -5 8 13 -8 -9 -10 -11 16 15 -14 14 -16 -17 17 -19 28 -21 21 -23 25 -25 -26 -27 27 -29 -30 -31
leaf_value=0.050188695800228 0.13697166218164111 0.050905417032806183 -0.061213047693962942 0.050552600217289148 -0.013215224896092293 -0.087975087902705779 0.050764096548004803 -0.0036898483012856014 0.032281150852279304 -0.048629434968500224 -0.025994097241322817 -0.040664729538505417 -0.050368147296843961 0.04799216332311327 -0.061098910916624442 0.047540241846418696 0.081574243634555954 -0.028531664893194787 -0.05239536602097488 -0.035512786296594184 0.053143722114402103 0.0097191867249725727 -0.046270080540460591 0.044787163548416366 -0.053584033924108876 -0.044174688123831345 -0.032747124705903762 0.051370260964140338 -0.0077669874023833449 0.035461650906122494
leaf_weight=1.3969248184002925 0.27300687832758619 3.4110332934651497 0.83906697388738116 1.3647364918142546 0.65238395705819119 0.54645093786530008 0.74992093793116588 9.8712186345364898 2.296879475703463 1.1433904571458695 1.7489700252190212 3.9527971525676548 0.2487101093865931 0.6983885192312298 0.37182524660602212 0.27099358197301615 1.03004484192934 1.1366103265900163 1.259259795304388 1.1860347946640102 1.2343667112290857 3.4326861104927957 1.6352631151676178 0.81534677604213346 0.73535483330488194 3.4991903447080404 0.50820738775655627 0.78430595155805349 0.8494218464475124 1.1326473799999801
leaf_count=396 11 300 7 160 38 8 62 244 34 26 35 470 39 59 13 7 11 36 33 30 24 70 63 30 20 140 32 20 35 16
internal_value=-0.00134958 -0.00285959 0.00833313 -0.00793315 -0.0104717 -0.0152619 -0.00433815 -0.00819634 0.00696597 -0.00601557 -0.00797639 -0.025917 0.047664 -0.030318 0.0100906 -0.0350056 -0.000808395 0.0238135 -0.00630203 0.00149689 0.00833832 0.0212043 -0.0365195 0.0085912 -0.00311823 -0.0321445 -0.0177664 0.0182959 -0.0344181 0.0176715
internal_weight=49.0754 47.6785 14.8712 32.8073 31.4425 24.6665 11.4602 10.7103 6.776 4.47912 16.6229 4.74551 0.521717 8.04363 1.07021 4.22379 11.8774 2.16666 9.71074 7.60206 6.41602 4.66705 6.97342 3.33573 2.52039 6.42697 2.92778 1.29251 2.10868 1.78503
internal_count=2469 2073 613 1460 1300 1136 313 251 164 130 801 527 50 335 72 477 274 47 227 159 129 94 263 104 74 255 115 52 68 54
is_linear=0
shrinkage=0.05


Tree=99
num_leaves=31
num_cat=0
split_feature=36 31 38 6 36 5 17 17 14 36 36 38 38 36 29 29 36 36 29 35 29 30 38 37 20 13 29 29 36 30
split_gain=1.4677 1.4168 0.961545 0.791328 0.798751 0.865269 2.83502 1.66354 0.720756 0.794105 1.61709 1.20479 2.50995 1.65324 1.05713 1.03484 0.860637 0.828464 0.757667 0.786078 0.744033 0.912135 0.920948 0.765968 0.677202 0.541918 0.757758 0.918023 0.532871 0.531803
threshold=32.500000000000007 7.4446138188815985 5.5000000000000009 1.5000000000000002 29.500000000000004 1.0000000180025095e-35 1.0000000180025095e-35 1.0000000180025095e-35 2.5000000000000004 24.500000000000004 25.500000000000004 3.5000000000000004 2.5000000000000004 22.500000000000004 5.2036832726553373 2.4860854977526912 26.500000000000004 27.500000000000004 1.8505551827656268 8.5000000000000018 2.5467889716101815 6.7969257976498705 1.5000000000000002 1.5000000000000002 1.0000000180025095e-35 1.0000000180025095e-35 2.773112293567868 3.0375270496321396 22.500000000000004 8.6629154458259965
decision_type=2 2 2 2 2 2 2 2 2 2 2 2 2 2 2 2 2 2 2 2 2 2 2 2 2 2 2 2 2 2
left_child=1 2 3 4 5 7 -7 8 9 11 29 12 13 14 20 18 -12 -18 -13 -20 23 -22 -23 24 -1 28 -27 -28 -8 -11
right_child=-2 -3 -4 -5 -6 6 25 -9 -10 10 16 15 -14 -15 -16 -17 17 -19 19 -21 21 22 -24 -25 -26 26 27 -29 -30 -31
leaf_value=-0.0082619297761205076 0.098914753516661472 0.050688317357605255 0.066589172703126198 0.0506642827528338 -0.03587894824299688 0.050838295163761898 0.0037091427011175602 0.050505070674808084 0.046777079314722719 0.048336605976284412 -0.048904499724185951 -0.050479206060783349 0.06394029711736593 0.037640637777776743 0.052072428204955834 -0.048754872947420334 0.020291725706968931 -0.029789851545120399 0.036759273990356015 -0.029730549300228795 0.027955737061677168 0.024286432050530143 -0.05143522572121885 -0.046090358075849852 0.054347542893961757 0.03955907486185662 -0.03658582602444771 0.013251145520761254 -0.040367197863052671 0.011207213858599966
leaf_weight=4.5686973989941251 0.3739710133522739 1.3121499479748298 0.50513092696200956 0.68206823151558538 1.8375583451706905 3.0507680000737292 1.1237007104791703 1.2334460117854167 0.57370530976913769 1.6232309811748549 1.4537782648112623 0.7497453717514867 1.1478930052835501 1.4292649291455752 0.49686058913357634 3.9967567138373852 1.7924007985275241 1.531197262695059 1.0721435993909834 0.75936770206317294 0.48929712781682599 0.44572529615834344 4.0511543068569154 1.2480780449695883 0.47698647645302106 1.1543617187999187 1.5368375480175021 2.3173960922285914 1.7593517284840343 2.3760649720206857
leaf_count=226 9 339 30 60 40 283 84 157 17 18 29 41 42 32 37 212 31 29 15 38 21 47 153 239 36 27 22 39 60 43
internal_value=0.000254769 -0.000533688 -0.00201141 -0.00278184 -0.0036048 -0.002208 0.00990557 -0.00641388 -0.00873228 -0.00980422 0.00282009 -0.0150975 -0.00697704 -0.0131413 -0.0193043 -0.0328174 -0.0168167 -0.00278109 -0.00814012 0.00919175 -0.0224483 -0.0368756 -0.0439298 -0.0110185 -0.00234323 -0.00591828 0.00402252 -0.00662085 -0.023188 0.0262773
internal_weight=47.1691 46.7951 45.483 44.9778 44.2958 42.4582 10.9424 31.5158 30.2823 29.7086 8.77667 20.932 14.354 13.2061 11.7768 6.57801 4.77738 3.3236 2.58126 1.83151 11.2799 4.98618 4.49688 6.29376 5.04568 7.89165 5.0086 3.85423 2.88305 3.9993
internal_count=2456 2447 2108 2078 2018 1978 515 1463 1306 1289 150 1139 833 791 759 306 89 60 94 53 722 221 200 501 262 232 88 61 144 61
is_linear=0
shrinkage=0.05


Tree=100
num_leaves=31
num_cat=0
split_feature=31 5 17 17 36 38 38 30 30 30 35 35 29 2 6 19 0 30 14 30 14 36 7 29 30 19 35 29 36 30
split_gain=1.30493 0.794356 2.89664 1.6187 1.13626 1.08059 2.51284 1.04939 1.26424 1.66832 1.00464 1.18616 1.04606 0.878059 0.837439 0.917559 0.758393 0.6534 0.63946 0.635392 0.613545 0.575005 0.746829 0.562064 0.925614 0.451151 1.05186 0.5431 1.53461 0.793839
threshold=7.4446138188815985 1.0000000180025095e-35 1.0000000180025095e-35 1.0000000180025095e-35 24.500000000000004 3.5000000000000004 2.5000000000000004 8.5850002514866244 13.636219711736683 15.44954990788453 7.5000000000000009 5.5000000000000009 2.5467889716101815 1.5000000000000002 1.5000000000000002 1.0000000180025095e-35 13.500000000000002 16.5890620846635 1.0000000180025095e-35 10.483253181921015 1.0000000180025095e-35 15.500000000000002 1.0000000180025095e-35 3.1385506848250149 12.351159550647786 1.0000000180025095e-35 7.5000000000000009 3.3300921486066026 18.500000000000004 8.9458352425111318
decision_type=2 2 2 2 2 2 2 2 2 2 2 2 2 2 2 2 2 2 2 2 2 2 2 2 2 2 2 2 2 2
left_child=1 3 -3 4 5 6 13 -6 18 -10 11 -7 -13 16 15 -4 21 20 19 -9 -17 22 -1 24 -22 27 -27 29 -29 -23
right_child=-2 2 14 -5 7 10 -8 8 9 -11 -12 12 -14 -15 -16 17 -18 -19 -20 -21 23 25 -24 -25 -26 26 -28 28 -30 -31
leaf_value=-0.012165340242588031 0.050657818864654786 0.050826117085169702 -0.058555517295740545 0.050494777183056574 0.036052398380679723 -0.051933965407649656 0.06216241339703335 -0.0029813222654856242 0.045898209839669468 -0.031768868140427134 -0.044226081809687179 0.072704598119519181 -0.019736987188405834 -0.045803093268214717 0.050642081269393471 -0.016500461063223528 0.035449743885008621 -0.043488373006594486 0.0067741730139659817 -0.056674509810937745 0.019153963025021408 -0.015301966050785071 0.061397261935567007 0.036111621826620477 -0.03320223148666665 0.088185371841084007 -0.02651039051602835 -0.039544175551325375 0.074070748577234599 -0.05347470449363402
leaf_weight=0.85088679078035478 1.2457193951122452 3.1572474627755556 0.80192335089668354 1.2331549637019623 2.296122733736409 0.72726459195837279 1.2121322765015072 0.84621149231679815 2.0910192055162047 1.0329985427670179 4.5330317132174969 0.64222770836204268 0.58459474111441523 1.7725340509787209 0.66609576810151416 3.0190680837258679 0.92384278005920428 0.89200179558247406 1.192601916613057 1.5793314918410031 2.4275523091200744 5.2178734606131876 0.58034328767098486 1.6358258300460873 1.2942522121593354 0.32911456609144885 0.50912560569122434 0.66706285602413096 0.53605152177624404 1.8430299819447098
leaf_count=106 338 307 8 162 30 45 44 21 27 36 216 10 35 340 64 150 36 21 24 40 48 169 5 18 18 10 47 25 26 50
internal_value=0.000175819 -0.00121873 0.00872579 -0.00564714 -0.00795737 -0.0143555 -0.00674105 0.00685814 -0.00308431 0.0202165 -0.0313071 -0.0013382 0.0286551 -0.0130541 -0.00365426 -0.00724555 -0.00798753 -0.00280624 -0.023203 -0.0379423 0.00152584 -0.0117972 0.0176632 0.0116838 0.000947171 -0.0164295 0.0185221 -0.0199748 0.0110773 -0.0252658
internal_weight=46.3402 45.0945 13.894 31.2006 29.9674 20.9291 14.442 9.03829 6.74216 3.12402 6.48712 1.95409 1.22682 13.2299 10.7367 10.0706 11.4573 9.2687 3.61814 2.42554 8.3767 10.5335 1.43123 5.35763 3.7218 9.10226 0.83824 8.26402 1.20311 7.0609
internal_count=2476 2138 634 1504 1342 1164 858 178 148 63 306 90 45 814 327 263 474 255 85 61 234 438 111 84 66 327 57 270 51 219
is_linear=0
shrinkage=0.05


Tree=101
num_leaves=31
num_cat=0
split_feature=12 37 35 6 18 37 29 30 7 29 3 0 29 0 30 15 4 14 30 3 17 29 30 39 5 5 17 35 4 35
split_gain=1.22666 0.819172 0.767208 0.693636 0.646003 0.45859 0.801922 0.607384 0.71147 0.664892 1.16179 0.722715 0.460841 1.25461 1.4253 1.15689 0.799942 0.569993 0.595113 0.539086 0.448073 1.10944 0.358595 0.352708 0.876963 0.37905 1.13316 0.305971 0.291899 1.09789
threshold=1.0000000180025095e-35 1.0000000180025095e-35 12.500000000000002 1.5000000000000002 1.5000000000000002 1.5000000000000002 5.2036832726553373 16.174293498687351 1.0000000180025095e-35 2.9057986818614658 3.5000000000000004 12.500000000000002 3.2468620983371328 13.500000000000002 11.989040115600568 1.0000000180025095e-35 1.5000000000000002 1.5000000000000002 10.674238518776322 3.5000000000000004 1.0000000180025095e-35 3.0375270496321396 11.989040115600568 1.0000000180025095e-35 1.0000000180025095e-35 1.0000000180025095e-35 1.0000000180025095e-35 10.500000000000002 1.5000000000000002 7.5000000000000009
decision_type=2 2 2 2 2 2 2 2 2 2 2 2 2 2 2 2 2 2 2 2 2 2 2 2 2 2 2 2 2 2
left_child=1 -1 3 4 5 6 12 8 23 11 20 27 13 14 15 28 17 18 -14 -20 21 -11 -4 25 -25 -7 -27 -10 -3 -30
right_child=-2 2 22 -5 -6 7 -8 -9 9 10 -12 -13 16 -15 -16 -17 -18 -19 19 -21 -22 -23 -24 24 -26 26 -28 -29 29 -31
leaf_value=0.050185823549381517 0.050256657663916932 -0.00054138766019505211 0.052173431117259833 0.050662078836700368 0.051176904537515888 -0.05026778064226281 0.052089125364969451 -0.045611914346168014 0.014553760978612693 0.10105577919316716 -0.018352937982671458 -0.037435501035840327 0.024913699824087997 0.027623182401071901 -0.053086783651488979 0.040888829220471788 -0.032154133569243785 0.040977332066899907 -0.037247816162499385 0.0049482825777757604 0.084957901698422197 -0.016122910386881684 0.0089663893044941417 0.050240679150870465 -0.061265137630674017 0.051078942921459515 -0.050908779239552553 -0.024948479293087925 0.025239869999492227 -0.039892612451876142
leaf_weight=0.78994199610315163 1.2342007231200103 10.722080577863389 0.92247377964667876 0.6022294411668544 0.53535719215869804 1.641556873451917 0.7004315429367115 1.239288918673991 2.0186657856684183 0.32371050573419802 1.0554155027493832 1.6135075737256555 1.0879927175119508 3.8503317581489673 1.3607420348562289 1.5757012763060636 3.0931835006922483 0.73352368595078576 1.6723551573231819 1.3827914770226923 0.57431759405881166 0.53723787749186158 1.001642675953917 0.42776184109970916 0.29999063909053802 0.43357860390096903 0.73245287546887994 0.64742113405372936 0.9664419833570731 1.9574170708656309
leaf_count=235 328 363 25 55 25 324 45 43 69 13 36 69 26 78 43 76 71 15 73 56 8 43 27 91 2 35 62 17 20 83
internal_value=0.00108685 -0.000276881 -0.00118887 -0.00261035 -0.00338936 -0.00410803 -0.000763082 -0.0125402 -0.00856315 0.000930296 0.0214696 -0.0110233 -0.00206646 0.00191121 -0.00405896 0.000323892 -0.0122642 0.0003516 -0.006841 -0.0181494 0.0507528 0.0279354 0.029681 -0.0267434 0.00427629 -0.0347839 -0.0129855 0.00496121 -0.00436016 -0.018364
internal_weight=45.7337 44.4995 43.7096 41.7855 41.1833 40.6479 29.103 11.5449 10.3056 6.77028 2.49068 4.27959 28.4026 20.4327 16.5824 15.2216 7.96985 4.87666 4.14314 3.05515 1.43527 0.860948 1.92412 3.53534 0.727752 2.80759 1.16603 2.66609 13.6459 2.92386
internal_count=2456 2128 1893 1841 1786 1761 949 812 769 255 100 155 904 663 585 542 241 170 155 129 64 56 52 514 93 421 97 86 466 103
is_linear=0
shrinkage=0.05


Tree=102
num_leaves=31
num_cat=0
split_feature=12 36 38 2 18 36 35 30 4 5 17 36 35 36 13 2 29 2 38 38 38 36 36 29 36 30 7 7 7 0
split_gain=1.1033 1.02023 0.790074 0.790122 0.637421 0.640495 0.402529 0.571069 0.344607 2.34771 1.01866 1.03889 0.915352 0.868553 0.817945 0.516741 0.901374 0.502454 1.62574 1.74516 1.69417 1.79461 0.731134 0.851987 1.38878 1.28064 0.811606 0.672614 0.617831 1.4557
threshold=1.0000000180025095e-35 32.500000000000007 5.5000000000000009 1.0000000180025095e-35 1.5000000000000002 29.500000000000004 12.500000000000002 11.989040115600568 1.5000000000000002 1.0000000180025095e-35 1.0000000180025095e-35 24.500000000000004 5.5000000000000009 25.500000000000004 1.0000000180025095e-35 1.5000000000000002 2.773112293567868 1.5000000000000002 4.5000000000000009 3.5000000000000004 2.5000000000000004 22.500000000000004 15.500000000000002 3.3300921486066026 19.500000000000004 4.3596116904199791 1.0000000180025095e-35 1.0000000180025095e-35 1.0000000180025095e-35 11.500000000000002
decision_type=2 2 2 2 2 2 2 2 2 2 2 2 2 2 2 2 2 2 2 2 2 2 2 2 2 2 2 2 2 2
left_child=1 2 3 -1 5 6 8 -8 9 10 11 17 -10 -13 -14 16 -16 18 19 20 21 22 27 25 -25 26 -24 -5 29 -27
right_child=-2 -3 -4 4 -6 -7 7 -9 12 -11 -12 13 14 -15 15 -17 -18 -19 -20 -21 -22 -23 23 24 -26 28 -28 -29 -30 -31
leaf_value=0.05017822704977442 0.050229622808505875 0.079135545619019837 0.06535977985418627 -0.013756739221457249 0.051234572675017367 -0.030690398189574915 0.04983655416978458 -0.0045667403887440358 0.025277860230219402 0.05070680178231976 0.050463957388994798 0.031060743955335562 -0.031580720115677356 -0.0096161460123253759 0.0458588889693178 -0.029769434623156139 -0.0060041694617982092 -0.02642055745724789 0.07043639575284226 -0.052896235354213478 0.064305042613989005 0.057461718733366599 -0.033821170928146578 -0.027871710197808888 0.066659081022105507 0.048290585001485122 0.060536887489451963 0.060794641769237025 -0.053247238593910312 -0.058210510123468263
leaf_weight=0.75780764035880466 1.1677272673696268 0.41381822247058053 0.46116929175332089 0.66490182047710333 0.56913615763187309 1.8639938719570626 0.92788462620228429 1.004634443670511 1.7383584959898133 2.2169127622619262 0.85368892783298989 3.1210051351226857 4.0762062536086869 2.2645059851929545 1.0235843164846299 1.4818348167464135 4.6152150453999639 4.1282840804196885 0.65388269349932748 2.0242383568547675 0.87844269443303424 0.93317654263228256 0.3843946256674825 0.96224577538669087 0.65165145974606276 0.56015879474580266 0.55973301827907562 0.55516087263822556 3.3208073955029249 0.75103587750345469
leaf_count=236 329 10 23 87 26 46 27 17 54 235 122 39 236 31 25 72 87 409 5 115 15 10 44 40 9 41 4 4 41 24
internal_value=0.00225511 0.000993876 0.000259025 -0.000430467 -0.00132685 -0.00203546 -0.000711786 0.0215546 -0.0018318 0.00154191 -0.00314253 -0.00518429 -0.0084785 0.0139569 -0.0137193 -0.00349456 0.00341028 -0.0112381 -0.00637931 -0.010481 -0.00208131 -0.00832288 -0.0156223 -0.0216952 0.0102975 -0.0309548 0.0221197 0.0201661 -0.0417728 -0.0127119
internal_weight=45.5856 44.4179 44.0041 43.5429 42.7851 42.2159 40.3519 1.93252 38.4194 25.4842 23.2673 22.4136 12.9352 5.38551 11.1968 7.12063 5.6388 17.0281 12.8998 12.2459 10.2217 9.34327 8.41009 7.19003 1.6139 5.57613 0.944128 1.22006 4.632 1.31119
internal_count=2463 2134 2124 2101 1865 1839 1793 44 1749 1275 1040 918 474 70 420 184 112 848 439 434 319 304 294 203 49 154 48 91 106 65
is_linear=0
shrinkage=0.05


Tree=103
num_leaves=31
num_cat=0
split_feature=2 36 38 12 18 6 36 36 35 30 29 14 30 30 29 36 7 30 15 38 30 13 36 19 30 35 29 30 36 36
split_gain=1.06439 0.900462 0.773779 0.731176 0.675605 0.680645 0.78657 0.485512 2.06119 1.05296 0.839752 0.769779 0.681732 2.34956 0.625307 0.503865 1.38676 0.822292 0.794729 0.707175 0.396427 0.684019 1.76886 1.2596 1.16188 1.02902 1.03299 0.585669 0.691125 0.675915
threshold=1.0000000180025095e-35 32.500000000000007 5.5000000000000009 1.0000000180025095e-35 1.5000000000000002 1.5000000000000002 30.500000000000004 19.500000000000004 5.5000000000000009 15.44954990788453 5.2036832726553373 1.5000000000000002 14.703427073046866 14.319934116407746 3.1026927801673843 15.500000000000002 1.0000000180025095e-35 3.8822505493091657 1.0000000180025095e-35 1.5000000000000002 12.110943574045036 1.0000000180025095e-35 22.500000000000004 1.0000000180025095e-35 8.5850002514866244 7.5000000000000009 3.438811922224569 7.9383696242776152 21.500000000000004 24.500000000000004
decision_type=2 2 2 2 2 2 2 2 2 2 2 2 2 2 2 2 2 2 2 2 2 2 2 2 2 2 2 2 2 2
left_child=-1 2 3 4 5 6 7 10 14 11 15 12 13 20 -9 16 18 19 -2 -17 21 23 -23 25 -24 -10 27 29 -29 -27
right_child=1 -3 -4 -5 -6 -7 -8 8 9 -11 -12 -13 -14 -15 -16 17 -18 -19 -20 -21 -22 22 24 -25 -26 26 -28 28 -30 -31
leaf_value=0.050154444686125892 -0.032502458303697676 0.07328419793538804 0.06396981732515454 0.050285501292253648 0.051145006321697578 0.050612115962190091 -0.048450918307033568 0.028638410320158583 0.054227762851825179 -0.028985395254061897 0.052017516887114902 0.03644763752762787 -0.045512338471113765 0.093871229075076751 0.097193558036208341 -0.029801082073010576 0.059024071984012161 -0.025275060404227896 0.051171672342388945 0.059405639091880895 -0.013847089165031568 -0.019581324327324071 0.094253775946287532 -0.042264382017425141 0.020970585787248433 -0.014675862087091969 0.050751806136191638 0.019971809023972935 -0.039415935735701027 0.025510236665670045
leaf_weight=1.1054979567416001 1.639157278463242 0.42026294488459726 0.46360730833839525 0.68395999912172456 0.5928677711635818 0.59166933316737313 0.94637469947338004 0.68281658319756633 0.90012021269650677 3.1222523308824739 0.50892058480531055 1.5125354859046627 0.8082046564668407 0.66324191261082788 0.64855861500836909 0.3649306525476258 0.82814456149935711 7.4926532420795411 0.34319087187759567 0.56787397712469101 5.0742441220208994 1.6405564304441207 0.8624671641737226 1.8065630076453096 1.4505180304404346 2.3322608843445778 0.82430119370110322 0.63172340206801925 2.1820604391396046 1.897797916550189
leaf_count=391 257 9 31 160 29 58 17 24 20 98 38 37 22 14 16 38 8 487 28 13 152 61 15 111 37 108 28 18 90 20
internal_value=0.00171908 0.000458715 -0.000268895 -0.000984798 -0.00184184 -0.0026209 -0.00341363 -0.0023147 0.00137216 -0.00176932 -0.010803 0.00199289 -0.000480006 0.00131589 0.062034 -0.0136484 0.0046844 -0.0197636 -0.0180165 0.0245063 -0.00181566 0.00238649 0.02013 -0.00424716 0.0482965 0.00358569 -0.00220779 -0.00840535 -0.0260828 0.00335346
internal_weight=43.5893 42.4838 42.0636 41.6 40.916 40.3231 39.7315 38.7851 27.0402 25.7088 11.7449 22.5866 21.0741 20.2659 1.33138 11.236 2.81049 8.42546 1.98235 0.932805 19.6026 14.5284 3.95354 10.5748 2.31299 8.76826 7.86814 7.04384 2.81378 4.23006
internal_count=2435 2044 2035 2004 1844 1815 1757 1740 871 831 869 733 696 674 40 831 293 538 285 51 660 508 113 395 52 284 264 236 108 128
is_linear=0
shrinkage=0.05


Tree=104
num_leaves=31
num_cat=0
split_feature=12 39 5 17 35 36 29 0 37 29 32 32 35 36 32 29 13 36 36 36 7 29 29 36 3 32 0 32 0 7
split_gain=1.14317 0.9774 1.13872 2.65187 0.968777 0.774821 0.83129 1.38843 0.759671 0.959551 1.10168 0.736816 1.0667 1.60466 1.37919 3.01385 0.90767 0.682764 0.544774 0.882125 1.42476 0.840202 1.43807 0.521058 0.477696 0.459678 1.13474 0.518358 0.427083 0.888356
threshold=1.0000000180025095e-35 1.0000000180025095e-35 1.0000000180025095e-35 1.0000000180025095e-35 11.500000000000002 26.500000000000004 3.5447213558571025 10.500000000000002 1.0000000180025095e-35 3.1026927801673843 15.879226296404825 7.4949861623348548 8.5000000000000018 21.500000000000004 8.5850002514866244 2.9057986818614658 1.0000000180025095e-35 22.500000000000004 27.500000000000004 21.500000000000004 1.0000000180025095e-35 3.438811922224569 3.1385506848250149 16.500000000000004 3.5000000000000004 10.748367880957078 10.500000000000002 10.81427097002223 9.5000000000000018 1.0000000180025095e-35
decision_type=2 2 2 2 2 2 2 2 2 2 2 2 2 2 2 2 2 2 2 2 2 2 2 2 2 2 2 2 2 2
left_child=1 2 4 -4 8 6 7 -6 -1 11 23 16 13 25 15 -14 28 -12 19 20 24 22 -20 -11 -5 26 -13 -27 29 -10
right_child=-2 -3 3 18 5 -7 -8 -9 9 10 17 12 14 -15 -16 -17 -18 -19 21 -21 -22 -23 -24 -25 -26 27 -28 -29 -30 -31
leaf_value=0.050141474424542892 0.050227812663484805 0.031168716043918604 0.050776556662187902 -0.028172490202514069 0.034637228313168601 0.032407871718773511 0.03699284692001114 -0.03841486525995895 -0.05039885925670267 0.0070257129557881664 0.024618499912120083 0.027267795194750796 -0.024779953413600453 0.076558304633462138 -0.042786040169859041 0.11385536548135927 0.024014494915817017 -0.033974380890931362 -0.0052505605800515351 -0.036464970801622885 0.073564685880172453 -0.0264589769315354 0.067501329090001921 -0.048599241369168766 0.021514241354644401 0.064455870601506246 -0.040644358966056018 -0.0051273638225814008 -0.03524854719018946 0.059195081381177711
leaf_weight=0.4577285572886528 1.0969768108334381 2.1776591094676396 2.957673056283963 1.6151984632015235 0.92465431382879559 2.2188211041502655 0.93541911919601251 2.1931675728410482 0.36060254555195825 0.4655531020835032 1.2037078463472428 1.1602562947664399 1.3775373413227496 0.94203539192676533 2.2820502468384802 0.54796749353408802 0.94279388710856427 0.84706726553849865 1.6264902435941628 2.4048437895253301 0.59372340026311565 1.1000176018569616 1.1663359655067322 4.3996651980560273 0.69055344024673093 0.54822678118944146 1.309092972660437 0.52295270632021129 4.4086320491041988 0.37950948625802994
leaf_count=169 333 201 308 89 36 21 31 70 48 34 58 38 76 20 96 3 78 22 42 86 4 21 12 168 36 4 55 40 266 3
internal_value=-0.000171609 -0.00146457 -0.00321568 0.00959301 -0.00869235 0.00865558 -0.00434688 -0.0167498 -0.0136034 -0.0149482 -0.0303203 -0.00775597 0.0015903 0.0185622 -0.0164909 0.0146734 -0.0210893 0.000416865 -0.00365102 -0.0140759 0.00449379 0.0105537 0.025132 -0.0432765 -0.0132917 0.00313102 -0.00873494 0.0304851 -0.0293483 0.00579796
internal_weight=43.8569 42.7599 40.5823 12.1548 28.4274 6.27206 4.05324 3.11782 22.1554 21.6977 6.91599 14.7817 8.69012 4.48256 4.20756 1.9255 6.09154 2.05078 9.19716 5.30432 2.89948 3.89284 2.79283 4.86522 2.30575 3.54053 2.46935 1.07118 5.14874 0.740112
internal_count=2468 2135 1934 598 1336 158 137 106 1178 1009 282 727 332 157 175 79 395 80 290 215 129 75 54 202 125 137 93 44 317 51
is_linear=0
shrinkage=0.05


Tree=105
num_leaves=31
num_cat=0
split_feature=12 39 5 17 2 36 35 38 7 36 35 36 30 30 29 2 38 38 36 35 35 15 29 30 7 36 36 5 7 29
split_gain=1.08362 0.752841 0.79781 2.62019 0.658347 0.617236 1.05893 0.853137 0.608457 0.607868 0.820934 0.726111 0.961672 1.85225 1.16015 0.566149 0.62915 1.3775 0.662167 2.66141 1.1171 0.540747 0.572506 0.540442 0.684629 0.894596 0.447711 0.442384 0.439613 0.415778
threshold=1.0000000180025095e-35 1.0000000180025095e-35 1.0000000180025095e-35 1.0000000180025095e-35 1.0000000180025095e-35 27.500000000000004 10.500000000000002 3.5000000000000004 1.0000000180025095e-35 24.500000000000004 9.5000000000000018 27.500000000000004 13.636219711736683 10.822270259195856 2.4860854977526912 1.5000000000000002 3.5000000000000004 2.5000000000000004 19.500000000000004 7.5000000000000009 6.5000000000000009 1.0000000180025095e-35 4.3430079743076559 12.110943574045036 1.0000000180025095e-35 22.500000000000004 15.500000000000002 1.0000000180025095e-35 1.0000000180025095e-35 2.336857385684675
decision_type=2 2 2 2 2 2 2 2 2 2 2 2 2 2 2 2 2 2 2 2 2 2 2 2 2 2 2 2 2 2
left_child=1 2 4 -4 -1 7 -7 8 21 10 15 12 13 14 -11 16 17 18 20 -20 26 22 -5 24 -12 -26 28 -3 -6 -28
right_child=-2 27 3 5 9 6 -8 -9 -10 11 23 -13 -14 -15 -16 -17 -18 -19 19 -21 -22 -23 -24 -25 25 -27 29 -29 -30 -31
leaf_value=0.050135106826248249 0.050213972859753979 0.050462652051518231 0.050737784140063108 -0.042418573219600846 -0.019794183530212048 0.037632751953439292 -0.016987929303872783 -0.050514623248281577 0.031300352787249547 -0.0066771866695561335 -0.041833367691701921 -0.026051636969521508 0.039518671749907898 -0.047155472628940792 0.047072861573985603 -0.023657973791054051 -0.034299757841886429 0.071902805246195717 0.077809151276895305 -0.02767974061320393 0.025534177000583885 0.019447650083716381 0.030740233830569615 -0.052305708694218182 0.027566543861734946 -0.032776424148443513 -0.0085289918697073492 0.0046889452867242103 0.060009239914541962 -0.047939070036341229
leaf_weight=0.49477596464567142 1.054526348481885 1.0754003934562197 2.7840869090869065 1.591895442921669 0.48380861082114845 1.803420653101057 1.746853834367357 1.3467918108217416 0.91678227810189117 2.3284825594164413 1.8724511414766301 1.8199712166097013 1.9375280477106569 1.5856464952230451 1.7647887421771882 3.3779003699310115 1.1611219851765771 0.70406906865537155 1.1001760391518476 1.3096956298686562 1.4803383788093922 0.77193306735716749 0.32140762684866775 1.7020897129550574 1.2660902831703427 1.1929082032293079 1.0154169863089921 1.036694286391139 0.26825563609600067 1.9630970335565505
leaf_count=191 340 156 309 109 55 32 40 35 23 27 235 40 29 30 23 317 59 12 15 29 80 20 27 83 13 41 19 38 2 37
internal_value=0.000150301 -0.00110002 -0.00263204 0.00863942 -0.00704355 -0.00515095 0.0107575 -0.0165637 -0.00386947 -0.00804203 -0.0132172 0.00232179 0.0091017 -0.00127594 0.0164968 -0.00608007 0.000179315 0.00498834 -0.00119376 0.020479 -0.0112167 -0.015877 -0.0301289 -0.028434 -0.0190533 -0.00170701 -0.0257998 0.0279952 0.00867109 -0.0345036
internal_weight=43.2784 42.2239 40.1118 11.2832 28.8286 8.49908 3.55027 4.94881 3.60202 28.3338 18.8974 9.43642 7.61645 5.67892 4.09327 12.8639 9.48598 8.32486 7.62079 2.40987 5.21092 2.68524 1.9133 6.03354 4.33145 2.459 3.73058 2.11209 0.752064 2.97851
internal_count=2466 2126 1932 595 1337 286 72 214 179 1146 997 149 109 80 50 625 308 249 237 44 193 156 136 372 289 54 113 194 57 56
is_linear=0
shrinkage=0.05


Tree=106
num_leaves=31
num_cat=0
split_feature=11 36 2 6 18 8 30 36 36 38 36 30 14 29 38 16 29 38 0 0 30 29 30 0 38 29 36 29 7 30
split_gain=1.03235 0.732362 0.721591 0.67705 0.611362 0.62251 0.55872 1.55638 1.18846 1.31814 1.11038 0.889877 0.793336 0.69826 1.07939 0.589788 1.6139 1.01168 0.922582 0.503634 0.948321 0.529707 0.596441 0.708473 1.28384 0.714308 0.659831 0.488046 0.716966 0.596353
threshold=1.0000000180025095e-35 32.500000000000007 1.0000000180025095e-35 1.5000000000000002 1.5000000000000002 1.5000000000000002 11.314619380816618 28.500000000000004 26.500000000000004 1.5000000000000002 28.500000000000004 13.6877311711388 2.5000000000000004 3.5447213558571025 4.5000000000000009 1.0000000180025095e-35 3.3300921486066026 1.5000000000000002 9.5000000000000018 12.500000000000002 10.819952230666432 3.1026927801673843 5.9478512286391902 11.500000000000002 4.5000000000000009 2.6561704564304831 20.500000000000004 2.1245140192200878 1.0000000180025095e-35 8.3295132290760368
decision_type=2 2 2 2 2 2 2 2 2 2 2 2 2 2 2 2 2 2 2 2 2 2 2 2 2 2 2 2 2 2
left_child=1 2 -1 4 5 6 10 8 9 -8 15 -10 13 -11 -15 17 -17 -4 -19 20 21 22 -20 25 -25 27 -27 -24 29 -29
right_child=-2 -3 3 -5 -6 -7 7 -9 11 12 -12 -13 -14 14 -16 16 -18 18 19 -21 -22 -23 23 24 -26 26 -28 28 -30 -31
leaf_value=0.050152162488136837 0.050203368890698978 0.063393213567443416 -0.037964935604120148 0.050566959519270607 0.051063799127385262 0.054179074914716734 0.052117873644562177 -0.048638777412974774 -0.018516293641794017 -0.034318862860418041 0.062954965822142203 0.037451529049576625 0.042186321696623633 0.013288047638431414 -0.04676003630224676 0.051705224718920563 -0.055836041732699696 0.057222847843462037 -0.017656000682148922 -0.022901653344095441 0.060297840021487893 -0.036206911817649588 0.041904786974307898 -0.023692215108149929 0.030734502164140327 0.02186596256851274 0.087634973092850149 0.085940054883629616 -0.018499114125164719 -0.019957269837825139
leaf_weight=0.63732100324705143 0.97070225945208122 0.42428843304514785 2.0865085748955705 0.57148611452430387 0.49344789981841941 0.44031329406425257 0.68983620102517207 2.5470722084864965 1.032142429146915 5.3404247879516298 0.66663388710003246 2.2771007707342505 0.49340088991448361 2.3880298628937453 1.08994786022231 1.3805506678763766 0.46684686932712782 0.65118106012232857 3.4174547760048872 2.784046235785353 0.62998529127799052 1.0709292076062418 0.75610408792272066 3.4449456490110606 1.5806342761497942 0.97739317617379107 0.62535296007990837 0.34913428872823726 1.9236991093493998 0.21470020618289709
leaf_count=237 329 8 191 61 26 18 46 47 23 211 12 35 23 111 38 83 6 26 315 164 30 51 23 141 39 46 8 34 25 40
internal_value=-0.000766548 -0.00196017 -0.00263604 -0.00346901 -0.00424456 -0.00493858 -0.00560801 -0.0128302 -0.00597812 -0.014572 -0.000634135 0.0199953 -0.0195125 -0.0229646 -0.00553015 -0.00253001 0.024529 -0.00496705 -0.00123037 -0.00337186 0.000255272 -0.00237878 0.000347262 0.00657959 -0.00657404 0.0202196 0.0475274 0.00672623 -0.00396656 0.0456159
internal_weight=42.4216 41.4509 41.0266 40.3893 39.8178 39.3244 38.8841 15.858 13.3109 10.0016 23.0261 3.30924 9.3118 8.8184 3.47798 22.3595 1.8474 20.5121 18.4256 17.7744 14.9903 14.3603 13.2894 9.87196 5.02558 4.84638 1.60275 3.24364 2.48753 0.563834
internal_count=2447 2118 2110 1873 1812 1786 1768 534 487 429 1234 58 383 360 149 1222 89 1133 942 916 752 722 671 356 180 176 54 122 99 74
is_linear=0
shrinkage=0.05


Tree=107
num_leaves=31
num_cat=0
split_feature=11 38 39 37 38 29 38 38 23 30 30 30 29 36 15 13 35 36 0 29 6 30 29 29 35 36 30 36 36 38
split_gain=0.912906 0.677297 0.683433 0.663016 2.93361 1.09468 0.782103 1.72295 0.71527 0.502447 0.563836 1.54746 0.512909 1.40108 1.11552 0.615057 1.09809 0.508228 1.2386 1.21711 0.458916 0.448891 0.698283 0.448869 0.543317 1.72255 1.06518 0.436219 0.349635 0.829787
threshold=1.0000000180025095e-35 5.5000000000000009 1.0000000180025095e-35 1.5000000000000002 4.5000000000000009 5.2036832726553373 2.5000000000000004 4.5000000000000009 1.0000000180025095e-35 10.878556223131921 13.855458662553419 14.475916880138364 2.6561704564304831 22.500000000000004 1.0000000180025095e-35 1.0000000180025095e-35 5.5000000000000009 25.500000000000004 13.500000000000002 3.0375270496321396 1.0000000180025095e-35 15.376817301717084 3.3300921486066026 3.6127552040097792 7.5000000000000009 21.500000000000004 8.5850002514866244 19.500000000000004 26.500000000000004 3.5000000000000004
decision_type=2 2 2 2 2 2 2 2 2 2 2 2 2 2 2 2 2 2 2 2 2 2 2 2 2 2 2 2 2 2
left_child=1 2 3 4 5 8 -5 -8 9 12 17 -12 14 15 28 -14 -17 18 19 -11 -4 -13 -23 24 25 -9 -26 -18 29 -1
right_child=-2 -3 20 6 -6 -7 7 23 -10 10 11 21 13 -15 -16 16 27 -19 -20 -21 -22 22 -24 -25 26 -27 -28 -29 -30 -31
leaf_value=-0.0059860818377270577 0.050191699404888192 0.062222950313464677 0.050445288347566064 -0.039731371401010407 0.067740740808839142 0.051205862558732052 0.059298447775123941 -0.042921754445475892 0.052652508954963088 0.024184151808248334 0.044475995783392702 -0.048490892349018828 0.038720113986383371 0.047621770553152934 0.051141063527654219 -0.068634402170628717 0.0234447653181203 -0.041335313307619352 0.043447435743850467 -0.050017209793245802 0.0032038589233891858 0.017456503287676263 -0.027132188203885306 -0.041805397564072554 0.011102781912585506 0.06196926979783355 -0.042627433430338368 -0.028569256095820394 0.029133027275740769 -0.047830433958447847
leaf_weight=7.1715097634587526 0.93141625425778229 0.43477663520024989 1.0618576358538114 2.1787317858543229 1.592256104107945 0.93368496769107778 0.89744207332842041 0.69466015230864264 0.54865376348607142 0.78801798750646312 1.3799311630427835 0.86311323801055539 0.59652453986927811 1.9212480420246718 0.79885298479348499 0.7437645937316123 1.0811965630855409 2.4148662101943046 0.79190709767863143 1.8502114110160617 0.99651946849189688 1.5175079510081562 2.0837496595922858 1.2292434144765136 1.662451181560755 0.89662119746208191 2.0721710319630802 0.64270476438105095 0.52499617682769972 1.4192307027988134
leaf_count=288 333 23 160 392 12 190 28 55 35 37 22 22 31 45 101 9 44 72 24 73 38 34 72 55 59 27 84 24 13 62
internal_value=0.00123363 0.000142411 -0.00051028 -0.00198142 0.00171934 -0.00202547 -0.0133795 -0.0056757 -0.0038569 -0.00502293 -0.0127829 -0.00180101 0.00106489 0.0141471 -0.00551336 -0.00684146 -0.0178553 -0.0237635 -0.0113927 -0.0278539 0.0275744 -0.0161052 -0.00834328 -0.0145711 -0.00828527 0.01618 -0.0187097 0.0040529 -0.0104782 -0.012899
internal_weight=42.7198 41.7884 41.3536 39.2952 29.6639 28.0717 9.63132 7.45259 27.138 26.5893 11.6893 5.8443 14.9 4.98544 9.91459 3.06419 2.46767 5.845 3.43014 2.63823 2.05838 4.46437 3.60126 6.55515 5.3259 1.59128 3.73462 1.7239 9.11574 8.59074
internal_count=2464 2131 2108 1910 1210 1198 700 308 1008 973 356 150 617 153 464 108 77 206 134 110 198 128 106 280 225 82 143 68 363 350
is_linear=0
shrinkage=0.05


Tree=108
num_leaves=31
num_cat=0
split_feature=11 36 38 37 6 18 36 14 36 30 30 30 14 4 5 17 17 7 36 15 30 36 35 36 38 0 38 36 7 30
split_gain=0.845435 0.623429 0.629791 0.602229 0.615801 0.615411 0.535076 0.391422 0.465924 0.877974 1.71597 1.35778 1.47752 1.00128 0.692242 1.84885 1.36859 0.867008 0.704231 0.535072 0.534545 1.08038 2.40347 0.87192 0.68813 0.706532 0.611121 0.573488 0.540295 0.445862
threshold=1.0000000180025095e-35 32.500000000000007 5.5000000000000009 1.0000000180025095e-35 1.5000000000000002 1.5000000000000002 29.500000000000004 2.5000000000000004 24.500000000000004 15.44954990788453 13.57412943990362 11.793939418647607 1.0000000180025095e-35 1.5000000000000002 1.0000000180025095e-35 1.0000000180025095e-35 1.0000000180025095e-35 1.0000000180025095e-35 23.500000000000004 1.0000000180025095e-35 13.290320326429251 19.500000000000004 6.5000000000000009 17.500000000000004 2.5000000000000004 10.500000000000002 1.5000000000000002 17.500000000000004 1.0000000180025095e-35 7.9383696242776152
decision_type=2 2 2 2 2 2 2 2 2 2 2 2 2 2 2 2 2 2 2 2 2 2 2 2 2 2 2 2 2 2
left_child=1 2 3 -1 5 6 7 8 14 10 11 12 13 -10 16 -16 18 19 20 -17 21 24 -23 -22 25 29 -27 -26 -24 -5
right_child=-2 -3 -4 4 -6 -7 -8 -9 9 -11 -12 -13 -14 -15 15 17 -18 -19 -20 -21 23 22 28 -25 27 26 -28 -29 -30 -31
leaf_value=0.050143345818078361 0.050188152107793815 0.059018552485958678 0.061870314693694618 -0.023330042907267229 0.050546784998563798 0.050998776050644269 -0.033041354826138049 0.035882212947062002 0.013042500176686523 -0.028717781137615417 0.047209341490933976 -0.03085411891778015 0.065014783980179666 -0.043195726895260134 0.050661215490435722 -0.043777321753603847 0.050370469033613696 0.026509991472777068 -0.047973360461765951 0.010659571788843983 0.028290318882438065 0.077826137071911924 -0.044908467895512262 -0.046351932344253902 0.050962579454985849 0.024470707666381958 -0.058096407201485227 -0.017623493997471394 0.00099308460428712271 0.015092573278474575
leaf_weight=0.57705181126948346 0.88236711593344708 0.45347984088584681 0.40801495179766689 3.1451856375206386 0.5643237663898607 0.53887534234672685 1.409661698155104 0.68170786928385396 3.6300269465427828 1.627008304465561 2.4760721113998434 2.518553264439106 1.1091451584361491 1.0121425800025461 1.7991629780735809 1.6872478444129231 0.86918764933943649 1.0015644468367102 1.3961566572543223 0.61628476530313481 0.48349489457905237 1.0350439301691947 0.74697162676602591 2.0505279302597046 0.57392822438850977 0.25228474009782109 2.0064045598264784 0.64992825780063868 4.5225387732498348 0.99354406772181381
leaf_count=231 326 10 22 281 61 30 31 28 66 42 36 54 21 39 208 91 148 9 67 10 48 26 97 104 12 27 149 34 102 52
internal_value=0.00176607 0.000719777 6.50971e-05 -0.000565749 -0.00130849 -0.00206206 -0.00280874 -0.00165329 -0.0023601 0.00551179 0.0106944 -0.000238518 0.0131683 0.000780754 -0.00644742 0.00987516 -0.0108968 -0.0123271 -0.0138791 -0.0292133 -0.0109872 -0.00714351 0.0081686 -0.0321101 -0.0198102 -0.0263815 -0.0488741 0.01454 -0.00551362 -0.0141063
internal_weight=41.7179 40.8355 40.382 39.974 39.397 38.8327 38.2938 36.8841 36.2024 12.3729 10.7459 8.26987 5.75131 4.64217 23.8295 5.10426 18.7252 3.3051 17.856 2.30353 16.4599 13.9258 6.30455 2.53402 7.62128 6.39742 2.25869 1.22386 5.26951 4.13873
internal_count=2462 2136 2126 2104 1873 1812 1782 1751 1723 258 216 180 126 105 1465 318 1147 110 999 101 932 780 225 152 555 509 176 46 199 333
is_linear=0
shrinkage=0.05


Tree=109
num_leaves=31
num_cat=0
split_feature=11 36 38 6 2 36 39 5 5 17 30 13 36 36 36 35 36 19 35 36 7 15 30 36 7 7 30 21 30 30
split_gain=0.853071 0.74759 0.625456 0.614827 0.620077 0.545835 0.429542 0.647557 0.475768 2.89316 0.797865 1.19678 0.646324 0.782375 1.02689 0.683841 2.54329 0.951891 0.676922 0.538341 1.52876 0.697619 0.488521 0.59446 1.29645 1.16049 0.497869 0.481313 0.47705 0.390317
threshold=1.0000000180025095e-35 32.500000000000007 5.5000000000000009 1.5000000000000002 1.0000000180025095e-35 30.500000000000004 1.0000000180025095e-35 1.0000000180025095e-35 1.0000000180025095e-35 1.0000000180025095e-35 14.268928916553925 1.0000000180025095e-35 24.500000000000004 25.500000000000004 26.500000000000004 7.5000000000000009 20.500000000000004 1.0000000180025095e-35 11.500000000000002 18.500000000000004 1.0000000180025095e-35 1.0000000180025095e-35 15.879226296404825 15.500000000000002 1.0000000180025095e-35 1.0000000180025095e-35 10.618413038344915 1.0000000180025095e-35 8.6629154458259965 14.206613927459331
decision_type=2 2 2 2 2 2 2 2 2 2 2 2 2 2 2 2 2 2 2 2 2 2 2 2 2 2 2 2 2 2
left_child=1 2 3 4 -1 6 8 -8 12 -10 11 -11 15 28 -15 16 17 22 27 20 21 29 23 24 -6 26 -25 -16 -14 -17
right_child=-2 -3 -4 -5 5 -7 7 -9 9 10 -12 -13 13 14 18 19 -18 -19 -20 -21 -22 -23 -24 25 -26 -27 -28 -29 -30 -31
leaf_value=0.050132640801744732 0.050168722218835608 0.065818268960286905 0.061247611628675105 0.050538836677126268 -0.039903018648132595 -0.039873952979702247 0.05040318916266389 -0.0078071419817214646 0.050681445820441554 -0.037875772430699388 -0.044337524197166578 0.015120795413924516 0.041456135137758809 -0.048798953496838271 -0.044903761948684402 -0.050313449848606334 0.063426381741320342 0.051795175740991711 0.025374921757478415 -0.027186964630717871 0.061156133420093677 0.050530182121885037 0.021032083904787998 0.050551179882182475 0.057586493806817698 -0.050620798528994752 -0.018323370049236492 0.0097158683737004516 0.0060804458151046932 0.031717816656719355
leaf_weight=0.54306532919872452 0.8353897308697914 0.41585646802559395 0.39240133366547425 0.54526584059931238 0.7600135204847962 1.0137324193492521 0.92660231422632822 0.98633919190615416 2.58130579756107 1.5880787256173787 1.4759409781545398 3.235819024965167 1.5987809645012006 1.2419726136140523 0.85640096291899703 1.2158895619213574 1.2663879464380441 0.50754155428148795 1.8008917495608328 8.0175153403542918 0.71244476735591877 0.24813319975510228 0.66215352015569795 0.44509871676564194 0.6185745857656002 2.9214508864097297 0.63917663414031267 0.76241252198815346 2.3593833092600107 0.16464651376008976
leaf_count=232 334 8 21 60 137 21 152 31 300 102 23 43 15 23 28 238 29 27 14 362 5 31 24 14 7 77 27 16 37 24
internal_value=0.000155482 -0.000876053 -0.00156792 -0.00218888 -0.00292326 -0.00366957 -0.00269328 0.0203891 -0.00393082 0.00609867 -0.0121687 -0.00232624 -0.00725459 0.00402186 -0.0098586 -0.0126015 -0.00144059 -0.0139744 0.00428381 -0.0210276 6.62985e-05 -0.0266568 -0.0194951 -0.0244791 0.00384067 -0.0342254 0.00994987 -0.0191796 0.0203694 -0.0405302
internal_weight=41.3387 40.5033 40.0874 39.695 39.1498 38.6067 37.593 1.91294 35.68 8.88114 6.29984 4.8239 26.7989 8.61984 4.66168 18.179 7.8204 6.55401 3.41971 10.3586 2.34111 1.62867 6.04647 5.38431 1.37859 4.00573 1.08428 1.61881 3.95816 1.38054
internal_count=2462 2128 2120 2099 2039 1807 1786 183 1603 468 168 145 1135 133 81 1002 342 313 58 660 298 293 286 262 144 118 41 44 52 262
is_linear=0
shrinkage=0.05


Tree=110
num_leaves=31
num_cat=0
split_feature=2 11 6 18 36 30 30 36 36 36 5 17 13 30 29 17 36 38 30 30 29 30 38 38 36 36 30 29 2 30
split_gain=0.825371 0.552309 0.566469 0.539784 0.497005 0.543291 2.70453 0.753349 0.824329 0.694317 0.362168 1.87386 1.23669 0.989217 0.904901 0.78076 0.823041 1.21439 1.56417 0.659444 0.991749 0.865035 0.550285 0.536594 0.499736 0.486976 0.478373 0.435995 0.48196 0.57183
threshold=1.0000000180025095e-35 1.0000000180025095e-35 1.5000000000000002 1.5000000000000002 32.500000000000007 14.703427073046866 14.430035842780081 27.500000000000004 26.500000000000004 20.500000000000004 1.0000000180025095e-35 1.0000000180025095e-35 1.0000000180025095e-35 12.786960787537971 3.5447213558571025 1.0000000180025095e-35 19.500000000000004 3.5000000000000004 9.0380513784891843 10.822270259195856 3.438811922224569 9.1651273959638377 2.5000000000000004 2.5000000000000004 27.500000000000004 17.500000000000004 8.4970819437662879 3.1026927801673843 1.5000000000000002 9.420392350495213
decision_type=2 2 2 2 2 2 2 2 2 2 2 2 2 2 2 2 2 2 2 2 2 2 2 2 2 2 2 2 2 2
left_child=-1 2 3 4 5 6 10 8 9 -7 13 -12 -13 15 -15 16 22 18 -18 20 21 26 27 -14 -21 -24 -19 28 29 -2
right_child=1 -3 -4 -5 -6 7 -8 -9 -10 -11 11 12 23 14 -16 -17 17 19 -20 24 -22 -23 25 -25 -26 -27 -28 -29 -30 -31
leaf_value=0.050114778455087661 -0.0038706032224329976 0.050210105786112583 0.050525294340426685 0.050978464531182967 0.05023844700298951 0.015465011802511067 0.10610886072982201 -0.041641454744256554 0.046514693005939918 -0.030956214762268702 0.050565056384237722 -0.040211956233251044 -0.0076185355442229029 -0.057159200716108305 0.010024067480525924 0.050353751785716494 -0.0023692066335425244 -0.0085363196047095902 0.053829728596051077 -0.052457664648299797 0.055165192800424603 -0.050222306750480832 0.050414672214223015 0.031599964083153846 0.0064366357888975996 -0.015295884605931086 0.029959063803592506 -0.057617763030969528 -0.050191610683080728 -0.056683977028268842
leaf_weight=0.81851377699058403 3.745807779021578 0.52719636913388868 0.51979417260736127 0.47427401039749284 0.43816797714680333 1.2568280058912926 0.58249840373173256 2.0481988764367998 0.66308475052937854 2.2430844530463219 1.846586480794939 1.9042688086628912 1.9668378643691542 1.6275685427244746 0.72423743829131115 0.68229785514995356 2.7652241820469481 3.0483151390217245 2.2420001616701484 1.2637871401384471 0.69677238864824165 0.99674269766546775 0.51522630313411333 1.5670826397836206 0.50377217819914211 0.62274581915698946 1.0976185407489536 0.80841953260824073 0.96334966691210855 0.59377406677231181
leaf_count=400 198 173 61 27 6 87 13 41 12 92 244 111 36 63 38 131 85 84 42 64 11 55 10 13 9 33 13 36 261 16
internal_value=0.000425343 -0.000619241 -0.00131693 -0.00202815 -0.00270008 -0.0033274 -0.000604167 -0.016816 -0.00460182 -0.0142862 -0.00266365 0.00704671 -0.00773034 -0.00575295 -0.0364701 -0.00223687 -0.00404332 0.0036723 0.022794 -0.00891436 -0.000814958 -0.00839961 -0.0174689 0.00977253 -0.0356722 0.0144551 0.00165517 -0.0234134 -0.018199 -0.0110969
internal_weight=39.7541 38.9356 38.4084 37.8886 37.4143 36.9761 30.7649 6.2112 4.163 3.49991 30.1824 7.28478 5.43819 22.8977 2.35181 20.5459 19.8636 12.6142 5.00722 7.60701 5.83945 5.14268 7.24932 3.53392 1.76756 1.13797 4.14593 6.11135 5.30293 4.33958
internal_count=2465 2065 1892 1831 1804 1798 1566 232 191 179 1553 404 160 1149 101 1048 917 363 127 236 163 152 554 49 73 43 97 511 475 214
is_linear=0
shrinkage=0.05


Tree=111
num_leaves=31
num_cat=0
split_feature=31 38 30 30 0 29 30 36 32 30 8 30 30 14 0 30 15 29 38 0 4 30 4 36 2 29 29 36 29 36
split_gain=0.855926 0.620424 0.550006 1.01307 0.769574 1.05389 0.751129 0.686976 0.617557 0.549087 0.490668 0.527761 0.455636 0.439204 0.558472 0.427422 0.478346 1.33185 0.729742 0.629086 0.564584 0.483452 0.687622 1.16318 1.54311 0.629544 0.666152 1.12631 0.60371 0.903468
threshold=7.4446138188815985 5.5000000000000009 15.44954990788453 13.924192733274621 14.500000000000002 3.1026927801673843 14.430035842780081 27.500000000000004 13.668488641959945 13.631613181452218 1.5000000000000002 12.786960787537971 12.580775637471541 2.5000000000000004 13.500000000000002 11.989040115600568 1.0000000180025095e-35 3.1026927801673843 1.5000000000000002 9.5000000000000018 2.5000000000000004 5.2430986767424939 1.5000000000000002 20.500000000000004 1.5000000000000002 2.9057986818614658 3.0375270496321396 22.500000000000004 3.9976927939054847 21.500000000000004
decision_type=2 2 2 2 2 2 2 2 2 2 2 2 2 2 2 2 2 2 2 2 2 2 2 2 2 2 2 2 2 2
left_child=1 2 3 8 5 -5 -7 13 9 10 11 12 15 14 -4 16 18 -18 -1 -20 21 -21 25 24 -24 -23 27 -27 29 -28
right_child=-2 -3 7 4 -6 6 -8 -9 -10 -11 -12 -13 -14 -15 -16 -17 17 -19 19 20 -22 22 23 -25 -26 26 28 -29 -30 -31
leaf_value=-0.03068546455882333 0.050660516638162158 0.060786848354370648 0.041435563993826446 -0.049871649690435754 0.07043200542850786 -0.0011411805138700512 0.065311412041620248 -0.042997666829080627 -0.038685943770511023 0.061615772315494623 0.053793555523301832 -0.031019117265167387 0.038544056934921619 0.040767639987784168 -0.020415870939108575 -0.022733538312785032 0.052130072077654112 -0.0256102569845457 0.056181348313921797 -0.026282435108945429 0.039569272078665896 -0.0017407201790471463 0.083397700099479666 -0.038853200787018934 -0.023236688082423837 0.0084535691920671827 0.041952037227607833 0.10425677045859053 0.05527478418427894 -0.028848010390594682
leaf_weight=2.0564404953038595 0.80487461679149319 0.3963677131687281 0.42692426848225284 0.51384365581907321 0.78738323319703329 0.85686246212571837 0.84417812875472009 1.7268593083135781 1.134370737010612 0.34514614311046798 0.3908768295077597 1.5447647146647785 0.71068580052815278 0.46681183553300787 2.5143701777560636 2.2737337353173634 1.4017572078155347 0.9076922561507671 0.49715696217026817 1.9373420641059116 0.82615735498256881 7.8950026525417325 0.55167333153076403 2.4595285577233881 0.88116899109445512 0.65598614048212789 0.68968780455179546 0.57631764002144337 0.54076841427013267 1.2997826496139167
leaf_count=225 335 30 49 16 21 30 39 39 44 11 30 95 20 23 119 85 142 21 30 231 20 354 11 132 98 42 55 10 18 72
internal_value=-0.000364801 -0.00144245 -0.00209649 0.000300751 0.0279746 0.0128812 0.0318374 -0.0173055 -0.00250843 -0.00106552 -0.00183552 -0.00262034 -0.000943435 -0.00428754 -0.0114382 -0.00204611 -1.6559e-05 0.0215755 -0.00240625 0.000685337 -0.000821221 -0.00272941 0.000205033 -0.017991 0.0178197 0.00628057 0.0231118 0.0532583 0.00842945 -0.00430383
internal_weight=38.9145 38.1096 37.7133 32.5783 3.00227 2.21488 1.70104 5.13497 29.576 28.4417 28.0965 27.7056 26.1609 3.40811 2.94129 25.4502 23.1765 2.30945 20.867 18.8106 18.3134 17.4873 15.5499 3.89237 1.43284 11.6575 3.76254 1.2323 2.53024 1.98947
internal_count=2447 2112 2082 1852 106 85 69 230 1746 1702 1691 1661 1566 191 168 1546 1461 163 1298 1073 1043 1023 792 241 109 551 197 52 145 127
is_linear=0
shrinkage=0.05


Tree=112
num_leaves=31
num_cat=0
split_feature=31 8 6 18 36 30 0 0 30 30 17 5 4 5 16 17 36 30 30 29 38 36 30 7 29 30 21 16 36 7
split_gain=0.772469 0.559702 0.559969 0.502835 0.488926 0.644139 1.02372 0.865931 0.601544 2.62927 0.583876 1.05363 0.566384 1.54055 1.30202 0.70434 0.699124 1.4092 1.27467 0.581951 0.926503 0.549421 0.554352 0.807046 0.536593 0.748157 0.631171 0.620905 0.629919 0.555785
threshold=7.4446138188815985 1.5000000000000002 1.5000000000000002 1.5000000000000002 32.500000000000007 15.44954990788453 14.500000000000002 13.500000000000002 14.523802371933298 14.430035842780081 1.0000000180025095e-35 1.0000000180025095e-35 1.5000000000000002 1.0000000180025095e-35 1.0000000180025095e-35 1.0000000180025095e-35 21.500000000000004 10.483253181921015 8.4970819437662879 3.3300921486066026 3.5000000000000004 27.500000000000004 6.8237214466175589 1.0000000180025095e-35 2.5467889716101815 10.748367880957076 1.0000000180025095e-35 1.0000000180025095e-35 16.500000000000004 1.0000000180025095e-35
decision_type=2 2 2 2 2 2 2 2 2 2 2 2 2 2 2 2 2 2 2 2 2 2 2 2 2 2 2 2 2 2
left_child=1 2 3 4 5 6 8 -7 9 12 11 -9 13 15 21 16 24 18 -18 20 -19 22 23 -14 25 -1 -26 28 29 -28
right_child=-2 -3 -4 -5 -6 7 -8 10 -10 -11 -12 -13 14 -15 -16 -17 17 19 -20 -21 -22 -23 -24 -25 26 -27 27 -29 -30 -31
leaf_value=-0.010943204110848197 0.050648789882974755 0.052929651399506505 0.050509621866709799 0.050903813010062499 0.04941916223198195 0.04546329918287579 0.049480922643165351 -0.028815974902675852 -0.042088995315627417 0.1094653057167051 -0.050928473615288863 0.051275704137058689 -0.031864551210993679 0.050515882815566342 0.04139941317012108 0.050370373575970434 0.0062385324966311205 0.0099601548858142767 0.059877336517593839 0.004732537855601536 -0.053667775007484791 -0.00040719595599973283 -0.036987937548623444 0.070943809920371623 -0.052807482687191688 0.04688788580564051 -0.047891574907748674 0.051723901043369991 -0.051545969243550621 0.037245757972618018
leaf_weight=4.9879006998380877 0.73880370671395112 0.47575685114134003 0.50786421867087383 0.43813711870461602 0.43995335837826033 0.44510263903066416 0.97135803755372663 2.0760148906847466 0.93747125309891899 0.52527821902185579 1.6653590863570569 0.51188317174091924 0.49056126293726077 1.4610202976036806 0.93081542977597553 0.60580858495086332 3.605900402995756 0.87910790764726732 1.5986216715537009 1.9896978696342555 1.638401649193838 2.2130154646001756 4.4589192096609622 0.31248446041718125 1.5868617774685847 0.62987846811301995 0.29119931068271421 0.33189694408792991 0.91769133065827191 0.56097951694391668
leaf_count=454 322 52 62 27 6 52 29 92 43 8 34 40 92 217 55 114 73 14 26 44 73 41 232 5 73 24 57 25 78 7
internal_value=6.09188e-06 -0.000966107 -0.00164071 -0.00234696 -0.00297646 -0.00360589 -0.00106204 -0.020891 -0.00264814 -0.00141631 -0.027835 -0.0129739 -0.00339129 0.00098378 -0.0143657 -0.00270393 -0.00439457 0.00498982 0.0227142 -0.0154768 -0.0314491 -0.0213098 -0.0301007 0.00814066 -0.0141877 -0.00445905 -0.0290044 -0.0110327 -0.0228012 0.00815335
internal_weight=39.2237 38.4849 38.0092 37.5013 37.0632 36.6232 31.9249 4.69836 30.9535 30.016 4.25326 2.5879 29.4908 21.085 8.4058 19.6239 19.0181 9.71173 5.20452 4.50721 2.51751 7.47498 5.26196 0.803046 9.30641 5.61778 3.68863 2.10177 1.76987 0.852179
internal_count=2471 2149 2097 2035 2008 2002 1784 218 1755 1712 166 132 1704 1279 425 1062 948 230 99 131 87 370 329 97 718 478 240 167 142 64
is_linear=0
shrinkage=0.05


Tree=113
num_leaves=31
num_cat=0
split_feature=11 38 2 18 6 36 36 30 35 36 36 8 35 37 36 21 35 35 30 30 36 36 30 29 35 15 29 36 38 39
split_gain=0.743279 0.555644 0.50684 0.502523 0.514428 0.426936 0.446046 0.69708 0.65644 0.92982 0.668776 0.497641 1.15352 1.41295 1.03762 0.864294 1.77951 0.929163 0.814189 1.27684 0.665403 0.686087 1.17848 0.697393 0.672882 0.656475 0.566369 0.543103 0.447752 0.434589
threshold=1.0000000180025095e-35 5.5000000000000009 1.0000000180025095e-35 1.5000000000000002 1.5000000000000002 32.500000000000007 28.500000000000004 13.718443147391275 11.500000000000002 26.500000000000004 25.500000000000004 1.0000000180025095e-35 5.5000000000000009 1.5000000000000002 15.500000000000002 1.0000000180025095e-35 10.500000000000002 10.500000000000002 13.924192733274621 14.82797639961022 17.500000000000004 22.500000000000004 5.9478512286391902 1.6444966750710746 5.5000000000000009 1.0000000180025095e-35 5.2036832726553373 19.500000000000004 4.5000000000000009 1.0000000180025095e-35
decision_type=2 2 2 2 2 2 2 2 2 2 2 2 2 2 2 2 2 2 2 2 2 2 2 2 2 2 2 2 2 2
left_child=1 2 -1 4 5 6 8 -8 11 10 -10 12 13 -4 -13 17 18 20 25 -20 -16 23 -23 -22 -25 27 28 -17 29 -14
right_child=-2 -3 3 -5 -6 -7 7 -9 9 -11 -12 14 26 -15 15 16 -18 -19 19 -21 21 22 -24 24 -26 -27 -28 -29 -30 -31
leaf_value=0.050120172425031854 0.050164849749491092 0.060673356151575292 0.094469319614303229 0.050861010030105472 0.050474976972035401 0.045774812524156681 0.0039717475152388172 -0.049416823653542885 0.0078621210828440785 0.041471166584955338 -0.047408116251559648 0.057007583054446365 -0.028403441071223452 -0.047320359888309092 -0.03085696293438793 0.0037212769869799838 0.059916039154309403 -0.042075150808827261 0.07939325347929703 -0.0042409488328059462 -0.015333706611849567 0.053161547278475732 -0.032864821274844427 0.07129744367875572 0.015101030433062915 0.016947067533726903 0.051621610129378992 -0.052101090811729256 0.034315418631216239 0.0081496366537996742
leaf_weight=0.48123298748396237 0.74483735981630061 0.37040684121893619 0.49586587678641336 0.45227974932640691 0.45834483299404283 0.44629201758652826 1.1661339770071202 1.2852596747688947 3.8155445058364412 1.9314927007071672 0.63897286285646249 0.75496938824653881 7.2307189723942376 0.2721264164429158 1.8491791216656581 0.62470786971971382 1.4606235807295886 2.0517417103983453 0.64594134769868139 1.554905160795897 1.1636542754713448 0.49110975954681668 2.1021806907374412 0.74707023589871857 1.8561270034406332 0.85214554984122504 0.26992089929990548 1.4402719929348675 0.33946093078702766 0.91618265653960396
leaf_count=237 333 22 19 29 58 5 27 25 169 25 17 9 793 54 24 23 33 55 12 51 40 15 83 24 49 16 27 52 19 113
internal_value=0.000697559 -0.00026786 -0.000865118 -0.00152268 -0.00216542 -0.00282822 -0.00343148 -0.0240197 -0.00192514 0.0124972 -6.60513e-05 -0.00532133 -0.0145272 0.0442283 -0.00033802 -0.00290898 0.011238 -0.0119789 -0.00265428 0.0203054 -0.00445703 0.00321862 -0.0165734 0.0168444 0.0312284 -0.0199764 -0.0196805 -0.0352134 -0.0219484 -0.0242928
internal_weight=38.9097 38.1649 37.7945 37.3132 36.8609 36.4026 35.9563 2.45139 33.5049 6.38601 4.45452 27.1189 9.52428 0.767992 17.5946 16.8397 6.5786 10.2611 5.11797 2.20085 8.20932 6.36014 2.59329 3.76685 2.6032 2.91713 8.75628 2.06498 8.48636 8.1469
internal_count=2458 2125 2103 1866 1837 1779 1774 52 1722 211 186 1511 1025 73 486 477 187 290 154 63 235 211 98 113 73 91 952 75 925 906
is_linear=0
shrinkage=0.05


Tree=114
num_leaves=31
num_cat=0
split_feature=36 11 38 2 6 36 18 37 38 29 4 36 7 38 35 36 29 38 38 38 38 36 29 36 5 36 32 32 32 36
split_gain=1.0009 0.694286 0.533307 0.467793 0.469595 0.476883 0.420474 0.417071 1.94175 0.59194 0.554018 0.787047 0.502772 1.54616 0.494062 1.11781 0.93345 1.03906 0.931295 1.30343 0.600244 0.423543 0.50914 0.421468 0.511103 0.667664 0.357061 0.885296 0.519237 0.673051
threshold=32.500000000000007 1.0000000180025095e-35 5.5000000000000009 1.0000000180025095e-35 1.5000000000000002 29.500000000000004 1.5000000000000002 1.5000000000000002 4.5000000000000009 5.2036832726553373 2.5000000000000004 28.500000000000004 1.0000000180025095e-35 4.5000000000000009 11.500000000000002 26.500000000000004 3.5447213558571025 3.5000000000000004 3.5000000000000004 2.5000000000000004 1.5000000000000002 24.500000000000004 2.9057986818614658 25.500000000000004 1.0000000180025095e-35 24.500000000000004 4.3596116904199791 5.4521361837224109 6.7969257976498705 22.500000000000004
decision_type=2 2 2 2 2 2 2 2 2 2 2 2 2 2 2 2 2 2 2 2 2 2 2 2 2 2 2 2 2 2
left_child=1 2 3 -1 5 6 7 8 9 10 11 14 -9 -14 18 16 17 20 19 26 -16 -15 -23 24 25 -20 -5 -28 -29 -30
right_child=-2 -3 -4 4 -6 -7 -8 12 -10 -11 -12 -13 13 21 15 -17 -18 -19 23 -21 -22 22 -24 -25 -26 -27 27 28 29 -31
leaf_value=0.050111136512207832 0.086591214139583761 0.05015220329886854 0.060027165156191921 0.024342923092466599 0.050452809858962881 -0.031561141579392736 0.050811183473923605 -0.029106613575748393 0.066233346894152112 0.051648424407872685 0.042033851900642988 -0.052143005180380168 0.059120947175195518 -0.027061967501396424 -0.025851293977762549 0.042030086574973681 0.040374582024887883 -0.046378703154354939 -0.040129836363425 0.059584512986666276 0.060862265184801083 -0.01817253909722729 0.024279672812423523 -0.045576123647090357 0.026013088318705385 0.021685368114888554 -0.04449397151308173 0.032881397006263413 -0.01364367604211647 0.02074481108139407
leaf_weight=0.43858062592334945 0.33915340434759755 0.68589109205640753 0.35896900563966383 1.0303383555729126 0.42425710870884259 1.3545448658987869 0.38258189335465331 2.7053133385488746 1.1058455877937365 0.51145533239468832 0.67099083214998145 0.82039866037666698 0.85685513564385463 2.7377687115222216 0.35149416141211953 1.87667028629221 0.78963769553229202 1.5532823563553393 1.7674430690240113 0.87873183574993241 0.46172516467049718 1.6117309099063279 1.2571974401362238 1.6643681456334887 0.62542957346886385 0.58022904116660345 1.3338528648018826 1.0140558190178106 5.7865433967672288 1.8868064705748109
leaf_count=231 7 325 23 91 56 34 26 514 9 42 8 14 10 173 38 22 12 49 134 41 20 32 46 48 66 11 59 34 207 44
internal_value=0.0010819 0.00030902 -0.000619039 -0.00121584 -0.00184046 -0.00246339 -0.00131297 -0.0019016 0.00147783 -0.00155603 -0.00273444 -0.00407421 -0.0110089 -0.00343406 -0.00224854 0.0114715 -0.00669897 -0.0224061 -0.00641628 0.000974586 0.0233825 -0.0129942 0.000430509 -0.02543 -0.014152 -0.0248522 -0.00368559 -0.00656735 -0.000744147 -0.00518786
internal_weight=37.8621 37.523 36.8371 36.4781 36.0395 35.6153 34.2607 33.8782 24.7093 23.6035 23.092 22.421 9.16887 6.46355 21.6006 5.03281 3.15614 2.3665 16.5678 11.9303 0.813219 5.6067 2.86893 4.63747 2.9731 2.34767 11.0516 10.0213 8.68741 7.67335
internal_count=2426 2419 2094 2071 1840 1784 1750 1724 949 940 898 890 775 261 876 141 119 107 735 476 58 251 78 259 211 145 435 344 285 251
is_linear=0
shrinkage=0.05


Tree=115
num_leaves=31
num_cat=0
split_feature=31 38 30 30 36 35 31 15 31 39 37 38 36 38 38 38 7 0 30 14 36 19 14 36 30 0 7 30 35 30
split_gain=0.692266 0.524774 0.534792 2.21645 0.844001 0.557841 0.554651 1.34354 0.785753 0.646245 0.49793 1.31172 0.550284 1.04592 0.991585 0.540281 1.15352 1.60585 0.475521 0.444201 0.438475 0.516421 0.845604 1.45613 0.67507 0.501323 0.623781 0.307297 0.265421 0.336024
threshold=7.4446138188815985 5.5000000000000009 14.475916880138364 14.430035842780081 27.500000000000004 11.500000000000002 2.9796786852789263 1.0000000180025095e-35 2.9057986818614658 1.0000000180025095e-35 1.5000000000000002 4.5000000000000009 26.500000000000004 3.5000000000000004 2.5000000000000004 1.5000000000000002 1.0000000180025095e-35 11.500000000000002 13.924192733274621 2.5000000000000004 21.500000000000004 1.0000000180025095e-35 1.0000000180025095e-35 20.500000000000004 7.4949861623348548 13.500000000000002 1.0000000180025095e-35 10.947609537023814 10.500000000000002 12.616219892412792
decision_type=2 2 2 2 2 2 2 2 2 2 2 2 2 2 2 2 2 2 2 2 2 2 2 2 2 2 2 2 2 2
left_child=1 2 3 6 5 19 7 8 9 10 11 12 13 14 15 -1 17 -17 20 -4 21 22 23 -8 -24 -22 -27 -26 29 -28
right_child=-2 -3 4 -5 -6 -7 18 -9 -10 -11 -12 -13 -14 -15 -16 16 -18 -19 -20 -21 25 -23 24 -25 27 26 28 -29 -30 -31
leaf_value=-0.027351960976742848 0.050543412843355444 0.059271489007988454 -0.016096913675987458 0.10536856534984398 -0.042146433945743765 0.042728718533929448 -0.0098736608285539245 0.052616515793997114 0.074096850238001818 0.050408900127041481 -0.01579281503451329 0.066615640272735671 0.034527922243459595 -0.044124060794395299 0.08024101487327602 0.10050298118693189 -0.0058595307017972669 -0.040884846549160983 0.023801600871795725 0.039057261609014307 -0.031391393723238264 0.03004500618510645 0.028485296488568537 0.12630492343840577 -0.055419551623067123 -0.043442220899138413 0.01822778169746787 -0.0087095175827182954 0.025713112591002497 -0.036141925631867383
leaf_weight=1.607179097365586 0.65362794022075732 0.35330980707658355 3.2582658255705605 0.49841310176998277 1.9905888058710841 0.58313758892472822 0.68488487845752244 1.3541865876177333 0.35689386236481446 0.58963035396300334 5.0238715376472109 0.76065271347761232 0.94118046457879323 1.466359145240858 0.38620662642642845 0.6391948484815656 3.8839762400602922 0.29282905207946897 1.0069349226541806 0.41112151567358513 3.9782964091282338 1.106069565284997 0.43081044009886715 0.27517075289506465 1.1920289956033228 0.76697971718385849 0.57999147521331929 0.49972165864892293 1.1420403199736027 0.55719363177195191
leaf_count=199 330 31 194 6 52 26 81 137 15 106 494 8 26 89 18 46 67 20 33 19 174 47 32 11 40 34 27 40 21 13
internal_value=-0.000459992 -0.00137042 -0.00196124 0.000807716 -0.0152761 -0.00269817 -0.000957543 0.00480206 0.000742004 -0.000937155 -0.00295531 0.00350859 -0.0016995 -0.00581956 0.00242908 -0.00224952 0.00612758 0.0560809 -0.00911242 -0.00991739 -0.0120681 0.000735955 -0.00978039 0.0291578 -0.0273925 -0.0197031 -0.0044383 -0.041622 0.00868686 -0.00841208
internal_weight=37.2707 36.6171 36.2638 30.0207 6.24311 4.25252 29.5223 17.3022 15.948 15.5911 15.0014 9.97758 9.21693 8.27575 6.80939 6.42318 4.816 0.932024 12.2201 3.66939 11.2132 4.18869 3.08262 0.960056 2.12256 7.0245 3.04621 1.69175 2.27923 1.13719
internal_count=2436 2106 2075 1784 291 239 1778 1225 1088 1073 967 473 465 439 350 332 133 66 553 213 520 251 204 92 112 269 95 80 61 40
is_linear=0
shrinkage=0.05


Tree=116
num_leaves=31
num_cat=0
split_feature=11 38 37 38 29 0 38 38 35 36 39 13 29 38 7 29 7 0 29 4 5 36 29 0 35 36 35 36 36 29
split_gain=0.659215 0.477911 0.515524 2.35436 0.774642 0.688067 0.561539 1.00906 0.472406 0.931866 0.464478 0.436476 1.18239 0.536359 0.948359 0.819149 0.96379 1.36374 0.602405 0.39919 1.15411 0.85108 0.658788 0.713555 0.598385 0.393548 0.617113 0.651479 0.350891 0.275271
threshold=1.0000000180025095e-35 5.5000000000000009 1.5000000000000002 4.5000000000000009 5.2036832726553373 13.500000000000002 2.5000000000000004 4.5000000000000009 5.5000000000000009 18.500000000000004 1.0000000180025095e-35 1.0000000180025095e-35 2.5467889716101815 3.5000000000000004 1.0000000180025095e-35 3.2468620983371328 1.0000000180025095e-35 14.500000000000002 3.1385506848250149 1.5000000000000002 1.0000000180025095e-35 26.500000000000004 3.5447213558571025 11.500000000000002 7.5000000000000009 20.500000000000004 7.5000000000000009 24.500000000000004 18.500000000000004 1.7580705148130871
decision_type=2 2 2 2 2 2 2 2 2 2 2 2 2 2 2 2 2 2 2 2 2 2 2 2 2 2 2 2 2 2
left_child=1 2 3 4 8 6 10 -8 9 -1 -4 19 29 14 -14 16 17 -15 -16 20 21 22 23 24 -10 -9 -27 -28 -12 -13
right_child=-2 -3 5 -5 -6 -7 7 25 11 -11 28 12 13 15 18 -17 -18 -19 -20 -21 -22 -23 -24 -25 -26 26 27 -29 -30 -31
leaf_value=-0.0063625819287289331 0.050139768837873799 0.058908061316876481 -0.036529089824479138 0.064541284488672607 0.051045978255708203 -0.032057929137753446 0.058358224629921518 -0.04321730271565824 0.016351238535767948 0.059239682040532066 0.050294290509992817 0.0054906546185839013 -0.023207068100674379 -0.023050606454443436 0.043520270754828408 -0.04132226240372297 -0.024260920123340524 0.084637325046166834 -0.001785979915992142 -0.028265604461698846 0.050457013982367738 0.026941749521146464 0.018509570118866125 -0.046726155768354843 -0.026979990842020025 0.055899733608214888 -0.041536298792649508 0.013070136212462334 -0.020693865318915525 0.05991321829221833
leaf_weight=1.3988880765391614 0.65254776598885555 0.33462786581367154 1.6411956318188443 1.4429231658577908 0.6912683843402182 2.7828740123659372 0.81930432002991427 0.52646623831242356 1.2652677837759241 0.88302197481971223 0.32360954745672632 0.3032658860320232 1.5714168093400056 0.5402636076323688 1.7648425203515219 1.8736941446550188 1.5601745937019587 0.64495826000347733 1.2557265819050369 2.739965614164249 0.81001698412001122 1.1824957802891729 0.99626834411174048 2.3504412840120494 2.1516395159997046 0.4743860894814137 0.85304354270920191 1.5184826916083691 0.37672552280128002 0.99363060062751174
leaf_count=39 334 25 388 13 193 154 27 48 37 14 79 21 103 38 36 58 36 11 24 169 122 12 25 132 97 15 65 37 29 80
internal_value=0.000333495 -0.000567536 -0.00112445 0.00244161 -0.00114586 -0.0112377 -0.00236917 0.00858683 -0.00263143 0.0190233 -0.021982 -0.00487711 0.00248859 -0.00380484 0.00829614 -0.0158348 0.00156002 0.0355496 0.0246853 -0.0116097 -0.00639775 -0.0121935 -0.0190355 -0.0255212 -0.0109346 -0.00350491 0.0038415 -0.00657193 0.0121082 0.0471871
internal_weight=36.7234 36.0709 35.7363 26.4202 24.9772 9.31609 6.53321 4.19168 24.286 2.28191 2.34153 22.0041 10.508 9.21108 4.59199 4.61909 2.7454 1.18522 3.02057 11.4961 8.75613 7.94611 6.76362 5.76735 3.41691 3.37238 2.84591 2.37153 0.700335 1.2969
internal_count=2461 2127 2102 1260 1247 842 688 192 1054 53 496 1001 407 306 163 143 85 49 60 594 425 303 291 266 134 165 117 102 108 101
is_linear=0
shrinkage=0.05


Tree=117
num_leaves=31
num_cat=0
split_feature=5 17 17 2 36 35 31 30 36 30 30 30 30 31 36 19 30 15 35 31 7 13 30 36 36 31 35 35 21 35
split_gain=0.697022 2.1225 1.1239 0.651656 0.522095 0.57131 0.708506 1.18194 0.933365 0.691218 0.537627 0.839909 1.03307 0.516072 0.389301 0.353838 0.334983 0.493563 0.417578 0.525553 0.469565 0.326751 0.425362 0.299795 0.747802 0.858803 0.589435 0.50191 0.406923 0.283614
threshold=1.0000000180025095e-35 1.0000000180025095e-35 1.0000000180025095e-35 1.0000000180025095e-35 24.500000000000004 8.5000000000000018 2.773112293567868 5.9478512286391902 19.500000000000004 18.872445147399201 8.5850002514866244 13.636219711736683 14.82797639961022 4.0775433490844391 13.500000000000002 1.0000000180025095e-35 12.500703125779255 1.0000000180025095e-35 12.500000000000002 2.054090377967555 1.0000000180025095e-35 1.0000000180025095e-35 10.483253181921015 27.500000000000004 21.500000000000004 3.0375270496321396 10.500000000000002 10.500000000000002 1.0000000180025095e-35 7.5000000000000009
decision_type=2 2 2 2 2 2 2 2 2 2 2 2 2 2 2 2 2 2 2 2 2 2 2 2 2 2 2 2 2 2
left_child=2 -2 3 -1 5 6 7 -5 -9 16 -6 21 -13 14 -8 -3 17 18 19 20 -7 22 -12 24 25 28 -26 -25 -17 -15
right_child=1 15 -4 4 10 9 13 8 -10 -11 11 12 -14 29 -16 23 -18 -19 -20 -21 -22 -23 -24 27 26 -27 -28 -29 -30 -31
leaf_value=0.050077547491591407 0.050717275370340632 -0.041480705691912506 0.050392838882558161 -0.032380891846076572 0.020908833255518275 -0.044655773491637324 0.021092424435413999 -0.0012263393420850121 0.047810422531175553 0.047269985819855573 -0.0071228079434815092 0.043076304452204846 -0.016261883680294638 0.025542785388718112 -0.041918425378781453 0.009237348031466126 -0.049552573002168275 0.011064715935324468 0.033348897945043476 -0.0497679261466073 0.0067359719966019254 -0.0043407846658662435 -0.055260754861824461 0.0292575067321608 -0.044015590606541533 0.042656025261589681 0.016132287364004252 -0.010268563472667693 -0.045652297153047777 -0.029615347695041261
leaf_weight=0.47741058329120889 2.401254337804855 0.54530412226449687 0.85865549952722986 1.500778895802801 2.4414390047313628 0.73795177508145449 0.27450156165286976 2.2723682917421688 1.6936510324012486 0.31641920749098051 0.73250949900830176 1.4206951130181553 1.5164249643567016 0.68046623771078862 2.2908740303828381 0.73058176308404676 1.4579125803429631 0.9078386784531175 0.24913275986909855 2.2168038758682087 1.1176506219198927 1.2219864311045967 1.2286086070816962 1.819552288099658 1.6559861339628699 1.1448453388875348 0.54018833430018265 1.437801598513033 0.62780865468084812 0.35444056219421327
leaf_count=334 305 15 154 152 37 179 25 90 37 35 22 16 41 41 150 87 93 44 3 220 37 27 39 35 71 65 38 39 20 16
internal_value=-0.0014026 0.00920677 -0.00585713 -0.00778065 -0.00890202 -0.0142152 -0.00592968 0.00541284 0.0197143 -0.0249416 0.00107108 -0.00684246 0.0124402 -0.0231526 -0.0351761 -0.00251711 -0.0283584 -0.0224497 -0.0294901 -0.0333344 -0.0137019 -0.024635 -0.0372804 0.000153197 -0.00792705 0.010755 -0.0292211 0.0118106 -0.0161311 0.00665193
internal_weight=36.8718 10.9033 25.9685 25.1099 24.6325 16.0708 9.06708 5.4668 3.96602 7.00371 8.56166 6.12022 2.93712 3.60028 2.56538 8.50207 6.68729 5.22938 4.32154 4.07241 1.8556 3.1831 1.96112 7.95676 4.69941 2.50324 2.19617 3.25735 1.35839 1.03491
internal_count=2467 675 1792 1638 1304 1122 511 279 127 611 182 145 57 232 175 370 576 483 439 436 216 88 61 355 281 172 109 74 107 57
is_linear=0
shrinkage=0.05


Tree=118
num_leaves=31
num_cat=0
split_feature=11 37 38 29 23 38 30 0 30 30 7 30 29 30 30 30 0 38 38 39 30 36 30 36 30 29 15 38 0 29
split_gain=0.582275 0.449916 2.00359 0.640097 0.534486 0.433162 0.420979 0.812148 0.399309 1.18401 0.589298 0.754092 0.477403 0.44083 0.318306 0.450789 0.335539 0.354753 1.02392 0.45617 0.464157 0.321172 0.309225 0.299831 0.274181 0.784496 0.778676 0.930624 0.70706 1.25521
threshold=1.0000000180025095e-35 1.5000000000000002 4.5000000000000009 5.2036832726553373 1.0000000180025095e-35 5.5000000000000009 11.314619380816618 13.500000000000002 14.430035842780081 14.82797639961022 1.0000000180025095e-35 16.5890620846635 3.3300921486066026 13.636219711736683 15.975363800943597 13.924192733274621 13.500000000000002 2.5000000000000004 4.5000000000000009 1.0000000180025095e-35 10.340253589394459 21.500000000000004 13.803863262773012 24.500000000000004 10.135806659779414 3.1385506848250149 1.0000000180025095e-35 1.5000000000000002 11.500000000000002 2.6561704564304831
decision_type=2 2 2 2 2 2 2 2 2 2 2 2 2 2 2 2 2 2 2 2 2 2 2 2 2 2 2 2 2 2
left_child=1 2 3 4 6 14 7 24 12 -10 11 -11 22 23 15 16 17 19 -19 -3 -21 -20 -8 -14 25 26 27 -1 29 -29
right_child=-2 5 -4 -5 -6 -7 8 -9 9 10 -12 -13 13 -15 -16 -17 -18 18 21 20 -22 -23 -24 -25 -26 -27 -28 28 -30 -31
leaf_value=-0.034480144265566927 0.050146207194721827 -0.037254982124465645 0.063676179874659775 0.050957746424188058 0.052183327701272757 0.059963497644764191 -0.023019572551301583 0.072659035032685837 0.060554366946360953 0.036138594337580543 -0.031252225279786272 -0.024106955592725153 0.0087155159440397059 0.030198422545986977 -0.038682067796512669 0.034081070650655194 -0.032144956984799231 0.05824299526110599 -0.039498776069038122 0.050290018117864405 -0.033142649571067391 -0.00056203813202957244 -0.06267274459189931 -0.045003763340080709 0.015021558698047938 -0.048322696108190656 0.050982968034436117 0.0025134103389050362 -0.020816784908609144 0.0598444460891914
leaf_weight=1.7346333642490259 0.6259512027609152 1.4695330013055303 1.3729197320062656 0.64104687888175149 0.48725861194543441 0.23007552442140955 2.4139426609035568 0.42560475808568377 0.71866463567130257 1.1263846736401322 1.7049319476354869 0.96390481968410302 0.48972267773933686 0.76490693166851986 0.84836097247898656 0.63149000727571536 1.3866413391660897 0.70737647765781719 0.64613539353013072 0.36764166713692237 0.30498934513889253 2.9368047136813402 0.61740027368068684 0.55313532520085573 3.3607978464569905 0.8206833603326239 0.76565529766958285 4.3836668932344764 1.827230888768099 1.2205395445926113
leaf_count=195 333 369 12 192 36 21 110 9 16 43 39 42 35 26 41 35 81 27 58 96 12 116 12 20 157 16 114 106 78 18
internal_value=0.00233689 0.0015038 0.00486609 0.00163903 0.000342194 -0.00780888 -0.000715074 0.0046083 -0.00899002 0.00170685 -0.00943654 0.00835729 -0.018968 0.00136854 -0.00948571 -0.00655467 -0.0098365 -0.0050275 0.00326959 -0.0216449 0.0124594 -0.00758376 -0.0310958 -0.0197774 0.00255613 -0.0013401 0.00254219 -0.00150414 0.00619307 0.0149995
internal_weight=36.548 35.9221 26.393 25.0201 24.3791 9.52905 23.8918 14.5388 9.35299 4.51389 3.79522 2.09029 4.83911 1.80776 9.29897 8.45061 7.81912 6.43248 4.29032 2.14216 0.672631 3.58294 3.03134 1.04286 14.1132 10.7524 9.93173 9.16607 7.43144 5.60421
internal_count=2465 2132 1276 1264 1072 856 1036 693 343 140 124 85 203 81 835 794 759 678 201 477 108 174 122 55 684 527 511 397 202 124
is_linear=0
shrinkage=0.05


Tree=119
num_leaves=31
num_cat=0
split_feature=11 6 39 5 2 35 29 5 17 36 36 30 35 30 30 30 38 38 35 29 16 36 35 7 30 30 14 30 35 29
split_gain=0.628391 0.500844 0.458145 0.554572 0.45468 0.420762 0.335052 0.32501 2.75978 0.593643 0.796458 0.919404 0.721524 0.726342 0.666947 0.657092 0.790469 0.996492 0.760576 0.430875 0.607161 0.631819 0.560718 1.20162 0.672223 0.404792 0.525138 0.341829 0.33617 0.297452
threshold=1.0000000180025095e-35 1.5000000000000002 1.0000000180025095e-35 1.0000000180025095e-35 1.0000000180025095e-35 12.500000000000002 3.3300921486066026 1.0000000180025095e-35 1.0000000180025095e-35 24.500000000000004 27.500000000000004 13.636219711736683 9.5000000000000018 9.0004091861251769 8.5850002514866244 9.1807601708548869 3.5000000000000004 2.5000000000000004 5.5000000000000009 3.3300921486066026 1.0000000180025095e-35 18.500000000000004 6.5000000000000009 1.0000000180025095e-35 7.9383696242776152 14.268928916553925 1.0000000180025095e-35 14.206613927459331 10.500000000000002 3.3300921486066026
decision_type=2 2 2 2 2 2 2 2 2 2 2 2 2 2 2 2 2 2 2 2 2 2 2 2 2 2 2 2 2 2
left_child=1 2 4 -4 -1 7 -7 9 -9 12 11 14 13 19 -11 -15 17 18 -17 20 21 22 24 -24 -6 26 28 -20 -10 -16
right_child=-2 -3 3 -5 5 6 -8 8 25 10 -12 -13 -14 15 29 16 -18 -19 27 -21 -22 -23 23 -25 -26 -27 -28 -29 -30 -31
leaf_value=0.050100599002117878 0.050133628190689922 0.050458055801038439 0.050393094685512368 -0.006695418822932832 -0.043380033328753363 -0.0032004660734158297 0.043070000846386715 0.050704672447079435 -0.051383971848019364 0.01567873641742425 -0.031170170987803732 0.042731355534824933 -0.032478592591313686 0.045818506299905679 -0.041610753678447097 0.044844659236967788 -0.033578153795639921 0.068828046545764646 -0.032708729298305143 -0.080071628129504802 0.050839135711114904 -0.05085422190894754 -0.050198055115912549 0.058557953752462838 0.018970362635370067 -0.037717054373538894 0.0043352356530093408 0.020064757128386901 -0.0070068929063477449 0.00075101779298118786
leaf_weight=0.37955509196035464 0.58178863482316856 0.4445334246265692 0.86503389268182107 0.83703736506868154 1.4922029168810791 0.76949466700898372 0.79591417848132551 2.168979449401375 0.88776605809107401 2.3142377885524175 1.4166424847207961 1.6089062918908892 4.2986808633431783 0.83389624208211888 1.0724081988446412 0.61237467557657588 1.3980827815830705 0.61261322395876039 1.2917923599015919 0.29464497603476036 0.30213660933077324 1.3629915541969237 0.40027115074917652 0.69492793083190918 0.6086005177348851 1.4616291420534251 3.1672119866125286 0.40243623906280834 0.82180852326564491 0.67535318108275522
leaf_count=237 331 62 164 34 115 31 11 288 77 24 35 24 360 10 36 21 105 10 81 3 37 64 119 6 23 29 50 31 33 14
internal_value=-0.00139507 -0.00226929 -0.00296177 0.0223183 -0.00430033 -0.00495033 0.0203252 -0.00626046 0.00202229 -0.00950869 0.00236493 0.0107423 -0.0152705 -0.0080936 -0.00192816 0.00518548 -0.00266288 0.0121432 -0.0029118 -0.0213609 -0.0178023 -0.0223513 -0.0101958 0.01881 -0.0253172 -0.0146366 -0.00771915 -0.0201733 -0.0300515 -0.0252417
internal_weight=34.874 34.2922 33.8476 1.70207 32.1456 31.766 1.56541 30.2006 8.5074 21.6932 7.08755 5.67091 14.6057 10.307 4.062 5.1512 4.3173 2.91922 2.3066 5.15578 4.86113 4.55899 3.196 1.0952 2.1008 6.33842 4.87679 1.69423 1.70957 1.74776
internal_count=2465 2134 2072 198 1874 1637 42 1595 477 1118 133 98 985 625 74 258 248 143 133 367 364 327 263 125 138 189 160 112 110 50
is_linear=0
shrinkage=0.05


Tree=120
num_leaves=31
num_cat=0
split_feature=11 6 2 37 38 38 39 38 38 29 30 4 36 29 7 0 29 13 36 38 36 29 36 36 35 30 35 30 7 4
split_gain=0.581424 0.478995 0.39608 0.340591 2.03619 0.581952 0.369152 0.367706 0.991492 0.390086 0.413831 0.551684 0.382496 0.307082 0.467651 0.430678 0.338896 0.56953 0.43003 0.42218 0.434946 0.568252 0.602632 0.409147 0.622712 0.361469 1.15481 0.532178 1.2125 0.503072
threshold=1.0000000180025095e-35 1.5000000000000002 1.0000000180025095e-35 1.5000000000000002 4.5000000000000009 5.5000000000000009 1.0000000180025095e-35 2.5000000000000004 4.5000000000000009 3.6127552040097792 13.924192733274621 1.5000000000000002 21.500000000000004 3.6127552040097792 1.0000000180025095e-35 12.500000000000002 2.773112293567868 1.0000000180025095e-35 22.500000000000004 1.5000000000000002 20.500000000000004 2.5467889716101815 26.500000000000004 19.500000000000004 6.5000000000000009 13.855458662553419 9.5000000000000018 14.475916880138364 1.0000000180025095e-35 1.5000000000000002
decision_type=2 2 2 2 2 2 2 2 2 2 2 2 2 2 2 2 2 2 2 2 2 2 2 2 2 2 2 2 2 2
left_child=1 2 -1 4 13 6 7 -5 -9 10 11 12 -10 16 15 -15 17 19 -19 -4 23 22 -22 24 -21 29 -27 -28 -29 -18
right_child=-2 -3 3 5 -6 -7 -8 8 9 -11 -12 -13 -14 14 -16 -17 25 18 -20 20 21 -23 -24 -25 -26 26 27 28 -30 -31
leaf_value=0.050096700626290652 0.050133158926302462 0.05044367369903309 -0.033107916251857709 -0.036848024921377197 0.063549565189393864 0.058596720736603825 0.019693269752426818 0.055529825984560827 -0.042671913698943513 -0.043718801691940812 0.027079149712090824 -0.046856577301071733 0.0024042187306372951 0.064040594424971467 -0.011742852225459526 0.0049849859044708194 -0.0067377043771470026 0.0026827559379253964 0.053209042114180677 -0.012949493392581833 -0.033412623036338629 0.023382495129230289 0.028492674749067345 0.047966102839133586 0.039754628787270992 -0.041129141444132405 0.044649591535602579 0.035973227736256379 -0.041191508038910044 -0.033320915707732095
leaf_weight=0.36590603517833997 0.56525272276485239 0.4469937116955397 1.0026533249765721 1.6570685391779933 1.2307164829689998 0.29613861179677847 0.80398646485991854 0.523357658763416 0.57179523329250548 1.0620769371744243 0.64339642180129875 1.0794671091716734 2.6598290600813925 0.64164330635685407 0.90041267499327649 0.59500978025607765 4.9945207056589407 0.80215015937574186 0.88654135819524527 1.6155520441243432 2.1620735826436439 0.92477190122008313 0.48049986688420165 0.72854329179972399 0.85815463645849366 1.1531289103440938 1.1394741187104958 1.15938464878127 0.90759916300885368 2.7650116307195276
leaf_count=242 328 65 155 397 12 18 131 24 55 54 19 52 90 50 26 32 226 60 14 39 104 18 13 15 33 52 15 36 19 86
internal_value=-0.000173079 -0.000984188 -0.00164837 -0.00220126 0.000842745 -0.0103695 -0.0126386 -0.0158098 -0.0104792 -0.0162211 -0.0103265 -0.0159089 -0.00557144 -0.0024112 0.0156682 0.0356263 -0.0042016 0.00289002 0.0292084 -0.00282823 0.00165654 -0.0103512 -0.0221564 0.0150333 0.00533412 -0.00973776 0.00178257 0.0172148 0.00209069 -0.0162103
internal_weight=35.6231 35.0579 34.6109 34.245 24.9478 9.29712 9.00098 8.19699 6.53992 6.01656 4.95449 4.31109 3.23162 23.7171 2.13707 1.23665 21.5801 9.46094 1.68869 7.77225 6.7696 3.56735 2.64257 3.20225 2.47371 12.1191 4.35959 3.20646 2.06698 7.75953
internal_count=2480 2152 2087 1845 1005 840 822 691 294 270 216 197 145 993 108 82 885 451 74 377 222 135 117 87 72 434 122 70 55 312
is_linear=0
shrinkage=0.05


Tree=121
num_leaves=31
num_cat=0
split_feature=29 38 31 30 0 30 30 32 0 30 30 30 36 35 23 35 0 17 29 29 3 30 29 30 35 36 13 2 36 39
split_gain=0.633 0.604572 0.497529 0.408683 0.530154 0.474136 1.20994 0.826057 0.472454 0.375167 0.363648 0.357409 0.608983 0.674348 0.582104 0.408119 0.322563 0.425498 0.248684 0.242634 0.228257 0.200579 0.705931 0.566716 0.808706 0.884636 0.564498 0.559258 0.481191 0.383531
threshold=1.8505551827656268 4.5000000000000009 7.4446138188815985 15.44954990788453 14.500000000000002 14.82797639961022 14.430035842780081 13.668488641959945 13.500000000000002 13.631613181452218 16.150679585873466 11.314619380816618 26.500000000000004 12.500000000000002 1.0000000180025095e-35 11.500000000000002 13.500000000000002 1.0000000180025095e-35 2.5467889716101815 3.438811922224569 3.5000000000000004 8.4970819437662879 3.1385506848250149 8.7410881328088816 7.5000000000000009 20.500000000000004 1.0000000180025095e-35 1.5000000000000002 21.500000000000004 1.0000000180025095e-35
decision_type=2 2 2 2 2 2 2 2 2 2 2 2 2 2 2 2 2 2 2 2 2 2 2 2 2 2 2 2 2 2
left_child=1 -1 3 4 5 6 7 9 -5 11 -10 12 13 19 15 16 20 -18 -14 21 -13 22 26 -23 25 -25 29 28 -28 -2
right_child=2 -3 -4 8 -6 -7 -8 -9 10 -11 -12 14 18 -15 -16 -17 17 -19 -20 -21 -22 23 -24 24 -26 -27 27 -29 -30 -31
leaf_value=-0.0052223875297497911 -0.013426074264632224 -0.045361848027498292 0.050441216684614244 0.038128154570109429 0.035617631919006597 -0.040508564127183483 0.070309805053607996 -0.039210970065718706 -0.046527704560545113 0.057350933910609928 -0.010146054109635485 -0.031844968639297248 0.059932150467699299 0.050806339061203833 0.041339829746084952 -0.04178196891555877 0.031054507761483153 -0.0151185058246059 0.019434316475174025 -0.025727664418292079 0.015063225262250863 0.064181946030222439 -0.064994734541303764 -0.00077194041905587728 -0.012932913195798756 0.058045099539450064 0.021292858834119081 -0.031684936603553752 0.088779849392160826 0.050274621067063152
leaf_weight=2.7841479548951602 4.0784823232097818 1.414790469483705 0.52027153398375858 0.41333329491317172 1.2289517480530765 0.6400484861806025 0.65121311752591182 1.1987288118107233 0.87532643403392274 0.31786582595668633 3.189683293690905 1.3335789388511319 0.63845021824817993 0.70511359360534775 0.52243377524428058 1.0490302672260439 0.96256000210996706 1.0359543848317116 0.93308566190535203 0.81855889572762031 0.32194741442799579 0.43212564106215712 0.43671564606484015 1.447718079434708 2.9981280009960756 1.1448313596192745 1.4339881666237491 0.40143854357302178 0.32376441324595351 0.25082537857815612
leaf_count=213 456 77 349 49 43 35 21 64 34 12 147 81 16 17 27 43 48 32 37 83 21 22 9 71 211 20 106 66 12 69
internal_value=-0.000553149 -0.018747 0.00196779 0.00112104 0.00358494 0.00194989 0.00310942 0.00118881 -0.0128016 0.00343225 -0.0179802 0.00262643 0.00632557 0.00311539 -0.00873058 -0.0142926 -0.00640071 0.00712016 0.0358869 0.000672692 -0.0227228 0.00234169 -0.00346187 0.00901481 0.00475072 0.0252008 0.000679672 0.0215627 0.0337234 -0.00973547
internal_weight=34.5031 4.19894 30.3042 29.7839 25.3055 24.0766 23.4365 22.7853 4.47834 21.5866 4.06501 21.2687 16.0432 14.4717 5.2255 4.70307 3.65404 1.99851 1.57154 13.7666 1.65553 12.948 6.92521 6.0228 5.59068 2.59255 6.4885 2.15919 1.75775 4.32931
internal_count=2491 290 2201 1852 1622 1579 1544 1523 230 1459 181 1447 1195 1142 252 225 182 80 53 1125 102 1042 718 324 302 91 709 184 118 525
is_linear=0
shrinkage=0.05


Tree=122
num_leaves=31
num_cat=0
split_feature=39 11 36 37 38 29 38 0 38 38 38 38 36 30 30 29 30 5 30 8 15 0 38 35 30 29 35 0 4 5
split_gain=0.567999 0.508224 0.507752 0.496168 1.52253 0.655015 0.573748 0.586155 0.603151 0.858856 0.399412 1.03774 0.79931 0.781226 0.83951 0.68313 0.81125 0.67228 0.651836 0.617344 0.528363 1.06242 1.04622 0.692603 0.52903 0.384994 0.364336 0.50263 0.340886 0.281069
threshold=1.0000000180025095e-35 1.0000000180025095e-35 27.500000000000004 1.5000000000000002 4.5000000000000009 5.2036832726553373 5.5000000000000009 13.500000000000002 2.5000000000000004 4.5000000000000009 3.5000000000000004 2.5000000000000004 26.500000000000004 12.238167027044883 13.6877311711388 3.9976927939054847 13.57412943990362 1.0000000180025095e-35 14.475916880138364 1.0000000180025095e-35 1.0000000180025095e-35 11.500000000000002 1.5000000000000002 7.5000000000000009 8.3521258042538076 2.9057986818614658 10.500000000000002 12.500000000000002 1.5000000000000002 1.0000000180025095e-35
decision_type=2 2 2 2 2 2 2 2 2 2 2 2 2 2 2 2 2 2 2 2 2 2 2 2 2 2 2 2 2 2
left_child=1 3 -2 4 5 10 7 8 29 -10 11 20 15 -14 -15 16 17 -12 -18 -16 21 22 -1 -22 -24 26 27 -11 -19 -5
right_child=2 -3 -4 6 -6 -7 -8 -9 9 25 12 -13 13 14 19 -17 18 28 -20 -21 23 -23 24 -25 -26 -27 -28 -29 -30 -31
leaf_value=-0.033974254471998082 0.0504657925305141 0.050123742841799296 -0.018254421630690087 -0.050144641454680595 0.063325528401391745 0.050987668351806181 0.05767111917783474 -0.033503286950062501 0.057037125911713116 0.010907314755104884 -0.054937191477928408 0.055848253593166114 0.045269305936649087 -0.046539418315527895 0.032815491018462525 0.034810754759213712 0.027413722221881782 0.050361983729056516 -0.034192689420039418 -0.016907451265349555 -0.011322094616738823 -0.038907433565938551 0.0036374659344450833 0.041850352578401653 0.035643597389433734 0.032529841413743064 -0.050399250694749792 -0.043495630668739141 -0.034499330702851674 -0.0038532780856032007
leaf_weight=1.4855636279098741 1.0627402369864274 0.51442066277377207 0.35979896457865823 0.85306678549386361 1.0220779636874784 0.63689273153431614 0.29555524248280551 2.4572860449552536 0.6817051870748404 1.5879452449735265 2.382719468325377 0.93943535757716823 1.0363017157651482 0.87449017213657532 1.3797558220103383 0.48221396119333793 0.93983223708346464 0.25018069660291065 0.79051347798667848 1.140022672014311 0.99542587692849283 1.7828031694516537 4.6112535543506965 1.5916846090694887 1.7931335389148442 0.57282226858660568 0.51566048641689111 0.57950422796420742 0.22456025099381804 0.53265585540793836
leaf_count=182 180 327 11 314 9 192 22 141 28 61 120 51 22 29 27 21 33 41 42 24 54 90 108 127 23 33 19 44 12 65
internal_value=0.00215078 0.00081526 0.0330846 3.32261e-05 0.00359406 0.000978013 -0.0107067 -0.0133041 -0.00398009 0.00600404 -0.000425112 0.00520178 -0.00824263 0.0072715 -0.00432959 -0.0218001 -0.0277503 -0.0441117 -0.000731346 0.0103194 0.0013209 -0.00404727 0.00382969 0.0213915 0.0125987 -0.00468092 -0.0126251 -0.00363823 0.0102212 -0.0323508
internal_weight=34.372 32.9495 1.42254 32.4351 24.3589 23.3368 8.0762 7.78065 5.32336 3.93764 22.6999 13.1993 9.50059 4.43057 3.39427 5.07002 4.58781 2.85746 1.73035 2.51978 12.2599 9.67275 7.88995 2.58711 6.40439 3.25593 2.68311 2.16745 0.474741 1.38572
internal_count=2452 2261 191 1934 1207 1198 727 705 564 185 1006 635 371 102 80 269 248 173 75 51 584 403 313 181 131 157 124 105 53 379
is_linear=0
shrinkage=0.05


Tree=123
num_leaves=31
num_cat=0
split_feature=11 37 38 36 38 38 36 36 31 38 31 21 15 36 4 35 36 30 35 5 36 36 31 17 38 35 36 5 35 36
split_gain=0.525137 0.496757 1.67113 0.61698 0.754665 1.23267 0.622175 1.05746 0.658569 0.544961 0.439216 0.76431 0.50376 0.48067 0.437076 0.37674 0.782795 0.694661 0.362363 0.98924 0.958424 1.58464 1.20705 0.858423 0.353874 0.334019 0.738361 0.332086 0.330015 0.284018
threshold=1.0000000180025095e-35 1.5000000000000002 4.5000000000000009 32.500000000000007 3.5000000000000004 2.5000000000000004 22.500000000000004 23.500000000000004 5.2036832726553373 5.5000000000000009 2.5467889716101815 1.0000000180025095e-35 1.0000000180025095e-35 19.500000000000004 1.5000000000000002 7.5000000000000009 27.500000000000004 6.7337778803056185 11.500000000000002 1.0000000180025095e-35 27.500000000000004 26.500000000000004 3.5447213558571025 1.0000000180025095e-35 1.5000000000000002 10.500000000000002 24.500000000000004 1.0000000180025095e-35 6.5000000000000009 22.500000000000004
decision_type=2 2 2 2 2 2 2 2 2 2 2 2 2 2 2 2 2 2 2 2 2 2 2 2 2 2 2 2 2 2
left_child=1 2 3 4 5 6 8 -8 10 15 12 -12 24 -13 -9 16 28 25 19 -6 21 22 -20 -21 -1 26 -17 -19 -3 -27
right_child=-2 9 -4 -5 18 -7 7 14 -10 -11 11 13 -14 -15 -16 17 -18 27 20 23 -22 -23 -24 -25 -26 29 -28 -29 -30 -31
leaf_value=-0.026306429237365966 0.050119965252202303 -0.020641631815553837 0.062329854557234436 0.062845039694633995 -0.042527976465383727 0.060570948765588856 0.060895549141800266 0.027004634735878032 0.051009383284091853 0.057464672713066267 -0.050697352147760333 0.016107281679523033 0.050848093596610217 -0.022529458816544716 -0.023093789650945225 -0.0071152438463351099 0.077393433630801742 -0.046107468688707687 -0.043724346030749886 0.050868759250527418 -0.04412052229273538 0.058459286692232729 0.034895720796611567 -0.018753447222235771 0.0064528231993644745 0.012767808856088329 0.081237992508381596 -0.017356580559509255 0.020323592271443414 -0.053932337706969403
leaf_weight=1.1257341860327903 0.50213998416438599 1.61287824285682 1.1055737358983595 0.37683205562643607 2.666305840248242 0.9537111938698225 1.0894785014097572 0.76093999581644278 0.50881416699849147 0.2756661112362061 1.3105574711225925 1.4396371687762441 0.49837015103548754 1.825998982065357 1.0175160294165835 0.69306980969849952 0.30223864084109653 2.1183937044115737 1.3256840726826342 0.65587011864408862 1.042088280431926 1.1400591498240831 0.7727929139509796 1.3624269391875714 3.0793741655070335 0.29967077588662494 0.35892107337713242 1.9098347245017064 0.70720556017477054 0.34145045839250088
leaf_count=161 327 221 11 7 178 53 33 28 161 23 58 67 93 36 57 140 5 244 49 78 30 9 13 39 95 68 3 98 43 9
internal_value=-0.000623797 -0.00140356 0.00228646 -0.00060574 -0.00166487 0.00575471 0.00162409 0.0221048 -0.00437655 -0.0117029 -0.00741342 -0.0184415 0.00331622 -0.00549667 -0.0016584 -0.0139882 0.00170528 -0.0211811 -0.0129286 -0.0225376 -0.00241272 0.0110079 -0.0147714 0.00387113 -0.00231704 0.00569223 0.0230294 -0.0324763 -0.00815465 -0.0227556
internal_weight=33.1792 32.6771 24.0578 22.9522 22.5754 13.6101 12.6564 2.86793 9.78849 8.61933 9.27967 4.57619 4.70348 3.26564 1.77846 8.34366 2.62232 5.72134 8.96523 4.6846 4.28062 3.23854 2.09848 2.0183 4.20511 1.69311 1.05199 4.02823 2.32008 0.641121
internal_count=2437 2110 1256 1245 1238 842 789 118 671 854 510 161 349 103 85 831 269 562 396 295 101 71 62 117 256 220 143 342 264 77
is_linear=0
shrinkage=0.05


Tree=124
num_leaves=31
num_cat=0
split_feature=36 11 15 38 6 8 36 29 39 29 0 36 30 3 8 5 0 30 30 29 29 36 36 36 30 36 36 30 8 36
split_gain=0.844146 0.495336 0.417651 0.568688 0.395668 0.37973 0.449089 0.543079 0.690009 0.671879 0.548905 0.559274 0.528618 0.632319 0.47557 0.581615 0.401792 0.648051 0.812103 0.698821 0.67783 0.523191 0.779029 0.476471 0.552313 0.420386 0.364311 0.336014 0.318168 0.312458
threshold=32.500000000000007 1.0000000180025095e-35 1.0000000180025095e-35 1.5000000000000002 1.5000000000000002 1.5000000000000002 28.500000000000004 2.9057986818614658 1.0000000180025095e-35 2.9796786852789263 12.500000000000002 19.500000000000004 4.1698471900137752 3.5000000000000004 1.0000000180025095e-35 1.0000000180025095e-35 11.500000000000002 13.636219711736683 14.475916880138364 3.814089410479828 3.0375270496321396 26.500000000000004 24.500000000000004 22.500000000000004 8.3521258042538076 22.500000000000004 26.500000000000004 12.500703125779255 1.0000000180025095e-35 18.500000000000004
decision_type=2 2 2 2 2 2 2 2 2 2 2 2 2 2 2 2 2 2 2 2 2 2 2 2 2 2 2 2 2 2
left_child=1 2 4 -4 5 6 7 8 10 -9 11 12 14 -14 15 -1 23 19 21 26 -20 22 -19 24 -11 -22 -18 -8 -5 -26
right_child=-2 -3 3 28 -6 -7 27 9 -10 16 -12 -13 13 -15 -16 -17 17 18 20 -21 25 -23 -24 -25 29 -27 -28 -29 -30 -31
leaf_value=-0.050209512862002682 0.079806644250067671 0.050112333488112372 0.050916629959731563 -0.020316935237891798 0.050405097341901232 0.052675442406864663 -0.001314746656731976 0.074241070301363093 0.05035917525832815 -0.023672047572815238 -0.039563978594048477 0.00098155336451254973 -0.045454642301004426 0.0070409791066235617 0.056630394519351493 0.050720735786294636 -0.032572344388304059 -0.036739775938668597 0.057193868706430943 0.02389086925759672 0.010158823712909973 0.068909226469496002 0.048477510312029189 0.077462943467769441 -0.0023193048463434874 -0.034772435270382256 0.0027269978915713277 -0.042705995248342427 0.013378053910541494 0.046057233003245303
leaf_weight=0.4232577353250323 0.33369603240862389 0.48342116898856957 0.81847185152582724 0.93711440172046456 0.34015727008227159 0.29385596117935975 0.79546999101876226 0.34004250259022128 0.4591479869559415 0.71859091357327987 1.5816894971067093 6.6139720123901498 2.3504439165117224 0.75881810416467477 0.3457606602460146 0.2153630789835006 2.9411441696574898 0.43982394947670378 0.35877263266593251 0.95571356255095441 0.86187170323682982 0.75967554748058308 0.68723804270848632 0.32173461967613537 0.50444381474517264 1.3146611114498226 0.97266406379640091 1.2781820264644919 2.7758155077463016 0.98659219231922179
leaf_count=123 8 336 162 26 51 20 22 18 104 37 126 262 287 52 4 27 209 44 9 62 112 5 11 7 97 80 29 36 71 34
internal_value=0.000685231 -0.00012382 -0.000879181 0.0131901 -0.00318749 -0.00385577 -0.00447137 -0.00261039 -0.00982135 0.00494769 -0.0120698 -0.00800845 -0.0225333 -0.032643 0.00939917 -0.0161726 0.00295473 -0.00185633 0.0120004 -0.0144398 -0.00648394 0.0368388 0.0152224 0.0206141 0.0123366 -0.0169804 -0.0237997 -0.026828 0.0048737 0.0296906
internal_weight=32.9676 32.6339 32.1505 4.5314 27.6191 27.2789 26.9851 24.9114 12.7485 12.163 12.2893 10.7076 4.09364 3.10926 0.984381 0.638621 11.8229 9.29156 4.42204 4.86952 2.53531 1.88674 1.12706 2.53136 2.20963 2.17653 3.91381 2.07365 3.71293 1.49104
internal_count=2471 2463 2127 259 1868 1817 1797 1739 985 754 881 755 493 339 154 150 736 561 261 300 201 60 55 175 168 192 238 58 97 131
is_linear=0
shrinkage=0.05


Tree=125
num_leaves=31
num_cat=0
split_feature=11 16 38 29 36 21 38 18 6 35 36 35 36 36 3 29 36 36 7 35 29 30 30 30 38 7 30 30 36 7
split_gain=0.463294 0.480458 0.738688 0.505045 0.498131 0.564152 0.809106 0.411865 0.419241 0.377364 0.846458 0.703442 0.76634 0.867944 0.616036 0.584343 0.547328 0.605068 0.795626 0.660538 0.940951 1.8153 0.692789 0.614711 0.500885 0.845517 0.32757 0.436086 0.478118 0.450626
threshold=1.0000000180025095e-35 1.0000000180025095e-35 3.5000000000000004 1.5834811329248921 19.500000000000004 1.0000000180025095e-35 1.5000000000000002 1.5000000000000002 1.5000000000000002 7.5000000000000009 18.500000000000004 11.500000000000002 28.500000000000004 26.500000000000004 3.5000000000000004 3.814089410479828 32.500000000000007 18.500000000000004 1.0000000180025095e-35 10.500000000000002 2.9057986818614658 8.5850002514866244 13.345723213788853 10.878556223131921 3.5000000000000004 1.0000000180025095e-35 7.9383696242776152 8.18779207009921 15.500000000000002 1.0000000180025095e-35
decision_type=2 2 2 2 2 2 2 2 2 2 2 2 2 2 2 2 2 2 2 2 2 2 2 2 2 2 2 2 2 2
left_child=1 3 4 -1 5 6 -3 8 9 10 26 16 13 15 -12 24 17 18 -11 -19 -21 -22 23 -23 25 -13 -5 -28 29 -29
right_child=-2 2 -4 7 -6 -7 -8 -9 -10 11 14 12 -14 -15 -16 -17 -18 19 -20 20 21 22 -24 -25 -26 -27 27 28 -30 -31
leaf_value=-0.04407764197701261 0.05010974739732154 0.050674919194715146 -0.013900661166553844 -0.027432326851496582 0.052952199105186629 0.052338779346025224 -0.048022248774786475 0.050782984912524511 0.050402026454042417 -0.011736811256629233 0.0329992074906897 -0.028627511832136743 -0.042649327280994548 0.044833166288957171 -0.027389604917744167 0.058668182739086285 0.043610268652471529 -0.030391387311226644 0.058349016488906336 -0.036583867665833901 0.09294671174566578 -0.02645194146828524 -0.038835400158068509 0.040458277980548393 -0.021109815279296167 0.059684598943801154 0.045813359087806101 -0.018978546401493865 -0.028339193155582268 0.057728788030265613
leaf_weight=0.73955471289810049 0.45044831931590934 0.31932791753206335 1.4470111327245829 1.5747900590067829 1.282535152742639 0.50535290327388793 0.59376398054882884 0.36190257128327985 0.36370435095159237 1.251507020264399 2.9130408449564134 0.48666500102262922 0.68273478359333228 1.5618382833199573 0.49391639925306652 0.38137322227703396 0.40365925803780633 6.3835913231887371 0.59863144252449263 1.601916986342985 0.55032386630773578 0.5567140525672587 1.0282656541676258 0.89527974533848464 2.1013715656008571 0.61170030385255814 0.45775456447154317 0.35609284898964677 1.1847518061404114 0.4141277638846077
leaf_count=49 329 79 37 170 103 39 7 27 57 352 101 90 24 20 40 36 3 390 6 118 3 23 67 36 63 5 5 81 85 7
internal_value=-0.00024611 -0.000952666 0.0149268 -0.00330886 0.0303707 0.00995286 -0.0135057 -0.00220101 -0.00291507 -0.0036471 0.00594296 -0.00736071 0.00712294 0.0137303 0.0242445 0.000165308 -0.0137193 -0.0155179 0.0109402 -0.0199615 -0.00558906 0.0107943 -0.00743382 0.014804 -0.00680759 0.0205552 -0.00969396 0.0018839 -0.00840213 0.022265
internal_weight=32.5536 32.1032 4.14799 27.9552 2.70098 1.41844 0.913092 27.2157 26.8538 26.49 7.39447 19.0956 5.82568 5.14295 3.40696 3.58111 13.2699 12.8662 1.85014 11.0161 4.6325 3.03058 2.48026 1.45199 3.19974 1.09837 3.98752 2.41273 1.95497 0.770221
internal_count=2452 2123 265 1858 228 125 86 1809 1782 1725 489 1236 238 214 141 194 998 995 358 637 247 129 126 59 158 95 348 178 173 88
is_linear=0
shrinkage=0.05


Tree=126
num_leaves=31
num_cat=0
split_feature=11 2 30 7 30 30 37 38 7 4 0 36 38 36 0 38 36 29 39 29 30 29 29 29 8 36 30 14 36 17
split_gain=0.450976 0.327425 0.225377 0.530868 0.416652 0.320023 0.375596 1.83691 0.287987 0.878554 0.840329 0.692263 0.841402 0.979959 0.497402 1.5514 0.522182 0.838433 0.737322 0.471967 0.329115 0.295976 0.230498 0.293198 0.218421 0.30557 0.213137 0.221191 0.431416 0.242167
threshold=1.0000000180025095e-35 1.0000000180025095e-35 4.1698471900137752 1.0000000180025095e-35 5.4521361837224109 6.7337778803056185 1.5000000000000002 4.5000000000000009 1.0000000180025095e-35 1.5000000000000002 13.500000000000002 26.500000000000004 3.5000000000000004 18.500000000000004 11.500000000000002 1.5000000000000002 26.500000000000004 3.6127552040097792 1.0000000180025095e-35 3.2468620983371328 13.57412943990362 2.9796786852789263 5.086792877414692 3.0375270496321396 1.0000000180025095e-35 20.500000000000004 16.174293498687351 1.0000000180025095e-35 22.500000000000004 1.0000000180025095e-35
decision_type=2 2 2 2 2 2 2 2 2 2 2 2 2 2 2 2 2 2 2 2 2 2 2 2 2 2 2 2 2 2
left_child=1 -1 3 -3 -4 24 7 8 14 10 11 12 13 -10 15 -7 17 18 -16 -18 -19 -11 23 -8 -6 -26 27 28 -25 -29
right_child=-2 2 4 -5 5 6 22 -9 9 21 -12 -13 -14 -15 16 -17 19 20 -20 -21 -22 -23 -24 26 25 -27 -28 29 -30 -31
leaf_value=0.050088476994122361 0.050101720411091781 -0.0078507923788115937 -0.027618244110471653 0.05656751803871371 -0.01323793594169774 -0.0095896516581897746 -0.020887554262798633 0.060999283966147858 -0.033907445529167822 -0.0033355789412687856 0.035771217056417816 0.030643570926220068 -0.048553964410820057 0.015409332584449424 -0.030637637311129558 0.096955632653071736 0.036438041567432126 0.066948172771684147 0.034358584071038555 -0.0091043620334329643 0.0032337213364893517 -0.040461028987459929 -0.052160225647883821 0.022881527556956618 0.050660670847272708 0.0076086027250603042 -0.028823712029386002 -0.0072169442363751168 -0.041773720291407232 0.041560631206286724
leaf_weight=0.31296002899762498 0.44110934209311281 0.76883836230263358 1.5292401417391399 0.54762187041342258 0.44737401895691009 0.90069921407849285 3.20096381753683 1.1982742168474931 1.6119893398135881 0.70715750730596605 1.3913172635948283 1.0344841701444236 1.3334965840913353 2.685268743429333 3.1517903691856195 0.5504676925484091 1.3809851570986214 0.39863998489454378 0.50644926354289044 0.96737696509808291 0.4123120924923569 2.2291459719417617 0.35668713762424875 0.53631976491306044 0.72156773041933753 0.96118174790171906 0.46894250670447934 0.39801227685529716 0.49718357535311952 0.70549309183843434
leaf_count=241 338 195 175 6 97 111 314 13 28 23 37 14 51 38 250 27 37 15 42 31 34 65 12 63 20 42 31 51 40 27
internal_value=-0.000108564 -0.0008026 -0.00130663 0.018946 -0.00218705 -0.00083451 -0.00232656 0.000933034 -0.00280372 -0.00810614 0.000427306 -0.00695046 -0.0138573 -0.0030904 0.00424559 0.0308259 -0.00141223 -0.011443 -0.0216395 0.0176774 0.0345539 -0.03152 -0.0131467 -0.0107503 0.017814 0.0260695 0.00170159 0.00840002 -0.00822193 0.0239675
internal_weight=32.3533 31.9122 31.5993 1.31646 30.2828 28.7536 26.6235 20.4599 19.2616 10.9929 8.05656 6.66524 5.63075 4.29726 8.26872 1.45117 6.81755 4.46919 3.65824 2.34836 0.810952 2.9363 6.1636 5.80692 2.13012 1.68275 2.60595 2.13701 1.0335 1.10351
internal_count=2468 2130 1889 201 1688 1513 1354 816 803 256 168 131 117 66 547 138 409 341 292 68 49 88 538 526 159 62 212 181 103 78
is_linear=0
shrinkage=0.05


Tree=127
num_leaves=31
num_cat=0
split_feature=2 6 18 37 38 23 38 30 30 5 17 36 30 36 29 30 30 30 4 5 29 30 36 30 29 0 30 30 38 7
split_gain=0.403328 0.407276 0.374462 0.278386 1.67295 0.538369 0.467596 0.411461 0.979872 0.530465 0.838932 0.42159 0.392434 0.456399 0.289482 0.226103 0.463295 0.365184 0.385459 0.884973 0.71184 0.344186 0.741023 0.941902 0.763541 0.572779 1.18604 0.525618 0.34192 0.338606
threshold=1.0000000180025095e-35 1.5000000000000002 1.5000000000000002 1.5000000000000002 4.5000000000000009 1.0000000180025095e-35 5.5000000000000009 8.6629154458259965 8.4970819437662879 1.0000000180025095e-35 1.0000000180025095e-35 15.500000000000002 6.7337778803056185 24.500000000000004 3.1385506848250149 4.3596116904199791 5.4521361837224109 6.7969257976498705 1.5000000000000002 1.0000000180025095e-35 2.1647983306263359 10.878556223131921 22.500000000000004 8.3295132290760368 2.5467889716101815 13.500000000000002 14.475916880138364 10.16755942264408 1.5000000000000002 1.0000000180025095e-35
decision_type=2 2 2 2 2 2 2 2 2 2 2 2 2 2 2 2 2 2 2 2 2 2 2 2 2 2 2 2 2 2
left_child=-1 2 3 4 5 15 7 8 12 11 -11 -9 13 -5 -12 28 -17 -18 19 20 -19 22 23 24 -22 -23 -27 -25 -2 -20
right_child=1 -3 -4 6 -6 -7 -8 9 -10 10 14 -13 -14 -15 -16 16 17 18 29 -21 21 25 -24 27 -26 26 -28 -29 -30 -31
leaf_value=0.050068797946886838 -0.0050704770983685176 0.050418924566418416 0.050697838525651233 -0.0072661495037497949 0.060264246939021028 0.051630831340778609 0.057134628221835515 0.018383803816441422 0.089354210921247762 0.050965220799792987 -0.040902092725615499 -0.045575649811206792 -0.031585580051353195 0.050195174806169168 -0.0012766694885119128 -0.032579497102457139 0.027819560480179834 -0.048387169737090535 -0.0031542978590684647 0.050693820017545799 0.0075063376519836113 -0.020942316051089128 0.035400825363841128 0.052956276908909319 -0.055908063016463588 0.054998363069328683 -0.035173389397092435 -0.0020922687314303716 0.055723773737516247 -0.026136446172905076
leaf_weight=0.41204465727787365 0.52747685241048969 0.39998596656368945 0.35514989215880532 1.319753384450453 1.1640160866081704 0.47108247375581314 0.25903147805365723 0.29515717446338419 0.29736426530871529 0.53959430882241588 0.86914935824461281 2.0272024570731446 0.98021279228851188 0.46814985200762738 0.98127491329796612 1.28407501021866 1.0025494345463837 0.757352025946603 3.7913840308319768 0.87296427588444281 0.86741566157433991 3.0145731350057758 1.913302016444504 0.81327482801862039 1.0483799556968731 0.86339591816067673 0.63131451921071857 0.92891846178099513 0.41187384456861764 2.7763115949928761
leaf_count=401 104 64 29 312 23 80 25 44 12 45 26 203 171 5 24 78 49 46 155 124 40 138 42 21 25 16 34 52 22 87
internal_value=0.000916618 0.000282361 -0.000353632 -0.000935188 0.0018493 -0.00124485 -0.00895222 -0.0111532 0.00310539 -0.0204286 -0.00389212 -0.0374468 -0.00615988 0.00777969 -0.0198888 -0.00240316 -0.00349889 -0.0015622 -0.00317374 0.00226376 -0.00163714 0.00187518 0.0101871 -0.00300092 -0.0271959 -0.00839429 0.0169129 0.023605 0.0215858 -0.0128694
internal_weight=32.3437 31.9317 31.5317 31.1766 23.1397 21.9756 8.03689 7.77786 3.06548 4.71238 2.39002 2.32236 2.76812 1.7879 1.85042 21.5046 20.5652 19.2811 18.2786 11.7109 10.8379 10.0806 5.57129 3.65799 1.9158 4.50928 1.49471 1.74219 0.939351 6.5677
internal_count=2497 2096 2032 2003 1136 1113 867 842 500 342 95 247 488 317 50 1033 907 829 780 538 414 368 180 138 65 188 50 73 126 242
is_linear=0
shrinkage=0.05


Tree=128
num_leaves=31
num_cat=0
split_feature=5 17 17 2 38 30 30 38 35 29 38 31 30 36 36 35 30 30 0 29 14 36 36 36 35 30 30 35 19 36
split_gain=0.50362 2.11953 0.967026 0.553554 1.31402 0.772601 1.14273 0.751324 1.50477 0.931742 0.926148 0.624364 0.463308 0.580552 0.394226 0.27912 0.311143 0.746796 0.589852 0.516737 0.748269 0.71522 0.644692 0.627071 0.879091 0.661318 0.396219 0.351524 0.239088 0.213623
threshold=1.0000000180025095e-35 1.0000000180025095e-35 1.0000000180025095e-35 1.5000000000000002 4.5000000000000009 8.5850002514866244 8.4970819437662879 3.5000000000000004 11.500000000000002 3.438811922224569 2.5000000000000004 5.2036832726553373 6.7337778803056185 24.500000000000004 15.500000000000002 11.500000000000002 10.16755942264408 9.0380513784891843 13.500000000000002 3.1026927801673843 1.0000000180025095e-35 20.500000000000004 22.500000000000004 16.500000000000004 5.5000000000000009 4.3596116904199791 7.2504568125862461 6.5000000000000009 1.0000000180025095e-35 20.500000000000004
decision_type=2 2 2 2 2 2 2 2 2 2 2 2 2 2 2 2 2 2 2 2 2 2 2 2 2 2 2 2 2 2
left_child=2 -2 3 4 7 6 12 10 -9 -10 11 15 13 -5 -7 16 17 19 -18 20 21 23 26 27 -25 -26 -22 -1 -3 -30
right_child=1 28 -4 5 -6 14 -8 8 9 -11 -12 -13 -14 -15 -16 -17 18 -19 -20 -21 22 -23 -24 24 25 -27 -28 -29 29 -31
leaf_value=-0.053489224545861691 0.050702513319340503 -0.039340173283283639 0.050367778925464748 -0.021086229337659648 0.060725677796763869 0.013114928241613128 0.097691673187082662 -0.051111562987353011 -0.022244826212614831 0.027961903077206557 0.054980063719088063 0.050712599019895346 -0.049788855570692778 0.045968141026441874 -0.050854279968808626 0.031948274677461211 -0.040848582785490778 0.031084587453691706 0.021454580388597762 -0.065432545716798934 0.039595785212349827 -0.053303991220896269 0.097383127218437338 0.059987821909539822 0.036457279514199928 -0.050706614848360587 -0.028351564001134307 0.013141671261747765 0.015031636426370794 -0.0066332651938888947
leaf_weight=0.70356490428094609 2.2690606540709251 0.46180547581752751 0.7558196164900427 0.97514931578189112 0.77231083094375108 0.27361616853158954 0.25442533032037307 2.3644685166655099 2.1028485239949082 1.6485151487868277 0.77114556025480929 0.5297839379054502 0.64487843471579243 0.48251899471506476 2.0111135600309353 0.47929252125322896 1.46055245102616 1.3512342107715083 0.51344219822203729 0.39805786311626423 0.4670023212675003 0.99628166994079936 0.26613707875367254 0.6632760055363176 0.36318760341964662 0.54288966581225395 0.3968907396774739 0.2754372920608148 1.4311325500602832 5.5516662443405949
leaf_count=43 310 15 161 218 18 38 3 168 42 17 43 328 114 5 189 42 65 29 32 8 64 27 4 6 19 39 36 38 136 217
internal_value=-0.00111547 0.00839705 -0.00522881 -0.00716455 -0.00300057 -0.0224744 -0.00239046 -0.00602109 -0.019872 -0.000181768 0.00230157 -0.00201677 -0.0145012 0.00111018 -0.0431934 -0.0051636 -0.00728166 -0.00194666 -0.0246433 -0.0107453 -0.00608854 -0.0173834 0.0293409 -0.00334028 0.0162495 -0.0157683 0.00837934 -0.034743 -0.00449734 -0.00219302
internal_weight=32.1775 9.71366 22.4638 21.708 17.0663 4.6417 2.35697 16.294 6.11583 3.75136 10.1782 9.40703 2.10255 1.45767 2.28473 8.87725 8.39795 6.42396 1.97399 5.07273 4.67467 3.54464 1.13003 2.54836 1.56935 0.906077 0.863893 0.979002 7.4446 6.9828
internal_count=2474 678 1796 1635 1068 567 340 1050 227 59 823 780 337 223 227 452 410 313 97 284 276 172 104 145 64 58 100 81 368 353
is_linear=0
shrinkage=0.05


Tree=129
num_leaves=31
num_cat=0
split_feature=11 6 18 4 5 17 35 19 29 14 36 36 30 36 30 36 35 21 36 38 30 29 35 30 7 30 29 36 15 29
split_gain=0.401922 0.382116 0.308323 0.190339 1.63463 0.631048 0.464448 0.399338 0.489084 0.364999 0.399954 0.493403 0.421306 0.450051 0.34968 0.686733 1.70762 0.978502 0.667765 0.512036 0.389417 0.336003 0.308966 0.359971 0.293555 0.781591 0.560729 0.291082 0.260096 0.232052
threshold=1.0000000180025095e-35 1.5000000000000002 1.5000000000000002 1.5000000000000002 1.0000000180025095e-35 1.0000000180025095e-35 5.5000000000000009 1.0000000180025095e-35 3.009344842060647 2.5000000000000004 24.500000000000004 23.500000000000004 10.863928688319859 25.500000000000004 13.290320326429251 20.500000000000004 7.5000000000000009 1.0000000180025095e-35 17.500000000000004 2.5000000000000004 10.748367880957076 2.1647983306263359 9.5000000000000018 8.5850002514866244 1.0000000180025095e-35 14.430035842780081 3.1385506848250149 20.500000000000004 1.0000000180025095e-35 3.1026927801673843
decision_type=2 2 2 2 2 2 2 2 2 2 2 2 2 2 2 2 2 2 2 2 2 2 2 2 2 2 2 2 2 2
left_child=1 2 3 4 5 9 27 -8 28 10 11 14 -12 -14 15 19 -17 21 -16 29 -21 -18 23 -10 25 -24 -26 -5 -9 -1
right_child=-2 -3 -4 6 -6 -7 7 8 22 -11 12 -13 13 -15 18 16 17 -19 -20 20 -22 -23 24 -25 26 -27 -28 -29 -30 -31
leaf_value=-0.016933532036402896 0.050100213950183728 0.05039848252222201 0.05066845711496764 0.047535564030639667 0.050596730190609632 0.050327063405580942 -0.039631375649391884 -0.030792852432641567 0.031137794545342708 0.047925033813782054 0.018898825937586534 -0.046035107257183266 0.012176514198614706 -0.032067027764154106 0.03113789444104624 0.067542709905938483 -0.00047551469646282845 0.038029239697531768 -0.044923737572794074 -0.018069526743918676 0.042964120835826673 -0.042749745960221019 -0.025446922693057566 -0.028820241932664477 -0.03775727922028059 0.047407738098902502 0.016072045292902574 -0.00016169684286910407 0.010169045177861508 -0.050106036378745049
leaf_weight=4.2465547304018632 0.40787210196140122 0.37372848275117476 0.29202534910291333 0.59045681945280992 1.5869491184712377 0.55311448720749368 1.0339782110531786 2.279820709722117 0.313535626977682 0.33351428178138931 3.0126437754370263 0.87357466621324498 1.1721573788672688 1.1278174981707705 0.37025401572464112 1.0452585159800949 0.76589483226416666 0.83780458895489562 1.3077645334997212 0.45288749272003748 0.6179357033688575 1.2167913222801869 0.531886306125671 1.2417750593158414 0.74431833066046271 1.1957328232820144 1.3821512256981803 0.69798231980530545 0.46690348803531367 0.60191653273068357
leaf_count=472 336 63 25 37 256 130 62 193 3 15 38 62 21 33 91 16 36 21 133 36 23 63 29 93 20 39 37 19 32 39
internal_value=0.000786844 0.000143563 -0.000464389 -0.000952344 0.00189323 -0.00227652 -0.00641694 -0.0103584 -0.0066474 -0.0038945 -0.00487373 -0.00981306 0.00659608 -0.00951878 -0.00705265 -0.00343629 0.0129545 -0.00727556 -0.0281408 -0.0141407 0.0171509 -0.0264196 0.00207735 -0.0167333 0.00966835 0.0249778 -0.00276958 0.0216967 -0.0238299 -0.0210518
internal_weight=31.675 31.2671 30.8934 30.6014 20.1228 18.5359 10.4785 9.1901 8.15612 17.9828 17.6493 12.3366 5.31262 2.29997 11.4631 9.78504 3.86575 2.82049 1.67802 5.91929 1.07082 1.98269 5.4094 1.55531 3.85409 1.72762 2.12647 1.28844 2.74672 4.84847
internal_count=2473 2137 2074 2049 1485 1229 564 508 446 1099 1084 992 92 54 930 706 136 120 224 570 59 99 221 96 125 68 57 56 225 511
is_linear=0
shrinkage=0.05


Tree=130
num_leaves=31
num_cat=0
split_feature=11 6 36 39 36 4 30 0 30 29 29 14 29 30 36 36 5 30 38 30 30 17 36 0 37 5 0 5 30 29
split_gain=0.367023 0.370774 0.167077 0.418317 0.488051 0.332191 0.383055 0.497791 0.736217 0.432343 0.80881 0.303125 0.268544 0.43473 0.448528 0.37743 0.523132 0.344236 1.2838 0.490925 0.521006 0.313218 0.43873 0.276331 0.551137 0.274283 0.267876 0.263697 0.256677 0.645005
threshold=1.0000000180025095e-35 1.5000000000000002 24.500000000000004 1.0000000180025095e-35 23.500000000000004 1.5000000000000002 12.683032353141799 13.500000000000002 12.238167027044883 3.1385506848250149 3.438811922224569 2.5000000000000004 7.6838291415854068 13.345723213788853 17.500000000000004 19.500000000000004 1.0000000180025095e-35 10.128449201764782 3.5000000000000004 9.1807601708548869 9.0004091861251769 1.0000000180025095e-35 18.500000000000004 10.500000000000002 1.5000000000000002 1.0000000180025095e-35 14.500000000000002 1.0000000180025095e-35 10.863928688319859 2.5335011795332734
decision_type=2 2 2 2 2 2 2 2 2 2 2 2 2 2 2 2 2 2 2 2 2 2 2 2 2 2 2 2 2 2
left_child=1 2 3 4 11 28 7 -7 -9 -8 -11 12 13 15 -15 16 -1 19 -19 20 23 -18 -23 -17 -25 -16 -12 -5 29 -4
right_child=-2 -3 5 27 -6 6 9 8 -10 10 26 -13 -14 14 25 17 21 18 -20 -21 -22 22 -24 24 -26 -27 -28 -29 -30 -31
leaf_value=-0.016053442315683539 0.050095649345329167 0.050379924054643005 0.0028265925257802181 0.050289339942067149 -0.03397289408274911 -0.045557995188863887 -0.015448456072436001 0.036466063711510538 -0.031586844134295536 0.056479238552713175 0.019224791447976491 0.042651456840552521 0.050644240034313316 0.025150639264625199 -0.044625717353532816 -0.023992475204305273 0.050611551670528769 0.045892085583989273 -0.037827018782210051 -0.046143508060026817 0.042405209357915946 -0.031178275585842897 0.047021168551124252 0.021589434125474542 -0.03602305551764852 -0.0032612457988019945 -0.026221932316117427 -0.0017677746594306485 0.0020467055984124444 0.048845391435166578
leaf_weight=5.1576517075300377 0.38592658375273359 0.37592949642566864 1.6870783874473985 0.59083803254179545 1.2862327054026526 0.98419835418462787 1.2748335343785586 0.73422145226504631 0.86637966125272214 0.93588407570496235 0.62149927759310208 0.37173921137582588 0.22973401710623953 0.39614929014351163 1.4381133915157986 1.0641666522133166 0.50065943284425862 1.7086538346484306 0.62556934112217266 0.51478040090296406 0.78021071007242415 0.4562111379345879 0.29556454834528267 1.6441948116989809 0.55531461391365144 0.55558512778952707 0.67791585653321818 0.41353347653057426 2.5095509674865752 1.3877902765525503
leaf_count=574 333 66 25 148 112 42 36 22 24 11 21 21 130 42 119 70 74 45 78 23 15 50 12 60 82 39 23 22 97 34
internal_value=0.00163982 0.0010295 0.000416489 -0.00252856 -0.00432153 0.00510283 -0.00296876 -0.0175759 -0.000369882 0.00778767 0.0210397 -0.00198093 -0.00302295 -0.0038086 -0.0234431 -0.00028132 -0.0090147 0.00784034 0.0234555 -0.000155234 0.005699 0.0199715 -0.000433755 -0.00307594 0.00704389 -0.0330987 -0.00448515 0.0288557 0.0139123 0.0235964
internal_weight=31.0261 30.6402 30.2643 18.5849 17.5805 11.6794 6.09493 2.5848 1.6006 3.51013 2.2353 16.2943 15.9226 15.6928 2.38985 13.303 6.41009 6.89289 2.33422 4.55867 4.04389 1.25244 0.751776 3.26368 2.19951 1.9937 1.29942 1.00437 5.58442 3.07487
internal_count=2450 2117 2051 1716 1546 335 179 88 46 91 55 1434 1413 1283 200 1083 710 373 123 250 227 136 62 212 142 158 44 170 156 59
is_linear=0
shrinkage=0.05


Tree=131
num_leaves=31
num_cat=0
split_feature=2 6 35 29 8 5 17 17 14 29 29 35 35 32 36 32 36 36 32 38 7 0 7 32 7 36 36 32 35 29
split_gain=0.372069 0.365835 0.352553 0.511152 0.351881 0.204939 2.14399 0.842475 0.296635 0.29389 0.927326 1.26287 0.453131 0.730904 0.49701 0.466569 0.445889 0.444861 0.396712 0.566603 0.533301 0.420112 0.390917 0.383455 0.595414 0.366547 0.677431 0.357028 0.309194 0.278373
threshold=1.0000000180025095e-35 1.5000000000000002 12.500000000000002 3.2468620983371328 1.5000000000000002 1.0000000180025095e-35 1.0000000180025095e-35 1.0000000180025095e-35 2.5000000000000004 3.0375270496321396 2.9057986818614658 10.500000000000002 8.5000000000000018 5.9478512286391902 16.500000000000004 6.9016497018839207 24.500000000000004 15.500000000000002 14.475916880138366 3.5000000000000004 1.0000000180025095e-35 13.500000000000002 1.0000000180025095e-35 4.3596116904199791 1.0000000180025095e-35 21.500000000000004 25.500000000000004 13.633272246303319 6.5000000000000009 1.8505551827656268
decision_type=2 2 2 2 2 2 2 2 2 2 2 2 2 2 2 2 2 2 2 2 2 2 2 2 2 2 2 2 2 2
left_child=-1 2 4 -4 5 7 -7 8 9 10 12 -12 13 -2 17 16 23 -15 20 -20 -11 25 -16 24 -14 -22 -27 -23 -24 -8
right_child=1 -3 3 -5 -6 6 29 -9 -10 18 11 -13 15 14 22 -17 -18 -19 19 -21 21 27 28 -25 -26 26 -28 -29 -30 -31
leaf_value=0.050069540274662566 -0.032930840049289714 0.050359864592020881 -0.0055558142585961853 0.057217278559727927 0.051942903313856773 0.050656230085306952 -0.045849591509327076 0.05035087554761325 0.040126413553120459 -0.039270982356642795 -0.019385921905982081 0.074457974508278998 -0.033618095793961231 0.015646720655167697 0.052330526448202609 -0.032246683976096695 0.024490143426506166 -0.055752669011584412 0.0084816455758710118 -0.052618388146434242 0.012475948579401652 -0.003764693728330866 -0.012429018820796046 -0.045603259092982712 0.056695846109977771 -0.051905526801690617 0.0082703648771557652 0.05064938261015544 0.027053930392454878 -0.0064638833653062671
leaf_weight=0.37992029561428609 1.1047588007059159 0.36024352390086178 0.66293466588831396 0.63486112427199259 0.30471420864341681 1.9319122917659095 0.48554955609142769 0.66772507724817742 0.33109793439507385 1.1172089291503642 0.6246113637462265 0.84145176014862955 0.41982082324102543 0.43939994904212687 0.82586654636543277 2.7952127048047259 0.94767065346240986 0.43328371248207986 0.52886092261178408 1.3429170739836989 1.0980921828886496 0.58059372706338741 0.81181125296279821 0.71800848690327257 0.32282513473182917 1.004356713267043 0.87527713959570963 0.62700351374223828 1.2740132664912378 5.9003257233416662
leaf_count=401 151 65 30 16 47 286 31 152 12 133 46 19 143 50 27 201 8 16 92 64 29 32 32 81 10 30 18 10 35 205
internal_value=0.00089909 0.000276652 -0.000331808 0.0251518 -0.00149821 -0.00207876 0.00450386 -0.0048536 -0.00678715 -0.00761632 -0.00268239 0.0344761 -0.00808003 0.00284977 0.0132951 -0.0183494 -0.00221966 -0.0198028 -0.0155655 -0.0353549 -0.00857993 -0.00038742 0.0232151 -0.0195489 0.005641 -0.0104755 -0.0238838 0.024488 0.011687 -0.00945857
internal_weight=30.3923 30.0124 29.6522 1.2978 28.3544 28.0497 8.31779 19.7319 19.0641 18.733 11.5587 1.46606 10.0927 4.88913 3.78437 5.20354 2.40833 0.872684 7.17431 1.87178 5.30253 4.18532 2.91169 1.46065 0.742646 2.97773 1.87963 1.2076 2.08582 6.38588
internal_count=2472 2071 2006 46 1960 1913 522 1391 1239 1227 819 65 754 311 160 443 242 66 408 156 252 119 94 234 153 77 48 42 67 236
is_linear=0
shrinkage=0.05


Tree=132
num_leaves=31
num_cat=0
split_feature=37 38 36 31 30 0 36 30 30 36 7 30 38 36 0 35 30 30 29 16 38 7 0 35 13 36 35 35 36 29
split_gain=0.351629 1.325 0.618967 0.616793 0.620432 0.632958 0.500622 0.410063 0.899117 0.347668 0.46581 0.477314 0.313219 0.282718 0.515236 0.259791 0.312044 0.322577 0.554551 0.56477 0.543359 0.553935 1.15115 0.599716 0.706788 0.513895 0.934825 0.423559 0.238697 0.219108
threshold=1.5000000000000002 4.5000000000000009 32.500000000000007 5.2036832726553373 11.314619380816618 13.500000000000002 28.500000000000004 13.855458662553419 14.475916880138364 19.500000000000004 1.0000000180025095e-35 15.44954990788453 5.5000000000000009 25.500000000000004 13.500000000000002 12.500000000000002 10.878556223131921 10.135806659779414 3.1385506848250149 1.0000000180025095e-35 1.5000000000000002 1.0000000180025095e-35 11.500000000000002 5.5000000000000009 1.0000000180025095e-35 18.500000000000004 11.500000000000002 5.5000000000000009 22.500000000000004 5.086792877414692
decision_type=2 2 2 2 2 2 2 2 2 2 2 2 2 2 2 2 2 2 2 2 2 2 2 2 2 2 2 2 2 2
left_child=1 2 3 4 5 15 7 13 -9 -10 11 -11 29 14 28 16 17 18 19 20 -1 22 -22 -23 25 -25 -27 -19 -6 -2
right_child=12 -3 -4 -5 6 -7 -8 8 9 10 -12 -13 -14 -15 -16 -17 -18 27 -20 -21 21 23 -24 24 -26 26 -28 -29 -30 -31
leaf_value=-0.0280321966519901 -0.0075881026818920552 0.059133059813085947 0.070207267681587818 0.050720506898675979 -0.040085694616824812 0.0694326967867267 -0.038298732781505113 0.044605957594527609 0.033636657651654446 0.042678221917445004 -0.0448148146755937 -0.020714615612943275 0.057285715571437107 -0.041836700640565855 0.034281670325155979 0.034528744403463367 -0.030897978643302057 0.075542097339243539 -0.038296563993847926 0.050721115979873124 0.090430699893896363 -0.029391202761301145 -0.018842760289795799 0.029709647585744372 0.047744924599492651 -0.038815030036511398 0.030888626126116731 0.012145370100786422 0.0036762649966651595 -0.051314356018946128
leaf_weight=1.3244904729072073 7.3012870405218555 1.0604818300926115 0.32620206521823902 0.60087890631984819 0.88182892894837939 0.38505383313167918 1.4361289036460219 1.0441784218419345 0.38490288716275278 0.45675208547618262 0.93173288140678767 0.8486450866330415 0.18079498960287299 0.97038566489936773 0.51011127018136893 0.6709883172297858 0.65836773731280196 0.33138410001993257 0.82081219210522327 0.61924213590100396 0.54185380286071438 1.2524422593414781 0.43410010414663702 0.92175935534760389 0.95676392834866408 1.405312381742988 0.73134169704280783 1.2854295746074056 0.48186709417495877 0.29819403449073423
leaf_count=210 841 20 7 380 68 9 49 27 24 19 48 52 25 41 29 23 40 3 26 122 39 21 55 15 16 60 10 107 35 11
internal_value=0.00139432 0.00459077 0.00186408 0.000796717 -0.000682053 0.00633513 -0.0115783 -0.00568406 0.00536848 -0.0102571 -0.0178092 0.00146623 -0.00775648 -0.019931 -0.00858668 0.00430273 0.00250527 0.00457508 0.000884141 0.00481217 0.00105576 0.00722638 0.0418263 0.000815906 0.0102383 -0.00149488 -0.0149566 0.0251392 -0.0246222 -0.00930387
internal_weight=30.0537 22.2734 21.213 20.8868 20.2859 12.3393 7.94653 6.5104 3.66621 2.62203 2.23713 1.3054 7.78028 2.84419 1.87381 11.9543 11.2833 10.6249 9.00812 8.18731 7.56806 6.24357 0.975954 5.26762 4.01518 3.05841 2.13665 1.61681 1.3637 7.59948
internal_count=2432 1555 1535 1528 1148 756 392 343 170 143 119 71 877 173 132 747 724 684 574 548 426 216 94 122 101 85 70 110 103 852
is_linear=0
shrinkage=0.05


Tree=133
num_leaves=31
num_cat=0
split_feature=11 18 6 37 38 31 38 15 38 38 4 30 30 35 31 35 36 30 35 7 35 31 30 38 38 36 36 30 30 36
split_gain=0.34152 0.331192 0.318727 0.254584 1.29638 0.502448 0.399226 0.355177 0.678858 0.574008 0.422496 0.425824 0.806914 0.758253 0.461696 0.415432 0.458389 0.408699 0.404507 0.611265 0.798282 0.362946 0.360129 0.31894 0.909376 0.298972 0.467121 0.314193 0.827455 0.264392
threshold=1.0000000180025095e-35 1.5000000000000002 1.5000000000000002 1.5000000000000002 4.5000000000000009 5.2036832726553373 5.5000000000000009 1.0000000180025095e-35 3.5000000000000004 1.5000000000000002 2.5000000000000004 10.483253181921015 13.631613181452218 9.5000000000000018 3.9976927939054847 10.500000000000002 27.500000000000004 13.803863262773012 11.500000000000002 1.0000000180025095e-35 5.5000000000000009 3.009344842060647 6.7969257976498705 2.5000000000000004 4.5000000000000009 28.500000000000004 24.500000000000004 8.6629154458259965 13.855458662553419 25.500000000000004
decision_type=2 2 2 2 2 2 2 2 2 2 2 2 2 2 2 2 2 2 2 2 2 2 2 2 2 2 2 2 2 2
left_child=1 2 3 4 5 7 23 9 17 -1 11 18 14 -14 -13 -15 29 -9 19 20 -11 22 -21 -5 -25 26 -26 -28 -29 -17
right_child=-2 -3 -4 6 -6 -7 -8 8 -10 10 -12 12 13 15 -16 16 -18 -19 -20 21 -22 -23 -24 24 25 -27 27 28 -30 -31
leaf_value=-0.034920330263638229 0.050098900073831582 0.050674237633114821 0.05034348175302375 -0.028370233024052796 0.05878353809353476 0.050797959506742346 0.056075379589141286 0.039248441766324776 -0.027643823438867156 0.11638201233107325 0.043144478708537347 -0.034163426774141352 -0.034695545368866439 0.048537874487060539 0.020642607309510379 0.0037276062901149009 -0.020763082177988196 -0.0035442709126447926 0.035992846990793297 0.0010681128703068996 0.010134915286640005 0.01108439447603916 -0.03375215662183844 0.055549920600199323 -0.021616508313889872 -0.043896636522816633 0.030288164219242478 -0.04267291584022246 0.044603451868333518 0.052145644905250421
leaf_weight=1.3683480289764975 0.3654073087091082 0.33790491102263231 0.32211889990139653 1.7229853603057552 0.99833695718552817 0.48254737665410985 0.23944864748045791 1.8038401393569072 0.76135724876075972 0.24504660069942108 0.52129109576344568 3.2311983011895795 0.89502129855100099 0.80313464603386853 0.43614072143100191 0.58171842398587637 0.89191602682694782 0.80784062616294239 0.98329611995723087 1.4673691447824242 0.63471325323916972 1.9795399478171019 1.5033206965308634 0.57940300437621761 2.3510304149240255 0.59380559669807542 1.0454244047868999 0.67839103378355481 0.4528704471886158 0.54714614991098642
leaf_count=194 328 29 61 496 12 201 20 183 17 1 8 202 68 23 16 33 17 30 29 36 82 35 39 24 196 18 21 37 16 8
internal_value=0.00205979 0.00146 0.000885144 0.000328226 0.00318149 0.000398331 -0.00746944 -0.000851279 0.0139008 -0.00394399 -0.00106465 -0.00268764 -0.0110036 0.00540745 -0.0276456 0.0181178 0.00602776 0.0260119 0.0063277 0.00132432 0.0397288 -0.00550096 -0.0165527 -0.009519 -0.00382161 -0.0105384 -0.00616346 0.0105273 -0.00773414 0.0271952
internal_weight=29.6319 29.2665 28.9286 28.6065 20.9431 19.9448 7.66336 19.4622 3.37304 16.0892 14.7209 14.1996 7.38628 3.71894 3.66734 2.82392 2.02078 2.61168 6.81329 5.82999 0.87976 4.95023 2.97069 7.42391 5.70092 5.12152 4.52772 2.17669 1.13126 1.12886
internal_count=2480 2152 2123 2062 1234 1222 828 1021 230 791 597 589 367 149 218 81 58 213 222 193 83 110 75 808 312 288 270 74 53 41
is_linear=0
shrinkage=0.05


Tree=134
num_leaves=31
num_cat=0
split_feature=11 18 37 38 29 5 17 17 29 36 38 7 36 38 38 35 35 38 35 15 29 29 0 36 38 4 29 29 5 36
split_gain=0.314977 0.316466 0.347578 0.971644 0.480013 0.333294 0.82016 0.601032 0.575897 0.463707 0.452179 1.14101 0.301224 0.410807 0.733541 0.317403 0.278167 0.3313 0.21274 0.581148 0.469657 0.498428 0.678693 0.641459 0.443809 0.284594 0.283829 0.537367 0.193124 0.184989
threshold=1.0000000180025095e-35 1.5000000000000002 1.5000000000000002 4.5000000000000009 5.2036832726553373 1.0000000180025095e-35 1.0000000180025095e-35 1.0000000180025095e-35 3.0375270496321396 24.500000000000004 4.5000000000000009 1.0000000180025095e-35 32.500000000000007 3.5000000000000004 2.5000000000000004 9.5000000000000018 11.500000000000002 1.5000000000000002 5.5000000000000009 1.0000000180025095e-35 3.1385506848250149 2.6561704564304831 9.5000000000000018 15.500000000000002 1.5000000000000002 1.5000000000000002 3.2468620983371328 2.6561704564304831 1.0000000180025095e-35 27.500000000000004
decision_type=2 2 2 2 2 2 2 2 2 2 2 2 2 2 2 2 2 2 2 2 2 2 2 2 2 2 2 2 2 2
left_child=1 2 3 4 12 7 -7 9 -8 10 11 -4 13 14 16 -15 18 -18 -1 20 21 22 24 -24 -20 -23 27 -21 -25 -17
right_child=-2 -3 5 -5 -6 6 8 -9 -10 -11 -12 -13 -14 15 -16 29 17 -19 19 26 -22 25 23 28 -26 -27 -28 -29 -30 -31
leaf_value=0.015003972388310262 0.050088253538590415 0.050646394248594101 -0.050118472868735886 0.058562150953133732 0.050829839178774906 0.050697957685531474 -0.046046356614278056 0.050182147647989339 0.0093204626796980269 -0.0015735466086838697 -0.053626128780255022 0.054682260237797709 0.043891950229059118 -0.029820860298134744 0.053057587606381552 0.00087506902329038516 -0.013540355459752632 0.057102350624840127 -0.017847327756900299 0.051999382079213341 -0.045017963806939981 0.03337681224803412 0.033594047019187993 -0.050228924323106078 0.054999883761065807 -0.0075381954526036084 0.053946081808811386 -0.01303327876749037 -0.013425915050698581 -0.017090016964352747
leaf_weight=1.8453887347132143 0.32594740754575369 0.31312045222148199 0.70539117988664568 0.76801597874145855 0.47691763343755056 0.71004438764066446 0.76177470927359547 0.30489870067685831 1.2247899449430404 1.6285520307137629 1.4886278207413852 0.41106804832816124 0.38440872845239837 1.5242020846344528 0.75586664397269565 4.7272927808808163 0.25793869909830469 0.46547564625507221 0.39063994539901647 0.48114252602681495 0.89568269765004505 0.99456978205125757 0.32820961507968638 1.5531346460338684 0.4498465892393142 0.74215960805304348 0.46892647363711137 0.9348046465893276 0.4626383977010845 2.0562117638764903
leaf_count=44 326 28 328 10 197 96 74 112 34 54 138 7 6 128 47 210 50 23 83 86 42 39 14 73 22 32 26 35 43 59
internal_value=0.00121548 0.000656759 0.000101669 0.00336285 0.00126366 -0.00934743 0.0045748 -0.0176194 -0.0119107 -0.0225024 -0.0355859 -0.011532 6.48444e-05 -0.000806543 0.00551976 -0.00920314 0.00202119 0.0319142 -0.000243889 -0.00389737 -0.0117157 -0.00565453 -0.0174058 -0.0312279 0.0211421 0.0158925 0.0202307 0.00906499 -0.0417823 -0.0045705
internal_weight=28.8377 28.5117 28.1986 20.9635 20.1955 7.23515 2.69661 4.53854 1.98656 4.23364 2.60509 1.11646 19.7185 19.3341 11.0264 8.30771 10.2706 0.723414 9.54714 7.70175 5.81688 4.9212 3.18447 2.34398 0.840487 1.73673 1.88487 1.41595 2.01577 6.7835
internal_count=2466 2140 2112 1269 1259 843 204 639 108 527 473 335 1062 1056 659 397 612 73 539 495 348 306 235 130 105 71 147 121 116 269
is_linear=0
shrinkage=0.05


Tree=135
num_leaves=31
num_cat=0
split_feature=11 6 37 38 38 29 29 14 29 35 35 30 35 36 36 35 30 5 17 15 30 35 36 35 7 30 35 36 30 38
split_gain=0.315528 0.302391 0.298791 0.797501 0.402762 0.388713 0.293116 0.600561 0.31518 0.513382 0.260987 0.687649 0.596745 1.11753 0.572974 0.364318 0.290854 0.273332 0.81242 0.238323 0.222797 0.538451 0.225292 0.548057 0.476071 0.273596 0.61796 0.668809 0.337967 0.221866
threshold=1.0000000180025095e-35 1.5000000000000002 1.5000000000000002 4.5000000000000009 5.5000000000000009 5.2036832726553373 2.773112293567868 1.0000000180025095e-35 3.009344842060647 12.500000000000002 7.5000000000000009 6.7337778803056185 10.500000000000002 24.500000000000004 27.500000000000004 6.5000000000000009 4.1698471900137752 1.0000000180025095e-35 1.0000000180025095e-35 1.0000000180025095e-35 8.3521258042538076 5.5000000000000009 19.500000000000004 9.5000000000000018 1.0000000180025095e-35 13.855458662553419 10.500000000000002 27.500000000000004 10.819952230666432 1.5000000000000002
decision_type=2 2 2 2 2 2 2 2 2 2 2 2 2 2 2 2 2 2 2 2 2 2 2 2 2 2 2 2 2 2
left_child=1 2 3 5 10 6 7 29 19 20 14 12 13 -12 15 -4 -14 -13 -19 -8 -10 -22 24 -24 -23 28 -27 -28 -25 -1
right_child=-2 -3 4 -5 -6 -7 8 -9 9 -11 11 17 16 -15 -16 -17 -18 18 -20 -21 21 22 23 25 -26 26 27 -29 -30 -31
leaf_value=-0.022773155144007295 0.05008278523736729 0.05031324157961678 -0.02221319790979466 0.056962282040241979 0.055646250705622603 0.050688733682823728 -0.039420985720304336 0.039399964682074892 -0.029170724078055502 0.032569201256157587 -0.0044153332708070656 -0.044720925819728835 0.028950160222785633 0.12070035656199468 0.069127256711450868 0.023169287053967341 -0.04989518143639593 0.05078263041132286 -0.035376535795723557 0.0052714799887246923 0.044483786178101226 -0.016073343546422616 -0.034396844646602136 0.023369404083544952 0.053853203833848888 0.045888592644717396 0.025046025451568189 -0.035912639714456136 -0.02119251036985955 0.0049404626033464566
leaf_weight=0.83628735272215848 0.31758760366937977 0.29500386764993791 1.3318510417593636 0.65074562700465222 0.23024727744632389 0.38141481240745534 1.0553715208079655 1.2332838180009273 0.90764133440097516 0.97032363770995367 0.50248202332295455 1.7009856846416369 0.16410046257078648 0.27678325772285461 0.28092658985406149 0.66205332084791724 0.40723413950763643 0.35453010478522617 1.1985742324031889 0.41581508045783255 0.55556260992307116 0.52976491360459288 1.6865093917585907 0.5254814644576985 0.45029398053884506 0.81785539427073684 0.86904506699647754 0.93305829213932157 2.2360025577945635 5.2927748012589291
leaf_count=161 335 61 218 10 21 189 79 119 28 21 126 246 31 2 4 41 41 37 52 30 13 58 104 20 8 22 35 19 93 208
internal_value=0.000527929 -3.91654e-05 -0.000580162 0.00250304 -0.00940389 0.000703779 -0.000283274 0.00756487 -0.00511738 -0.00207554 -0.011581 -0.018426 0.0115659 0.0400239 0.00227459 -0.00714446 -0.027249 -0.0308741 -0.0157088 -0.0267891 -0.00560996 -0.00312439 -0.00641083 -0.00952598 0.0160548 -0.00173161 0.00984282 -0.00651598 -0.0127128 0.00115904
internal_weight=28.0696 27.752 27.457 20.3472 7.10977 19.6965 19.3151 7.36235 11.9527 10.4815 6.87952 4.60469 1.3506 0.779265 2.27483 1.9939 0.571335 3.25409 1.5531 1.47119 9.51122 8.60357 8.04801 7.06795 0.980059 5.38144 2.61996 1.8021 2.76148 6.12906
internal_count=2432 2097 2036 1217 819 1207 1018 488 530 421 798 535 200 128 263 259 72 335 89 109 400 372 359 293 66 189 76 54 113 369
is_linear=0
shrinkage=0.05


Tree=136
num_leaves=31
num_cat=0
split_feature=39 5 17 13 5 18 36 0 7 38 38 32 32 2 32 36 31 36 13 31 35 36 7 35 32 13 0 15 31 32
split_gain=0.33604 0.380403 1.82616 0.568211 0.342694 0.558914 0.322901 0.730439 0.57691 0.237132 0.816401 0.715011 0.585792 0.540561 0.537441 0.552063 0.370257 0.408131 0.54646 0.367787 0.33518 0.274213 0.432114 0.375789 0.468231 0.516467 0.378904 0.449269 0.458548 0.752692
threshold=1.0000000180025095e-35 1.0000000180025095e-35 1.0000000180025095e-35 1.0000000180025095e-35 1.0000000180025095e-35 1.5000000000000002 27.500000000000004 13.500000000000002 1.0000000180025095e-35 3.5000000000000004 2.5000000000000004 15.449549907884528 14.041640708781971 1.5000000000000002 10.822270259195856 26.500000000000004 5.2036832726553373 22.500000000000004 1.0000000180025095e-35 2.9057986818614658 10.500000000000002 15.500000000000002 1.0000000180025095e-35 5.5000000000000009 4.3596116904199791 1.0000000180025095e-35 10.500000000000002 1.0000000180025095e-35 3.3300921486066026 11.585819541211192
decision_type=2 2 2 2 2 2 2 2 2 2 2 2 2 2 2 2 2 2 2 2 2 2 2 2 2 2 2 2 2 2
left_child=1 9 -3 -4 -2 -6 7 8 -5 10 13 12 14 16 15 19 17 21 -19 20 -11 22 -1 -23 -25 -26 -27 -28 29 -29
right_child=4 2 3 6 5 -7 -8 -9 -10 11 -12 -13 -14 -15 -16 -17 -18 18 -20 -21 -22 23 -24 24 25 26 27 28 -30 -31
leaf_value=-0.016360477444678952 0.050344536620876214 0.050634476037666701 -0.031111673700639692 -0.013629972073491023 -0.039155145750329079 0.05061579710888188 0.018987987586358172 -0.045359905725073091 0.060719835774404665 -0.0034671494641220196 0.051836481459444139 -0.050758305114428373 0.028679531631964267 -0.045399541436199828 -0.030676644038866399 0.045308825273039484 0.050563208474984835 -0.0044820277914085511 0.052280657957665969 0.021511203568201132 -0.035845873706260904 0.0077021504519609613 0.056919523030008204 0.023267731002497408 -0.051450703879832041 0.032381048932786503 -0.053392045692745096 0.051321845006409843 0.05422107910943548 -0.060247741773939746
leaf_weight=0.40617055969778793 0.67251772806048282 1.9506264336232551 1.5724496097827794 0.63062253204407193 0.39325332781299949 0.31011663610115647 1.9305269266478715 0.82724625157425169 0.44503248849650845 2.3820475478714767 0.7363537734490827 0.96130172570701766 1.1056051363120785 0.69121562736108977 2.2533364865230396 0.56413006558432233 0.35498475711210709 0.9839303068583829 0.74508961016545072 0.89422670396743331 1.2029061049688605 1.7868535588495431 0.39858942315913737 0.53770332847489077 1.3110147805418821 0.40075093344785306 0.66671786661026977 0.22950446186587214 0.27755675907246768 0.4428979525109753
leaf_count=104 159 308 193 39 16 29 38 51 9 118 54 66 29 349 145 14 321 20 29 34 42 22 5 59 91 32 25 42 13 11
internal_value=0.000728314 -0.000513918 0.00916296 -0.00580139 0.0248251 0.000424967 0.00458074 -0.0100357 0.0171309 -0.00419614 0.00117052 -0.00991 -0.00523654 -0.00287022 -0.0103756 -0.00130513 0.000571329 -0.00159636 0.0199788 -0.00717592 -0.0143316 -0.00737296 0.0199344 -0.0112604 -0.0200245 -0.0270183 -0.0111411 -0.0219296 0.000152025 -0.0221668
internal_weight=28.0653 26.6894 7.3565 5.40588 1.37589 0.70337 3.83343 1.9029 1.07566 19.3329 9.96933 9.36355 8.40225 9.23298 7.29665 5.04331 8.54176 8.18678 1.72902 4.47918 3.58495 6.45776 0.80476 5.653 3.86615 3.32844 2.01743 1.61668 0.949959 0.672402
internal_count=2467 2263 638 330 204 45 137 99 48 1625 1177 448 382 1123 353 208 774 453 49 194 160 404 109 295 273 214 123 91 66 53
is_linear=0
shrinkage=0.05


Tree=137
num_leaves=31
num_cat=0
split_feature=6 11 18 36 4 17 5 5 36 38 38 36 2 32 32 32 32 36 7 38 38 36 35 13 36 35 7 35 7 3
split_gain=0.319957 0.326332 0.310662 0.290914 0.196601 0.294301 2.01427 1.20238 0.360488 0.445464 0.85502 0.559586 0.486256 0.380012 0.594301 0.797587 0.604959 0.313404 0.793297 0.329093 0.316407 0.293739 2.13183 0.679455 0.683329 0.596643 0.601315 1.37735 0.492118 0.377047
threshold=1.5000000000000002 1.0000000180025095e-35 1.5000000000000002 31.500000000000004 2.5000000000000004 1.0000000180025095e-35 1.0000000180025095e-35 1.0000000180025095e-35 24.500000000000004 3.5000000000000004 2.5000000000000004 22.500000000000004 1.5000000000000002 8.5850002514866244 13.633272246303319 14.827976399610218 10.822270259195856 21.500000000000004 1.0000000180025095e-35 1.5000000000000002 4.5000000000000009 19.500000000000004 6.5000000000000009 1.0000000180025095e-35 22.500000000000004 6.5000000000000009 1.0000000180025095e-35 5.5000000000000009 1.0000000180025095e-35 3.5000000000000004
decision_type=2 2 2 2 2 2 2 2 2 2 2 2 2 2 2 2 2 2 2 2 2 2 2 2 2 2 2 2 2 2
left_child=1 2 3 4 5 6 8 -7 9 10 12 -11 21 -10 16 -16 -15 18 19 -9 -19 25 -23 -24 -25 26 27 -1 29 -27
right_child=-2 -3 -4 -5 -6 7 -8 17 13 11 -12 -13 -14 14 15 -17 -18 20 -20 -21 -22 22 23 24 -26 28 -28 -29 -30 -31
leaf_value=0.089636824893465139 0.050334147831261847 0.050085999282605133 0.050585043808414012 -0.039047221158037847 0.021507448556355259 0.050329863735914804 0.050586674460810159 0.006729041253736353 0.023459097822479888 -0.0087670110566590576 0.050960732891534979 -0.050516488169609686 -0.050105484065361118 0.0061985711767495672 0.04565465335657886 -0.014344493883774921 -0.044934437185578019 -0.044824133253119881 0.064073324774788859 -0.048688329751337918 -0.0084027612107890077 0.082754832873992254 -0.046425931974418237 -0.017265717847324235 0.054665480508020219 -0.034127498799495608 -0.046440071409561134 -0.040670797704277478 0.039791251082575779 0.042799149988814289
leaf_weight=0.31045970623383934 0.30796133045805518 0.31003330604289558 0.28320071334019203 0.52123256967752141 0.91015112190507252 0.64280231576412816 1.8255743214249367 0.47373821568908148 1.9567302969517175 2.0678121655946593 0.66375311976298768 1.3117640607524661 0.6341682762140407 1.1038597397273409 1.1063061451422984 1.1092802708153611 1.2152777984738348 1.8482175192912111 0.32804729760391627 0.61655599880032241 0.8803474036976694 0.71873442683136124 1.01718461047858 0.99573428696021438 0.49395533336792141 0.65395269956206881 1.6380335229623597 0.58473049206077121 0.75855386292096227 0.2105796582181938
leaf_count=17 63 330 28 17 30 160 300 52 24 167 19 121 332 29 12 40 43 83 3 52 22 9 76 46 19 137 40 103 14 92
internal_value=-0.000344196 -0.000918176 -0.00150644 -0.00206109 -0.00132179 -0.00214742 0.000474068 -0.0132998 -0.00445747 -0.00957124 -0.00357487 -0.0249718 -0.00809056 0.00504257 -0.00290415 0.0156148 -0.0205962 -0.0231629 -0.00409788 -0.0246092 -0.0330731 -0.00448113 0.00684064 -0.0149244 0.00658542 -0.0132677 -0.0284315 0.00452101 0.0103991 -0.01539
internal_weight=27.4987 27.1908 26.8807 26.5975 26.0763 25.1662 20.3764 4.78971 18.5509 12.0594 8.67984 3.37958 8.01609 6.49145 4.53472 2.21559 2.31914 4.14691 1.41834 1.09029 2.72856 7.38192 3.22561 2.50687 1.48969 4.15631 2.53322 0.89519 1.62309 0.864532
internal_count=2480 2417 2087 2059 2042 2012 1640 372 1340 1192 904 288 885 148 124 52 72 212 107 104 105 553 150 141 65 403 160 120 243 229
is_linear=0
shrinkage=0.05


Tree=138
num_leaves=31
num_cat=0
split_feature=5 17 17 14 29 30 30 29 38 29 30 15 15 0 30 19 35 35 29 30 0 7 3 30 30 35 30 38 29 29
split_gain=0.461959 1.73386 0.837486 0.363866 0.33415 0.597302 1.3152 0.579625 0.73489 0.407122 0.483723 0.403586 0.393433 0.418086 0.434752 0.279961 0.277712 0.669959 0.329347 0.398171 0.345697 0.392596 0.254782 0.320729 0.239656 0.216076 0.721004 0.169476 0.432276 1.08708
threshold=1.0000000180025095e-35 1.0000000180025095e-35 1.0000000180025095e-35 2.5000000000000004 2.773112293567868 14.430035842780081 14.475916880138364 3.0375270496321396 3.5000000000000004 3.438811922224569 7.0179553431598203 1.0000000180025095e-35 1.0000000180025095e-35 12.500000000000002 9.0380513784891843 1.0000000180025095e-35 11.500000000000002 10.500000000000002 2.2011011665870814 5.4521361837224109 9.5000000000000018 1.0000000180025095e-35 3.5000000000000004 11.929876717786204 15.376817301717084 7.5000000000000009 6.9016497018839216 2.5000000000000004 3.2468620983371328 3.1385506848250149
decision_type=2 2 2 2 2 2 2 2 2 2 2 2 2 2 2 2 2 2 2 2 2 2 2 2 2 2 2 2 2 2
left_child=2 -2 3 4 12 9 -7 -8 24 10 -6 -12 13 14 16 -3 17 18 19 20 21 -1 23 -11 -9 -21 -27 -17 29 -29
right_child=1 15 -4 -5 5 6 7 8 -10 22 11 -13 -14 -15 -16 27 -18 -19 -20 25 -22 -23 -24 -25 -26 26 -28 28 -30 -31
leaf_value=-0.043101542466334686 0.050582594641953429 -0.043495463460478029 0.050308223645603847 0.04890687243735066 0.024130688971594958 0.079408562587437281 0.050621940897240481 -0.049559310071245428 -0.043881624485129639 0.013140091305043598 -0.048505034685035711 -0.013212346987180207 0.051046672361078516 -0.048747925827373619 0.026207313010045804 -0.011896301174446287 0.014797836154797794 -0.046823628282600518 -0.051914853973902012 0.023393151930657129 -0.04113272074889824 0.054970174961471996 0.020450359912413611 -0.054838376116783327 0.034339913449420313 0.028526173863939259 -0.049708305478520266 -0.0023230468324781186 -0.015958302781378279 0.082506484590020981
leaf_weight=0.1741044719237903 1.7954501242784333 0.44191472942475218 0.61260018986649711 0.26550878715352055 0.33247725816909035 0.45702369377249885 0.30655697896145317 0.10111359431175548 1.3674908177927134 0.32445653161266796 2.8934057276055682 1.1249951760983092 0.32230944826733399 0.51811844157055009 1.1370573233580215 2.5529546033940278 1.175576061097672 1.1021473168802911 0.32141310407314438 1.5796463644364851 0.84131378342863172 0.24656206369400024 0.64126900327391922 0.3729763783630915 0.53798822534736246 0.69306308927480109 0.51209850888699293 1.3917316872393715 1.3894348061876369 0.51831790944561351
leaf_count=55 307 15 162 33 28 4 12 8 76 20 243 32 93 66 42 235 57 93 31 75 146 3 68 24 325 31 52 69 43 4
internal_value=-0.00267923 0.00724184 -0.00714771 -0.00917654 -0.0100793 -0.0171395 0.00190087 -0.0134128 -0.0231957 -0.0264099 -0.033829 -0.0386245 -0.00315306 -0.00525749 -0.00236231 -0.00512102 -0.00725031 -0.0119884 -0.00319913 0.000670077 -0.022628 0.0143805 -0.00229764 -0.0232137 0.021066 0.011228 -0.0047173 -0.00222338 0.00526098 0.0206966
internal_weight=26.0511 8.0898 17.9613 17.3487 17.0832 8.45975 2.77017 2.31315 2.00659 5.68958 4.35088 4.0184 8.62341 8.3011 7.78298 6.29435 6.64592 5.47035 4.3682 4.04679 1.26198 0.420667 1.3387 0.697433 0.639102 2.78481 1.20516 5.85244 3.29948 1.91005
internal_count=2452 673 1779 1617 1584 840 425 421 409 415 303 275 744 651 585 366 543 486 393 362 204 58 112 44 333 158 83 351 116 73
is_linear=0
shrinkage=0.05


Tree=139
num_leaves=31
num_cat=0
split_feature=6 11 39 5 5 17 13 29 29 36 36 30 29 30 13 29 30 30 7 29 0 30 30 30 36 30 29 30 29 36
split_gain=0.292417 0.292842 0.198857 0.452123 0.31073 1.62099 0.334229 0.450947 0.288902 0.23168 0.418687 0.316324 0.313453 0.469631 0.846741 0.287305 0.500206 0.486109 0.739248 0.312506 0.319311 0.53329 0.592714 0.309592 0.26405 0.222339 0.2175 0.595595 0.215338 0.205461
threshold=1.5000000000000002 1.0000000180025095e-35 1.0000000180025095e-35 1.0000000180025095e-35 1.0000000180025095e-35 1.0000000180025095e-35 1.0000000180025095e-35 3.3300921486066026 3.0375270496321396 24.500000000000004 22.500000000000004 18.328475884582289 3.438811922224569 8.5850002514866244 1.0000000180025095e-35 2.5467889716101815 5.850598085126598 4.1698471900137752 1.0000000180025095e-35 2.8169149823684161 10.500000000000002 8.4970819437662879 10.16755942264408 6.7337778803056185 15.500000000000002 14.430035842780081 2.773112293567868 9.0380513784891843 3.3300921486066026 21.500000000000004
decision_type=2 2 2 2 2 2 2 2 2 2 2 2 2 2 2 2 2 2 2 2 2 2 2 2 2 2 2 2 2 2
left_child=1 2 4 -4 9 -6 28 8 -8 10 11 15 13 -11 -15 16 17 18 -1 -17 -21 -22 -23 -18 -24 -16 27 -12 -7 -25
right_child=-2 -3 3 -5 5 6 7 -9 -10 12 26 -13 -14 14 25 19 23 -19 -20 20 21 22 24 29 -26 -27 -28 -29 -30 -31
leaf_value=-0.040545885953100019 0.050319679049831811 0.050085554308645357 0.050297612584043895 -0.0091397691447114068 0.050558450616689454 -0.050559780883333641 -0.0039734185390686962 -0.030110424752136253 0.031016154700421655 0.014569161031149315 -0.040202408802554518 0.037568824573463125 0.021383659252278472 -0.05254993144046595 -0.011810501833342433 -0.046444676574103047 0.056014586800307714 -0.041173508577380141 0.054869878367866755 0.026052795500679429 -0.057572903179917603 0.038567722900422617 0.03023439611278507 0.00050882370453727015 -0.026691992646962932 0.022245040350350912 -0.045274165886369344 0.032405271536373841 -0.011365151899819863 0.030997804748812099
leaf_weight=0.38100488903002361 0.29877051207586092 0.29543887247564171 0.61227682675234862 0.67011766048381105 1.6909761072747631 0.56151385488919892 1.1773218646994799 0.78873599658254523 1.1824813853017984 2.1777244672412044 0.77666671684710242 0.43924345070263449 1.7584565706201827 1.0332787537481636 1.066016007447615 0.68439111264888186 0.38249197794357348 1.0491146831773219 0.43449145928025246 0.53501799693913232 0.61089311935938928 0.58398552314611185 0.23386395326815534 2.1940468451939528 1.5795095539651809 0.87075322645250719 0.99728713824879367 0.44384805101435632 0.93222822481766343 0.73857398552354414
leaf_count=152 63 328 167 36 306 91 39 31 14 26 54 103 40 45 32 64 32 156 6 63 30 44 24 175 162 20 89 24 45 18
internal_value=0.00112682 0.000580074 2.99469e-05 0.0192385 -0.000943536 0.00864595 -0.0066209 0.0026199 0.0135596 -0.00414494 -0.00832556 -0.00390498 0.00315815 -0.00306761 -0.0159994 -0.00584145 0.00205267 -0.0186652 0.010291 -0.0155133 -0.00953885 -0.0158688 -0.00524182 0.0137056 -0.0193504 0.00350055 -0.0279521 -0.0137982 -0.0260988 0.00818741
internal_weight=27.1805 26.8818 26.5863 1.28239 25.3039 6.33326 4.64228 3.14854 2.3598 18.9707 12.0644 9.84663 6.90623 5.14777 2.97005 9.40739 5.17972 1.86461 0.815496 4.22766 3.54327 3.00825 2.39736 3.31511 1.81337 1.93677 2.2178 1.22051 1.49374 2.93262
internal_count=2479 2416 2088 203 1885 526 220 84 53 1359 1196 1029 163 123 97 926 539 314 158 387 323 260 230 225 186 52 167 78 136 193
is_linear=0
shrinkage=0.05


Tree=140
num_leaves=31
num_cat=0
split_feature=12 6 29 30 30 35 35 36 29 36 38 0 35 29 4 5 19 17 30 36 0 7 0 38 38 29 38 3 36 36
split_gain=0.276829 0.274016 0.238816 0.272589 0.307186 0.265197 0.316638 0.263824 0.237157 0.545021 0.364471 0.394421 0.205714 0.38893 0.193632 0.852791 0.401155 0.30509 0.294563 0.629767 0.540803 0.378662 0.559656 0.906881 0.507485 0.413309 0.266197 0.507655 0.381566 0.488469
threshold=1.0000000180025095e-35 1.5000000000000002 1.8505551827656268 6.9364134982229055 5.9478512286391902 8.5000000000000018 10.500000000000002 24.500000000000004 2.1245140192200878 26.500000000000004 4.5000000000000009 11.500000000000002 12.500000000000002 3.2468620983371328 1.5000000000000002 1.0000000180025095e-35 1.0000000180025095e-35 1.0000000180025095e-35 9.420392350495213 21.500000000000004 10.500000000000002 1.0000000180025095e-35 11.500000000000002 3.5000000000000004 1.5000000000000002 3.1026927801673843 4.5000000000000009 3.5000000000000004 32.500000000000007 20.500000000000004
decision_type=2 2 2 2 2 2 2 2 2 2 2 2 2 2 2 2 2 2 2 2 2 2 2 2 2 2 2 2 2 2
left_child=1 2 3 4 5 -1 7 -7 9 10 11 -4 14 -14 15 17 -16 18 19 20 -10 24 -23 -24 -20 -25 28 -28 29 -18
right_child=-2 -3 8 -5 -6 6 -8 -9 12 -11 -12 -13 13 -15 16 -17 26 -19 21 -21 -22 22 23 25 -26 -27 27 -29 -30 -31
leaf_value=-0.033963697774144458 0.050080639967064772 0.050296417052110687 0.01710667368633317 -0.045417181324355752 0.041852779919701689 -0.0058118622645962157 -0.026698696136933417 0.045080889378851963 0.0065886996002164121 0.061171285294237703 0.059150774718861147 -0.032764700344364794 -0.010637023502713486 0.048881302337688254 -0.041976673822297694 0.050467035512791927 0.016162853703872531 0.050301335313519435 0.036674948314221377 0.027812235248234382 -0.044142248303234627 -0.048433581929662378 0.043694501961903991 -0.04914926645343131 -0.04147527778854615 -0.00059331902619233154 0.032318654765630783 -0.024738277841153265 0.0405418057169303 -0.022331551118621302
leaf_weight=0.88009202768445183 0.28730456720222619 0.27594599695294064 0.90527029760415023 0.52113862172700454 0.29904559405986209 0.55981867096852489 0.67748891923110921 0.46714089810848236 1.6242750828969312 0.5394091581692918 0.25918356783222396 0.70537046558456495 0.51172354782465734 0.592038422182668 0.74711986037436773 0.87863384795491661 1.0800712337077127 0.28493749909102994 0.2440803967474493 2.0707861119881272 0.77645668119657774 0.55999023182084773 1.0904180538782386 0.54492204729467664 1.3949186498066408 2.2389526106417179 1.1733172747772185 0.58382687484845508 0.35596411349251855 3.47734168622992
leaf_count=94 335 61 293 25 7 67 63 3 107 10 4 75 23 20 48 187 123 71 132 40 93 23 39 51 167 74 37 24 4 179
internal_value=0.00126634 0.000733484 0.000208341 -0.012138 -0.00612356 -0.0116747 -0.000165762 0.0173381 0.00206513 0.0168942 0.00412115 -0.0047342 0.000299078 0.0212876 -0.000912167 0.00309217 -0.00723281 -0.000751426 -0.00213095 0.00760827 -0.00981896 -0.00930156 -0.00171121 0.00504204 -0.0298371 -0.0100978 -0.00334139 0.013361 -0.00931457 -0.0132087
internal_weight=26.607 26.3197 26.0437 3.40472 2.88359 2.58454 1.70445 1.02696 22.639 2.40923 1.86982 1.61064 20.2298 1.10376 19.126 11.7084 7.41764 10.8297 10.5448 4.47152 2.40073 6.07328 4.43428 3.87429 1.639 2.78387 6.67052 1.75714 4.91338 4.55741
internal_count=2479 2144 2083 259 234 227 133 70 1824 382 372 368 1442 43 1399 984 415 797 726 240 200 486 187 164 299 125 367 61 306 302
is_linear=0
shrinkage=0.05


Tree=141
num_leaves=31
num_cat=0
split_feature=5 17 17 30 38 20 36 35 4 31 7 7 36 0 30 13 7 3 29 38 38 30 0 7 38 13 36 20 30 36
split_gain=0.33741 1.40808 0.617957 0.452095 0.557852 0.482259 0.439942 1.07624 0.442309 0.347361 0.429393 0.347025 0.331266 0.30924 0.443901 0.412699 0.337837 0.306475 0.29576 0.288094 0.344566 0.273891 0.229658 0.509123 0.229296 0.66788 0.460463 0.19601 0.205019 0.475189
threshold=1.0000000180025095e-35 1.0000000180025095e-35 1.0000000180025095e-35 10.822270259195856 3.5000000000000004 1.0000000180025095e-35 19.500000000000004 6.5000000000000009 1.5000000000000002 5.2036832726553373 1.0000000180025095e-35 1.0000000180025095e-35 24.500000000000004 10.500000000000002 7.9383696242776152 1.0000000180025095e-35 1.0000000180025095e-35 3.5000000000000004 2.4860854977526912 2.5000000000000004 1.5000000000000002 13.6877311711388 9.5000000000000018 1.0000000180025095e-35 2.5000000000000004 1.0000000180025095e-35 22.500000000000004 1.0000000180025095e-35 11.314619380816618 28.500000000000004
decision_type=2 2 2 2 2 2 2 2 2 2 2 2 2 2 2 2 2 2 2 2 2 2 2 2 2 2 2 2 2 2
left_child=2 -2 3 6 9 17 13 -8 12 10 -5 -7 24 14 15 22 -16 -6 -14 20 -15 -19 23 -1 25 -9 -26 -3 29 -29
right_child=1 27 -4 4 5 11 7 8 -10 -11 -12 -13 18 19 16 -17 -18 21 -20 -21 -22 -23 -24 -25 26 -27 -28 28 -30 -31
leaf_value=-0.045768102883001073 0.050519127660352797 -0.037975509039951588 0.050270384052199982 -0.038698930020291539 -0.052030123570308201 0.022118727492191802 0.062903787859520541 -0.051832573302636256 -0.035774885326659261 0.050567417700969244 0.01271960425167375 -0.030426335462770862 0.0035307448539783439 0.027940242842818038 0.064469958192236651 0.028213775349671122 0.00028401539827964124 0.0090218178349617852 0.036125752003248329 0.0033485318263350664 -0.05549364679931397 -0.038552444608785291 -0.049394868786193785 0.054082370897126822 0.020075105201904454 0.018291465640584981 -0.034921016235916862 0.0012479311714271046 -0.0073765285229693989 0.062737502324691705
leaf_weight=0.32118006469682814 1.6025394223834144 0.36049332603579376 0.51706749212462355 0.6027572429738931 1.6485630721435884 0.71498375129885949 0.79125604388536874 0.76297131145838648 0.71918278193334106 0.3453984856896567 1.2440232028020546 0.56059154527611099 1.5316599538200537 0.14259722933638819 0.35828835138818238 0.38563599373446766 0.47918986162403598 0.50936635723337509 1.2755063898221122 0.44508454698370759 0.93599229794926941 0.74504944257205352 0.71846312994603068 0.21187980938702822 1.4790684669860636 0.61184489593142644 0.51247470284579333 1.7534054603893312 3.5127403485239483 0.38279176643118251
leaf_count=98 316 16 155 106 106 21 21 37 80 323 39 36 21 38 46 55 8 29 26 31 123 57 165 6 56 30 61 180 172 7
internal_value=1.00377e-05 0.00887558 -0.003624 -0.00516762 -0.0158823 -0.026599 0.000675454 0.00767468 0.00133459 0.00454494 -0.00406252 -0.000973847 0.00565765 -0.0127757 -0.00186454 -0.0170106 0.0277439 -0.0378587 0.0183411 -0.0304967 -0.0444631 -0.0192345 -0.0309457 -0.00607969 -0.00491894 -0.0206247 0.0059232 -0.00222953 5.16379e-05 0.0122664
internal_weight=26.182 7.61197 18.5701 18.053 6.37073 4.17855 11.6823 7.68396 6.89271 2.19218 1.84678 1.27558 6.17353 3.99831 2.47464 1.63716 0.837478 2.90298 2.80717 1.52367 1.07859 1.25442 1.25152 0.53306 3.36636 1.37482 1.99154 6.00943 5.64894 2.1362
internal_count=2465 691 1774 1619 717 249 902 332 311 468 145 57 231 570 378 324 54 192 47 192 161 86 269 104 184 67 117 375 359 187
is_linear=0
shrinkage=0.05


Tree=142
num_leaves=31
num_cat=0
split_feature=31 8 6 18 30 7 5 30 5 36 7 36 15 35 13 13 30 36 38 15 7 0 17 29 29 35 30 30 36 5
split_gain=0.372482 0.298533 0.284453 0.28239 0.186297 0.342573 0.28917 0.237445 0.175034 0.168478 0.583445 0.320623 0.312201 0.232423 0.52515 0.258652 0.388616 0.427517 0.452724 0.426276 0.351285 0.238656 0.236941 0.216024 0.299551 0.29517 0.478001 0.29866 0.490112 0.408103
threshold=5.2036832726553373 1.5000000000000002 1.5000000000000002 1.5000000000000002 4.1698471900137752 1.0000000180025095e-35 1.0000000180025095e-35 5.4521361837224109 1.0000000180025095e-35 15.500000000000002 1.0000000180025095e-35 16.500000000000004 1.0000000180025095e-35 5.5000000000000009 1.0000000180025095e-35 1.0000000180025095e-35 11.314619380816618 22.500000000000004 4.5000000000000009 1.0000000180025095e-35 1.0000000180025095e-35 13.500000000000002 1.0000000180025095e-35 3.9976927939054847 3.438811922224569 8.5000000000000018 9.0004091861251769 7.9383696242776152 26.500000000000004 1.0000000180025095e-35
decision_type=2 2 2 2 2 2 2 2 2 2 2 2 2 2 2 2 2 2 2 2 2 2 2 2 2 2 2 2 2 2
left_child=1 2 3 4 5 6 -1 8 -6 10 12 -11 -9 14 -13 23 17 19 -19 20 -17 -18 -16 24 25 26 -15 28 -27 -29
right_child=-2 -3 -4 -5 7 -7 -8 9 -10 11 -12 13 -14 15 22 16 21 18 -20 -21 -22 -23 -24 -25 -26 27 -28 29 -30 -31
leaf_value=-0.029394493374001525 0.042295943209740602 0.05154730609518058 0.050281576808576416 0.050569849975151973 -0.03775319363057289 0.054361540137504973 0.050478803143147448 -0.035727903779289687 0.017127673698752871 -0.037832406150541481 0.055269582975854763 0.035488251707102569 0.050613596806666487 -0.039207914212903566 -0.036557327280792737 -0.039085184074557577 -0.024388688566981339 0.058781357358087184 0.0033841453060958157 0.043641877927284335 0.010365993875703699 7.8803588457523072e-07 0.010861461969497745 -0.036582653600979335 0.010147567992401303 -0.014800593907018302 0.017372124611112365 -0.045114791871625502 0.052178956406975431 -0.00018189180722120811
leaf_weight=0.38864041719354503 0.52440113271586497 0.27497984358342265 0.26932871408644032 0.25892913760617275 0.76587073382688942 0.40876708005089313 0.15995331038720906 0.47107304236851877 0.17929787933826447 0.63233233732171612 0.53075597493443638 1.2340527278138351 0.13461589597864076 0.48944692467921269 0.52077486261259764 0.68328860623296372 1.2823957388172855 0.8840126965078523 0.6328122806007741 0.42987104842904944 0.75698309112340212 4.603962765308097 0.53312568669207394 0.67174693255219686 1.9520347910583948 2.3218641788989776 1.5728603903553446 1.6515033408068123 0.30952762244851317 0.72813581371156022
leaf_count=188 401 48 64 26 150 13 32 139 36 74 9 55 26 59 33 93 76 38 21 53 23 204 8 62 104 156 68 148 8 65
internal_value=0.000579209 -0.00027092 -0.000830625 -0.00137714 -0.00191668 0.0197121 -0.00610586 -0.00278045 -0.0273423 -0.00177229 0.0169983 -0.00274675 -0.0165383 -0.00170313 0.0133511 -0.00351876 0.00245149 0.0159452 0.0356699 -5.30436e-05 -0.0130945 -0.00531268 -0.0125701 -0.0092281 -0.00719213 -0.0119774 0.003944 -0.0185299 -0.00692187 -0.031366
internal_weight=26.2573 25.7329 25.458 25.1886 24.9297 0.957361 0.548594 23.9723 0.945169 23.0272 1.13644 21.8907 0.605689 21.2584 2.28795 18.9704 9.27333 3.38697 1.51682 1.87014 1.44027 5.88636 1.0539 9.69712 9.02537 7.07334 2.06231 5.01103 2.63139 2.37964
internal_count=2480 2079 2031 1967 1941 233 220 1708 186 1522 174 1348 165 1274 96 1178 508 228 59 169 116 280 41 670 608 504 127 377 164 213
is_linear=0
shrinkage=0.05


Tree=143
num_leaves=31
num_cat=0
split_feature=11 39 2 36 36 29 5 17 5 29 13 36 7 30 29 29 13 17 5 36 30 29 30 36 30 36 30 36 7 36
split_gain=0.285248 0.273881 0.319292 0.43901 0.414575 0.346302 0.313603 0.60397 0.278262 0.255174 0.310853 0.245876 0.628667 0.269871 0.234257 0.21126 0.580683 0.342549 0.785454 0.373255 0.782074 0.454366 0.405316 0.301766 0.353669 0.338205 0.338023 0.308374 0.303348 0.287435
threshold=1.0000000180025095e-35 1.0000000180025095e-35 1.5000000000000002 24.500000000000004 32.500000000000007 5.2036832726553373 1.0000000180025095e-35 1.0000000180025095e-35 1.0000000180025095e-35 2.9057986818614658 1.0000000180025095e-35 17.500000000000004 1.0000000180025095e-35 4.1698471900137752 1.6444966750710746 2.5467889716101815 1.0000000180025095e-35 1.0000000180025095e-35 1.0000000180025095e-35 22.500000000000004 10.878556223131921 3.3300921486066026 14.430035842780081 20.500000000000004 5.9478512286391902 19.500000000000004 4.3596116904199791 26.500000000000004 1.0000000180025095e-35 20.500000000000004
decision_type=2 2 2 2 2 2 2 2 2 2 2 2 2 2 2 2 2 2 2 2 2 2 2 2 2 2 2 2 2 2
left_child=1 2 4 6 5 15 11 -8 -3 14 -11 12 -4 -13 -5 16 23 18 19 21 -21 -17 -22 24 26 -26 28 -25 -1 -23
right_child=-2 8 3 9 -6 -7 7 -9 -10 10 -12 13 -14 -15 -16 17 -18 -19 -20 20 22 29 -24 27 25 -27 -28 -29 -30 -31
leaf_value=-0.019457099251559699 0.050078803212005099 0.050266587556655473 -0.050091847187059328 0.0062999481022492955 0.060075912521191668 0.050631115208199184 0.050423832962756258 -0.032245744669354245 -0.00041556663568045947 -0.016776409653630735 0.034638908661564605 0.018211399418313946 0.053617865432107184 -0.05325830029185652 -0.03458424701335687 -0.035510954793248513 0.042772288066274484 -0.022229167622673181 0.050568905089318023 0.032779394480796392 -0.024748827537152691 -0.017866972230548516 0.0093200779570370186 -0.024834079034925599 0.011151220765353978 0.061786274003437995 -0.042009678321636712 0.023283379304238471 0.053866608505480043 0.027426755263552746
leaf_weight=0.30160836246798017 0.27863541868282382 0.51754870952572563 0.36737979319877911 0.76482475320517573 0.29638514516409387 0.33676691408618253 0.35516913326864585 0.58456724579446018 0.56809191429056227 0.43445213080849476 0.9091693161171861 0.14609149051830161 0.24262882582843304 1.3776518029626457 0.64654848670761567 1.7085826442926157 0.95859240426216263 2.2012653448036863 0.70175386904156845 1.5983567897928876 1.9357655412750321 0.76678842375986256 1.590136370679829 1.5735446247272191 1.1289656085427848 0.465852302731946 0.48571123497094959 0.42234893608838309 0.26498383656144142 0.64483202889095992
leaf_count=85 346 158 227 10 5 191 68 66 39 27 35 35 5 197 45 116 123 72 133 38 58 44 44 113 68 13 40 16 4 30
internal_value=-0.000223425 -0.000800301 -0.0019484 -0.0120757 0.00144742 0.000430402 -0.0250677 -0.00100115 0.0237457 0.00241817 0.0180141 -0.0356669 -0.00884167 -0.046406 -0.0124291 -0.000578963 0.00734267 -0.00455958 -0.000211886 -0.00453426 0.00376746 -0.018168 -0.00938419 2.79098e-05 0.0110964 0.0259419 -0.0114028 -0.014652 0.0148349 0.00282332
internal_weight=24.575 24.2964 23.2107 5.82848 17.3822 17.0859 3.07349 0.939736 1.08564 2.75499 1.34362 2.13375 0.610009 1.52374 1.41137 16.7491 5.60161 11.1475 8.94622 8.24446 5.12426 3.1202 3.5259 4.64301 2.64712 1.59482 1.0523 1.99589 0.566592 1.41162
internal_count=2451 2105 1908 715 1193 1188 598 134 197 117 62 464 232 232 55 997 462 535 463 330 140 190 102 339 210 81 129 129 89 74
is_linear=0
shrinkage=0.05


Tree=144
num_leaves=31
num_cat=0
split_feature=30 38 36 4 36 5 30 35 36 13 30 30 36 7 29 29 15 36 36 36 30 30 35 35 35 7 35 35 7 0
split_gain=0.265383 0.708963 0.380657 0.244478 0.510761 0.526207 0.512993 0.509679 1.95139 0.452787 0.438247 0.417616 0.380406 0.862704 0.378135 0.480749 0.3283 0.209361 0.209478 0.278041 0.406299 0.282354 0.243291 0.29905 0.482162 0.318599 0.165545 0.161574 0.226617 0.158994
threshold=11.314619380816618 1.5000000000000002 28.500000000000004 1.5000000000000002 26.500000000000004 1.0000000180025095e-35 8.4970819437662879 7.5000000000000009 20.500000000000004 1.0000000180025095e-35 10.748367880957076 8.5850002514866244 20.500000000000004 1.0000000180025095e-35 3.1385506848250149 3.009344842060647 1.0000000180025095e-35 25.500000000000004 16.500000000000004 17.500000000000004 7.9383696242776152 7.9383696242776152 8.5000000000000018 10.500000000000002 11.500000000000002 1.0000000180025095e-35 11.500000000000002 6.5000000000000009 1.0000000180025095e-35 13.500000000000002
decision_type=2 2 2 2 2 2 2 2 2 2 2 2 2 2 2 2 2 2 2 2 2 2 2 2 2 2 2 2 2 2
left_child=2 -2 3 4 5 6 14 8 -8 10 -9 -11 13 -5 15 16 17 18 27 20 -20 22 -21 -24 -25 -26 -14 -1 -29 -3
right_child=1 29 -4 12 -6 -7 7 9 -10 11 -12 -13 26 -15 -16 -17 -18 -19 19 21 -22 -23 23 24 25 -27 -28 28 -30 -31
leaf_value=-0.044336525402855209 0.050764118681746843 -0.018709994695613807 0.050172582447851014 -0.017010478689363392 0.059745112807071302 0.050335258778152973 -0.0059756947315761869 -0.046718560958955456 0.10260354265681089 0.086194146401025754 0.0072894216043729691 0.008515312591244566 -0.031361631414513529 0.061149856519098912 -0.058745776602880918 0.038246045654188876 0.050418721729125093 -0.056404507106212566 -0.0072238028012749913 -0.041203201511659758 0.067678781250979592 -0.051004037072273772 0.020214283895375721 -0.041732646450723554 -0.015235317724481412 0.056049652850544231 0.010442696842867883 -0.035141436270620878 0.053204420667490239 -0.0042561329302717608
leaf_weight=0.63097247976110704 0.53410538006573816 2.6918418131535855 0.45907983632059846 1.0344304744503472 0.4473707121069318 0.6116506556572866 1.0445872895070349 0.62956524189212382 0.68525600057910185 0.24358627200126637 0.93118530127685517 0.59731574697070755 1.4260147532040717 0.53596593419206318 0.32588961272267614 0.62020497681805853 0.22855348302982736 0.24014677706873033 0.43540430325083423 0.39359312976012084 0.30991407239343971 0.37077561416663218 1.1247736896038989 0.74639964045491047 0.33979487465694547 0.29095924197463319 0.28397749213036139 0.18197281891480088 0.12075493281008676 6.4894688389031217
leaf_count=110 405 209 17 186 16 160 63 48 7 1 47 63 132 14 9 38 72 7 67 38 8 32 66 58 49 5 35 109 7 375
internal_value=0.00122583 -0.00523611 0.00533179 0.00394378 0.00736487 0.00525438 0.0026262 0.016344 0.0370366 0.00143962 -0.014496 0.0310167 -0.00810226 0.00966513 -0.00628479 -0.00345153 -0.00822821 -0.0108131 -0.00859919 -0.00363457 0.0239218 -0.00992249 -0.00466194 0.00108658 -0.0145357 0.0176476 -0.0244192 -0.0299295 9.88017e-05 -0.00849382
internal_weight=25.0055 9.71542 15.2901 14.831 11.5506 11.1033 10.4916 4.1315 1.72984 2.40165 1.56075 0.840902 3.28039 1.5704 6.36011 6.03422 5.41402 5.18546 4.94531 4.01161 0.745318 3.2663 2.89552 2.50193 1.37715 0.630754 1.70999 0.9337 0.302728 9.18131
internal_count=2453 989 1464 1447 1080 1064 904 229 70 159 95 64 367 200 675 666 628 556 549 323 75 248 216 178 112 54 167 226 116 584
is_linear=0
shrinkage=0.05


Tree=145
num_leaves=31
num_cat=0
split_feature=18 6 11 4 5 17 29 29 30 36 36 35 29 30 35 7 15 0 7 36 15 30 0 30 30 30 14 0 30 35
split_gain=0.27302 0.270355 0.262802 0.225624 1.04301 0.383342 0.353929 0.961508 0.353155 0.611812 0.389833 2.3396 0.875883 0.545848 0.371968 0.550069 0.445972 0.429444 0.355929 0.803455 0.335124 0.635486 0.305608 0.538265 0.406758 0.307905 0.297955 0.260202 0.787089 0.256718
threshold=1.5000000000000002 1.5000000000000002 1.0000000180025095e-35 1.5000000000000002 1.0000000180025095e-35 1.0000000180025095e-35 3.1385506848250149 3.2468620983371328 10.863928688319859 26.500000000000004 20.500000000000004 7.5000000000000009 3.009344842060647 7.9383696242776152 6.5000000000000009 1.0000000180025095e-35 1.0000000180025095e-35 10.500000000000002 1.0000000180025095e-35 16.500000000000004 1.0000000180025095e-35 15.829056705390736 13.500000000000002 14.475916880138364 18.872445147399201 14.17622259337954 1.5000000000000002 13.500000000000002 12.580775637471541 10.500000000000002
decision_type=2 2 2 2 2 2 2 2 2 2 2 2 2 2 2 2 2 2 2 2 2 2 2 2 2 2 2 2 2 2
left_child=1 2 3 4 5 8 20 -8 9 10 14 -12 13 29 17 16 -16 18 19 -1 26 -22 25 -24 -25 -10 -5 28 -9 -13
right_child=-2 -3 -4 6 -6 -7 7 27 22 -11 11 12 -14 -15 15 -17 -18 -19 -20 -21 21 -23 23 24 -26 -27 -28 -29 -30 -31
leaf_value=-0.034223697051783943 0.05052744448458895 0.050285363825806978 0.05007564431777739 -0.028353665567116982 0.050410633947135387 0.050219254909798894 0.053760386092611613 -0.046842194242060334 -0.036831273336634503 0.062627763861550195 0.09144213753659336 0.016395561852458024 0.045380079354581923 -0.048465799238088081 -0.050162085517316837 0.026224425585846391 0.050242096681430107 -0.046870608139446546 -0.024740781408676808 0.092626742346607269 0.051869274099611 -0.046900846910547224 0.02684588358754297 -0.049180776101494406 0.017459611272710542 0.0014405026947697406 0.0084368545134295807 -0.017994033599536809 0.053011264889508219 -0.018513886763693449
leaf_weight=0.25091518438421567 0.26836509676650067 0.26248078755452198 0.25179240854049467 3.3931674351915717 1.0522249787463813 0.35343193606240753 0.76346490299329195 0.31982829258777234 1.7791090246755641 0.41216145199723619 0.746307699009776 0.95575983717572066 0.69169335789047171 0.94722244190052141 0.5456982845207673 1.2159819621010683 0.13870961527572945 1.0838548546307718 0.81366892904043198 0.24841588735580444 0.43797237842227321 0.25925071694655344 0.98789006855804451 0.63779243500903249 0.3572384757862892 0.74584879673784588 0.65685769985429932 2.2069362874608487 0.51534348548739217 1.1729450326529329
leaf_count=96 29 63 332 300 251 125 10 23 120 6 10 39 20 60 257 26 47 79 15 1 50 6 48 57 23 141 18 102 68 34
internal_value=0.000372955 -0.00018314 -0.000736448 -0.00127652 0.0023914 -0.00119598 -0.00776804 0.00359211 -0.00251938 0.00308646 0.00030129 0.0105628 -0.00545818 -0.0168903 -0.0104776 0.00604304 -0.0298131 -0.0235763 -0.00434737 0.0288841 -0.0168748 0.0151433 -0.0139892 0.00070144 -0.0252554 -0.0255262 -0.0223868 -0.00899841 0.0147725 -0.00284001
internal_weight=24.4723 24.204 23.9415 23.6897 15.1369 14.0846 8.55282 3.80557 13.7312 9.22333 8.81117 4.51393 3.76762 3.07593 4.29724 1.90039 0.684408 2.39685 1.313 0.499331 4.74725 0.697223 4.50788 1.98292 0.995031 2.52496 4.05003 3.04211 0.835172 2.1287
internal_count=2456 2427 2364 2032 1455 1204 577 203 1079 690 684 163 153 133 521 330 304 191 112 97 374 56 389 128 80 261 318 193 91 73
is_linear=0
shrinkage=0.05


Tree=146
num_leaves=31
num_cat=0
split_feature=5 17 17 36 36 32 35 32 32 36 32 29 29 0 7 35 35 32 15 3 36 36 31 36 29 13 36 32 36 36
split_gain=0.316196 1.24289 0.575226 0.32178 0.367819 0.373381 0.614922 0.498304 0.374611 0.36418 0.393325 0.440175 0.429894 0.334876 0.40789 0.294067 0.278423 0.309804 0.372741 0.407415 0.276686 0.258697 0.226467 0.219707 0.206726 0.172306 0.287768 0.35825 0.294131 0.245499
threshold=1.0000000180025095e-35 1.0000000180025095e-35 1.0000000180025095e-35 24.500000000000004 27.500000000000004 13.633272246303319 11.500000000000002 8.5850002514866244 10.822270259195856 22.500000000000004 18.328475884582289 2.4860854977526912 1.6444966750710746 9.5000000000000018 1.0000000180025095e-35 7.5000000000000009 11.500000000000002 6.7337778803056194 1.0000000180025095e-35 4.5000000000000009 19.500000000000004 17.500000000000004 3.3300921486066026 16.500000000000004 3.1385506848250149 1.0000000180025095e-35 27.500000000000004 8.8870815510940329 20.500000000000004 22.500000000000004
decision_type=2 2 2 2 2 2 2 2 2 2 2 2 2 2 2 2 2 2 2 2 2 2 2 2 2 2 2 2 2 2
left_child=2 -2 3 9 5 7 -7 -5 -9 10 11 12 13 14 -1 -11 17 -13 19 -19 21 23 -6 -14 -20 29 27 -27 -29 -3
right_child=1 25 -4 4 22 6 -8 8 -10 15 -12 16 20 -15 -16 -17 -18 18 24 -21 -22 -23 -24 -25 -26 26 -28 28 -30 -31
leaf_value=-0.040834019346327272 0.050480381170257341 0.012689796634532789 0.050249434236828962 0.017672041490622657 -0.042292953697746001 0.0020834866032433926 0.067007775908477438 0.0019777481696323248 -0.044855770501491282 0.020373285906399214 0.039296254108245082 0.02566118832062364 -0.014352428197660347 -0.046284775159283975 0.053503177370126387 -0.038609830037579437 0.029463227977545858 -0.04745288991440088 0.028068676466500287 0.025139185291668722 0.027648278405838639 -0.039526289210430318 0.0063078777784112737 0.030972058907841934 -0.020146156465081867 0.019125165625621554 0.019046841372371517 0.0084173713028315202 -0.042589662687839237 -0.025358112327108037
leaf_weight=0.21638683986385288 1.4300957545347035 0.61495827152975824 0.47874727699672703 1.9719941327639383 0.63199529176927149 0.84267786578857318 0.6429935687338002 0.94760914871585533 0.77715350507060066 0.2432110674562854 0.44629981424077403 0.27872722817119289 0.51300361694302432 0.67005200497806072 0.24354629212757573 1.6112978115270378 0.25226715020835389 2.0313294527586558 0.33730312983971078 0.21361072667059477 1.4923003533622248 0.36385540940682393 0.38614661095198244 0.55841233133105561 0.65215109597193077 0.7368686173576865 1.8136066312144974 0.43328967844718114 0.81283921934664249 1.3650536214699966
leaf_count=86 311 111 158 34 35 37 14 28 29 10 241 28 184 40 5 178 34 309 37 29 82 92 21 63 21 32 40 44 44 107
internal_value=-1.34216e-05 0.00874811 -0.00377118 -0.00535545 0.00361444 0.00901214 0.0301825 0.000504084 -0.0191248 -0.0108493 -0.00635835 -0.00896295 0.00246241 -0.0237336 0.00911993 -0.0308744 -0.0212748 -0.0249182 -0.0292769 -0.0405456 0.0125736 -0.00310013 -0.0238603 0.00927029 -0.00370981 -0.00158339 0.0046528 -0.00851169 -0.0248541 -0.0135411
internal_weight=24.0098 7.20671 16.8031 16.3243 6.20057 5.18243 1.48567 3.69676 1.72476 10.1238 8.26925 7.82295 4.05756 1.12999 0.459933 1.85451 3.76539 3.51312 3.23439 2.24494 2.92757 1.43527 1.01814 1.07142 0.989454 5.77662 3.7966 1.983 1.24613 1.98001
internal_count=2484 689 1795 1637 198 142 51 91 57 1439 1251 1010 552 131 91 188 458 424 396 338 421 339 56 247 58 378 160 120 88 218
is_linear=0
shrinkage=0.05


Tree=147
num_leaves=31
num_cat=0
split_feature=8 18 6 37 38 31 38 36 15 38 7 0 38 35 32 32 32 36 35 29 36 36 0 32 36 0 35 36 5 0
split_gain=0.284062 0.258195 0.246221 0.248789 0.830432 0.42166 0.325318 0.262376 0.235274 0.423071 0.450486 0.405977 0.658567 0.587971 0.4938 0.752898 0.454082 0.502838 0.452663 0.254513 0.229069 0.493979 0.206675 0.22123 0.187717 0.163682 0.28164 0.264464 0.25576 0.163518
threshold=1.5000000000000002 1.5000000000000002 1.5000000000000002 1.5000000000000002 4.5000000000000009 5.2036832726553373 5.5000000000000009 31.500000000000004 1.0000000180025095e-35 1.5000000000000002 1.0000000180025095e-35 11.500000000000002 1.5000000000000002 9.5000000000000018 13.631613181452218 15.449549907884528 11.658087357612452 26.500000000000004 12.500000000000002 2.6561704564304831 28.500000000000004 27.500000000000004 13.500000000000002 11.929876717786206 20.500000000000004 12.500000000000002 10.500000000000002 21.500000000000004 1.0000000180025095e-35 13.500000000000002
decision_type=2 2 2 2 2 2 2 2 2 2 2 2 2 2 2 2 2 2 2 2 2 2 2 2 2 2 2 2 2 2
left_child=1 2 3 4 5 7 20 8 11 -10 -11 12 -1 -13 16 -16 17 18 -15 24 21 22 23 25 -14 26 27 -5 -27 -12
right_child=-2 -3 -4 6 -6 -7 -8 -9 9 10 29 13 19 14 15 -17 -18 -19 -20 -21 -22 -23 -24 -25 -26 28 -28 -29 -30 -31
leaf_value=-0.029874218095015576 0.051569391611129604 0.050499776669389235 0.050262982918889199 -0.015501694924713302 0.058613841899679137 0.05051071300992608 0.056372294334018441 0.040872536392237355 0.050663728454321738 -0.031738706951421884 0.0020108186782268828 -0.036083581261958535 0.013421079626103342 -0.038033902281244036 0.03168790029311612 -0.03732789455229784 -0.044885323279461556 0.030861666859255961 0.023902038131488047 0.028022909349622288 -0.043150854919586659 0.060615167827682052 -0.030847284365044927 0.032703889856356437 -0.014130815232081788 -0.049406716644889326 -0.036504111405572984 0.018817866640738638 0.017241389194225881 0.034648769022771843
leaf_weight=1.0842141017783626 0.27370352316938706 0.25374227622523804 0.23912521492456917 1.0294901229790419 0.63118175772251461 0.40570458379806851 0.18145789416303149 0.36379912076518017 0.54333936196053523 0.7016262171091513 0.86264078808017075 1.9690822988632133 1.7790266342635734 1.0478179834317423 1.5950451722601431 0.52530825557187188 0.97925893450155843 0.7038711531786247 0.41060902300523583 1.8121612206450661 0.52371148811653245 0.24657456669956435 1.1154803483514113 0.33045428933110077 0.94746239623054851 0.52814598759869102 0.55603027733741317 1.234400355373509 0.19787544780410826 0.69129239613539539
leaf_count=217 51 29 61 382 13 389 9 7 149 21 22 227 56 94 42 36 64 22 9 39 19 3 122 45 43 63 142 35 21 28
internal_value=0.000926191 0.000336099 -0.000211695 -0.000736535 0.00233368 0.000170579 -0.0095456 -0.00110455 -0.00208018 0.0110565 0.00151552 -0.00494065 0.00513618 -0.0127765 -0.0040546 0.0145895 -0.0166382 -0.00384571 -0.0205963 0.0134996 -0.0116214 -0.0084693 -0.0118817 -0.00642417 0.00384672 -0.0100706 -0.00461979 0.00321126 -0.0312419 0.0165303
internal_weight=23.7636 23.4899 23.2362 22.9971 17.0534 16.4223 5.94362 16.0166 15.6528 2.7989 2.25556 12.8539 5.62286 7.23099 5.26191 2.12035 3.14156 2.1623 1.45843 4.53865 5.76216 5.23845 4.99188 3.8764 2.72649 3.54594 2.81992 2.26389 0.726021 1.55393
internal_count=2460 2409 2380 2319 1478 1465 841 1076 1069 220 71 849 355 494 267 78 189 125 103 138 832 813 810 688 99 643 559 417 84 50
is_linear=0
shrinkage=0.05


Tree=148
num_leaves=31
num_cat=0
split_feature=6 11 15 30 29 29 0 36 7 35 36 36 7 0 35 7 35 36 30 29 0 29 29 35 4 30 30 36 36 35
split_gain=0.244895 0.24177 0.244669 0.546534 0.503117 0.200398 0.241142 0.250119 0.221221 0.198113 0.236058 0.193032 0.187139 0.166786 0.188194 0.316015 0.30458 0.544278 0.314041 0.350193 0.22301 0.240235 0.189452 0.155202 0.140686 0.193875 0.555334 0.405635 0.436534 0.367642
threshold=1.5000000000000002 1.0000000180025095e-35 1.0000000180025095e-35 11.493068130722984 3.2468620983371328 1.8505551827656268 9.5000000000000018 20.500000000000004 1.0000000180025095e-35 10.500000000000002 24.500000000000004 22.500000000000004 1.0000000180025095e-35 11.500000000000002 11.500000000000002 1.0000000180025095e-35 7.5000000000000009 18.500000000000004 7.6579132060497477 5.2036832726553373 10.500000000000002 2.5467889716101815 3.009344842060647 8.5000000000000018 2.5000000000000004 13.924192733274621 14.475916880138364 32.500000000000007 27.500000000000004 11.500000000000002
decision_type=2 2 2 2 2 2 2 2 2 2 2 2 2 2 2 2 2 2 2 2 2 2 2 2 2 2 2 2 2 2
left_child=1 2 5 -4 11 6 8 -8 -1 10 -9 -5 -6 14 16 -16 17 20 22 -20 21 -7 23 -18 25 -15 -27 28 29 -28
right_child=-2 -3 3 4 12 13 7 9 -10 -11 -12 -13 -14 24 15 -17 18 -19 19 -21 -22 -23 -24 -25 -26 26 27 -29 -30 -31
leaf_value=-0.01306008563583249 0.050262040550295664 0.050076567521157724 0.04740953802266655 -0.039988053113062624 0.0033645076519767344 0.024560593092890885 -0.04683682055427877 -0.027112215576957196 0.053283704161546513 -0.035769003418159286 0.021777408355150043 0.00019000793977565228 0.047525142342300326 -0.0079956151959475006 -0.025558236994537492 0.057364710190044271 0.030031422859737512 0.053580533228333706 -0.047393081240757695 0.050681356665575585 -0.028813036371638401 -0.025686910849434197 0.027350726286372414 -0.028807836150594224 0.020047916917640077 0.033544931468323783 -0.011489043639268792 0.047684494183870996 -0.044212387591613396 0.046452940077565674
leaf_weight=0.27807836368448535 0.25437412998871778 0.24779134283016802 0.86092578186071422 0.64201041217893384 0.44463415903737757 0.95651564531727051 0.66892881924286518 0.40941266970185075 0.2292294017970562 0.50823932586354192 0.62202296452596784 0.55944267188897356 0.52101359606604092 8.4929657622051256 0.15751157063641574 0.42464320245198905 0.15180856536608167 0.70169091108255077 0.68567117553902779 0.1049516616621986 0.45214646676322434 0.31661190785234794 0.56078521895688027 0.42818194947903976 0.65398737206123847 1.214333056472243 1.2734602215350612 0.30034208309371013 0.79750218905974168 0.34873593936208624
leaf_count=88 66 337 151 20 39 94 57 44 4 29 12 23 23 640 70 6 38 9 87 68 64 37 17 177 25 33 166 3 36 22
internal_value=0.00146027 0.000943317 0.000431035 0.0137076 0.000318754 -0.00150754 -0.0141688 -0.0213093 0.0169177 -0.0102186 0.00237142 -0.0212796 0.0271913 0.00040053 0.00822744 0.0349285 0.00466093 0.0164523 -0.0101559 -0.0343741 0.00135173 0.0120646 0.00662875 -0.0134071 -0.00255552 -0.00374502 0.00543057 -0.00712079 -0.0139234 0.000967189
internal_weight=24.2679 24.0136 23.7658 3.02803 2.1671 20.7378 2.71591 2.2086 0.507308 1.53967 1.03144 1.20145 0.965648 18.0218 4.94052 0.582155 4.35836 2.42696 1.9314 0.790623 1.72527 1.27313 1.14078 0.579991 13.0813 12.4273 3.93437 2.72004 2.4197 1.6222
internal_count=2485 2419 2082 256 105 1826 234 142 92 85 56 43 62 1592 667 76 591 204 387 155 195 131 232 215 925 900 260 227 224 188
is_linear=0
shrinkage=0.05


Tree=149
num_leaves=31
num_cat=0
split_feature=8 4 2 6 30 35 36 38 38 29 8 30 35 35 30 36 4 15 30 5 29 29 29 36 35 36 35 36 36 8
split_gain=0.27826 0.269086 0.234624 0.234627 0.200889 0.341949 0.354262 0.282627 0.713786 0.339224 0.249043 0.213104 0.368908 0.344949 0.610894 0.376932 0.210565 0.454122 0.4267 0.430799 0.336449 0.317062 0.29362 0.290959 0.425465 0.388786 0.288569 0.284122 0.263319 0.370732
threshold=1.5000000000000002 2.5000000000000004 1.0000000180025095e-35 1.5000000000000002 10.483253181921015 11.500000000000002 26.500000000000004 3.5000000000000004 2.5000000000000004 5.2036832726553373 1.0000000180025095e-35 13.631613181452218 11.500000000000002 11.500000000000002 15.829056705390736 30.500000000000004 1.5000000000000002 1.0000000180025095e-35 8.4970819437662879 1.0000000180025095e-35 3.1385506848250149 2.9453808215463142 2.4860854977526912 20.500000000000004 7.5000000000000009 15.500000000000002 10.500000000000002 24.500000000000004 20.500000000000004 1.0000000180025095e-35
decision_type=2 2 2 2 2 2 2 2 2 2 2 2 2 2 2 2 2 2 2 2 2 2 2 2 2 2 2 2 2 2
left_child=1 2 -1 4 5 16 -7 8 9 10 -6 12 -9 14 -13 -16 18 28 19 20 21 22 26 25 -25 -20 27 -4 29 -18
right_child=-2 -3 3 -5 7 6 -8 11 -10 -11 -12 13 -14 -15 15 -17 17 -19 23 -21 -22 -23 -24 24 -26 -27 -28 -29 -30 -31
leaf_value=0.050062178883164811 0.051528316851368751 0.029698635651332735 -0.0062893534303762174 0.05025931050806498 -0.029596364204762367 0.0098946875790686048 0.068054959597850337 -0.0099443547178067124 0.050651550500778769 0.050713263958406987 0.002878457696647194 -0.040252318124244374 -0.046491439378859481 0.012811702421379488 -0.0079408874305350007 0.054177089602297425 -0.022961933717545138 0.051096392981158173 0.039501205372323295 0.05033490886855161 -0.058699376431902428 0.02681101728717139 -0.043433979792687372 0.056705796860358273 0.005519150613921376 -0.034774308625130694 -0.04165726703139 0.035125872092201429 -0.041168554860673778 0.055450654003583878
leaf_weight=0.2220654894772548 0.26445878105005149 0.73470607760827888 2.2797945810889426 0.21593576742452469 1.1183753168443209 0.87535095788916695 0.37356103640922811 1.9969115654239433 0.68282648548483837 0.23349335062084708 1.2504451480344869 1.3275293191545645 1.0554208417888729 1.6265542765613643 0.93328310042852514 0.33076373906806111 0.56347851327154763 0.22889600438065816 0.29238315660040859 0.33111007332627185 0.31361734075471748 0.66217219515237946 0.57987851055804629 0.8630371809704227 0.76654433240764774 0.44329928437946364 0.45640354324132193 0.50603914260864247 0.9686694661504589 0.20579334342619404
leaf_count=387 53 39 373 56 146 119 8 210 48 91 31 98 56 37 81 6 139 20 25 86 6 35 61 11 34 40 77 3 89 8
internal_value=0.00053982 -6.11316e-05 -0.00106855 -0.00159712 -0.00212368 0.00270086 0.027291 -0.00701879 0.00515258 -0.00678599 -0.0124537 -0.0125184 -0.0225814 -0.00523656 -0.0165642 0.00831355 -0.000545153 -0.0151055 0.00327615 -0.00482579 -0.00863251 -0.00513098 -0.0106649 0.020845 0.0326279 -0.0052549 -0.00480406 0.00123361 -0.0238247 -0.00198523
internal_weight=22.7028 22.4383 21.7036 21.4816 21.2656 10.71 1.24891 10.5556 3.28514 2.60231 2.36882 7.27046 3.05233 4.21813 2.59158 1.26405 9.46112 1.96684 7.49428 5.12902 4.79791 4.48429 3.82212 2.36526 1.62958 0.735682 3.24224 2.78583 1.73794 0.769272
internal_count=2473 2420 2381 1994 1938 1134 127 804 316 268 177 488 266 222 185 87 1007 256 751 641 555 549 514 110 45 65 453 376 236 147
is_linear=0
shrinkage=0.05


Tree=150
num_leaves=31
num_cat=0
split_feature=39 38 5 11 15 38 29 38 38 0 38 35 29 38 30 30 30 29 35 8 2 36 36 13 36 5 8 29 5 30
split_gain=0.247245 0.253114 0.231321 0.223326 0.180671 0.390955 0.28847 0.459593 0.43821 0.250207 0.749049 0.423872 0.365757 0.359427 0.294943 0.378796 0.569961 0.567965 0.265387 0.38991 0.920381 0.250886 0.604726 0.552729 0.232293 0.229836 0.213359 0.327238 0.209068 0.155635
threshold=1.0000000180025095e-35 5.5000000000000009 1.0000000180025095e-35 1.0000000180025095e-35 1.0000000180025095e-35 1.5000000000000002 3.5447213558571025 1.5000000000000002 1.5000000000000002 11.500000000000002 2.5000000000000004 10.500000000000002 3.009344842060647 2.5000000000000004 16.096815732068336 14.523802371933298 13.924192733274621 2.4860854977526912 11.500000000000002 1.0000000180025095e-35 1.5000000000000002 26.500000000000004 28.500000000000004 1.0000000180025095e-35 24.500000000000004 1.0000000180025095e-35 1.0000000180025095e-35 3.1026927801673843 1.0000000180025095e-35 9.0004091861251769
decision_type=2 2 2 2 2 2 2 2 2 2 2 2 2 2 2 2 2 2 2 2 2 2 2 2 2 2 2 2 2 2
left_child=1 3 -2 4 6 -6 8 -8 -1 12 -11 14 13 18 15 16 17 24 19 20 -10 23 -23 -13 29 -19 -7 -28 -9 -12
right_child=2 -3 -4 -5 5 26 7 28 9 10 11 21 -14 -15 -16 -17 -18 25 -20 -21 -22 22 -24 -25 -26 -27 27 -29 -30 -31
leaf_value=-0.031903218566426632 0.05025839966255069 0.055142390673900567 0.0025462508156903932 0.050072502400927622 0.050723361615389664 -0.022599737809841779 0.050419526661561104 -0.040474075843613455 0.072016400609977202 -0.043946359839134835 -0.014566693344012985 -0.041006346065834455 0.031882727979594579 0.053233206442618114 0.047023406363730487 -0.044824050961022856 0.058832160789505442 -0.043487932559299364 0.040284746375041078 -0.01929104025320311 -0.032458974816474272 0.019456367350696675 -0.036599671321335146 0.013822760605486746 0.040894050589245688 9.1708936678358435e-05 0.042670438783968478 -0.0032682920026761916 -0.0084016847277803095 0.018144373472088603
leaf_weight=1.0448151836171948 0.48254281491972395 0.20577416062587772 0.5364605204667896 0.21552563458681007 0.49973770862561595 0.64063332043588173 0.21296313113998566 1.1841070019290785 0.43200642295414615 1.0026727125514288 0.53584499802673136 1.369248391594738 1.4520940083311868 0.31324337283149351 0.51976976718287904 0.32415168243460346 0.54781802988145489 0.66610984120052286 0.32105460099410255 2.0699300160631537 0.41169985494343564 1.5127961408579724 0.70549062523059536 0.69193212909158308 0.76604120986303303 0.5543144402327016 0.56176188733661558 1.2507865626830605 0.89005249002366316 1.131409741588868
leaf_count=201 158 28 41 321 159 25 178 125 34 112 57 76 29 23 16 28 8 114 45 55 264 35 39 37 19 62 33 34 76 31
internal_value=0.00106157 -5.19989e-05 0.02514 -0.00057232 -0.00107736 0.0104144 -0.00289596 -0.0195294 -0.000572386 0.00156329 -0.00288167 0.00153385 0.0107444 0.00209295 0.0113515 0.00725467 0.0112726 0.00414177 -0.00285941 -0.00761348 0.021036 -0.0100411 0.00162864 -0.0226004 0.0181029 -0.0236941 0.00220308 0.0109695 -0.0267113 0.00763125
internal_weight=23.0528 22.0338 1.019 21.828 21.6125 2.95292 18.6596 2.28712 16.3724 15.3276 10.3276 9.32493 5.00003 3.54793 5.04546 4.52569 4.20154 3.65372 3.23469 2.91364 0.843706 4.27947 2.21829 2.06118 2.4333 1.22042 2.45318 1.81255 2.07416 1.66725
internal_count=2463 2264 199 2236 1915 251 1664 379 1285 1084 634 522 450 421 335 319 291 283 398 353 298 187 74 113 107 176 92 67 201 88
is_linear=0
shrinkage=0.05


Tree=151
num_leaves=31
num_cat=0
split_feature=6 18 11 37 38 38 38 29 15 0 38 36 38 38 38 29 3 29 29 5 0 30 29 29 36 30 5 17 30 36
split_gain=0.227512 0.223547 0.208248 0.188058 1.09139 0.315172 0.47055 0.281324 0.313534 0.502145 0.586092 0.380913 0.594952 0.247216 0.725855 0.223582 0.221591 0.393919 0.283694 0.435347 0.26335 0.19205 0.607628 0.411585 0.389263 0.881511 0.279007 0.367513 0.201263 0.154817
threshold=1.5000000000000002 1.5000000000000002 1.0000000180025095e-35 1.5000000000000002 4.5000000000000009 3.5000000000000004 2.5000000000000004 5.2036832726553373 1.0000000180025095e-35 11.500000000000002 1.5000000000000002 21.500000000000004 1.5000000000000002 2.5000000000000004 4.5000000000000009 2.6561704564304831 3.5000000000000004 2.9057986818614658 3.009344842060647 1.0000000180025095e-35 12.500000000000002 14.430035842780081 3.2468620983371328 3.5447213558571025 26.500000000000004 12.04542620372049 1.0000000180025095e-35 1.0000000180025095e-35 15.597151822359022 20.500000000000004
decision_type=2 2 2 2 2 2 2 2 2 2 2 2 2 2 2 2 2 2 2 2 2 2 2 2 2 2 2 2 2 2
left_child=1 2 3 4 5 6 7 8 9 10 -1 12 -10 -5 -15 29 17 20 -19 -20 -16 23 -23 24 26 -26 -7 -28 -24 -12
right_child=-2 -3 -4 13 -6 21 -8 -9 11 -11 15 -13 -14 14 16 -17 -18 18 19 -21 -22 22 28 -25 25 -27 27 -29 -30 -31
leaf_value=-0.032921889140886229 0.050241268093891525 0.050508388468520488 0.050068854006018348 -0.028819208600986808 0.057237809816020613 -0.045379775552356512 0.047613726260905959 0.050549002147922122 0.050476560992344301 -0.035022853995770931 0.0092283049101024948 0.053766927520142352 -0.025425802164881595 0.054955954926088041 -0.0053859747466030146 0.023683189534552264 -0.031712683109762226 0.063560254142459763 -0.043077250286657334 0.033144180792667136 -0.042992434476615445 0.028230709886968533 0.0062881772294281968 0.018996353358739979 0.032654329004496649 -0.043560999161247241 0.050268023241668174 -0.05275671985475551 -0.037930610277553185 -0.015996676513720515
leaf_weight=0.97786624240689857 0.23608388204593111 0.22494991309940715 0.20927868850412679 1.11527046636911 0.87002529774326909 1.6344389534788217 0.6241003308095977 0.29576059573446478 0.41439631354296558 1.0878213717951437 1.8326761611388067 0.56286556084523898 0.68482925184071064 0.49083751370199014 1.9092144185415243 1.761525086534675 0.87173390365205694 0.29130511389666913 0.29033874504966661 0.5280549021117622 0.61564478883519758 1.1725491726538169 0.38931988319382049 0.73678894736804057 0.80866224749479421 0.71468562225345522 0.19204666803125281 0.15759765985421836 0.75902392156422138 0.91045312036294479
leaf_count=196 67 25 332 490 13 142 46 189 126 88 55 41 12 25 87 38 100 8 43 21 48 30 19 33 21 28 49 9 39 40
internal_value=0.00140589 0.000907524 0.000420481 -3.72465e-05 0.00272537 -0.00029212 0.00570454 0.00263759 0.000916316 -0.00399142 0.00216572 0.0203169 0.00318858 -0.00753427 -0.00278385 0.0097825 -0.00907302 -0.00364299 0.0211863 0.00610336 -0.0145557 -0.00865195 0.00291257 -0.0149758 -0.0221122 -0.00310244 -0.0367076 0.00383095 -0.0229392 0.000856055
internal_weight=23.3701 23.1341 22.9091 22.6998 16.5874 15.7174 9.15229 8.52819 8.23243 6.57034 5.48252 1.66209 1.09923 6.1124 4.99713 4.50465 4.50629 3.63456 1.1097 0.818394 2.52486 6.56511 2.32089 4.24422 3.50743 1.52335 1.98408 0.349644 1.14834 2.74313
internal_count=2460 2393 2368 2036 1214 1201 831 785 596 417 329 179 138 822 332 133 307 207 72 64 135 370 88 282 249 49 200 58 58 95
is_linear=0
shrinkage=0.05


Tree=152
num_leaves=31
num_cat=0
split_feature=38 18 4 5 37 38 36 7 15 36 38 18 29 7 0 30 30 29 38 30 30 36 2 30 36 30 15 38 3 30
split_gain=0.221337 0.21029 0.254634 0.857261 0.388497 0.436235 0.413386 0.388861 0.549096 0.368816 0.328864 0.328242 0.292767 0.248744 0.429238 0.524329 0.469045 0.404819 0.327139 0.279719 0.431925 0.324362 0.557611 0.542936 0.296347 0.669271 0.260869 0.298725 0.254197 0.593604
threshold=5.5000000000000009 1.5000000000000002 1.5000000000000002 1.0000000180025095e-35 1.5000000000000002 4.5000000000000009 20.500000000000004 1.0000000180025095e-35 1.0000000180025095e-35 26.500000000000004 1.5000000000000002 1.0000000180025095e-35 3.2468620983371328 1.0000000180025095e-35 12.500000000000002 7.9383696242776152 8.18779207009921 3.9976927939054847 1.5000000000000002 8.3521258042538076 8.5850002514866244 22.500000000000004 1.5000000000000002 9.420392350495213 21.500000000000004 6.7969257976498705 1.0000000180025095e-35 4.5000000000000009 3.5000000000000004 15.879226296404825
decision_type=2 2 2 2 2 2 2 2 2 2 2 2 2 2 2 2 2 2 2 2 2 2 2 2 2 2 2 2 2 2
left_child=1 2 3 11 5 6 10 9 -9 -8 -4 13 -11 14 15 26 -17 -18 -16 24 -21 23 -23 -22 25 -15 27 -1 -25 -30
right_child=-2 -3 4 -5 -6 -7 7 8 -10 12 -12 -13 -14 19 18 16 17 -19 -20 20 21 22 -24 28 -26 -27 -28 -29 29 -31
leaf_value=-0.04656745370196172 0.054712344721780604 0.050449308552384699 -0.00021729494340589321 0.050365428123740286 -0.027683480771303882 0.057802044972063066 -0.022934803114877209 -0.037055957582918103 0.034175409863861715 0.03440123679670886 0.055806202692045073 0.050215591781515558 -0.0091258851798416817 0.0080395041330848637 0.050295417503067513 0.083495520729320691 -0.012468108295097445 0.055294006343375363 -0.049218299718163251 0.068824922439530839 0.061202106538381353 0.0072662838056214473 -0.051375707723873947 0.020612531834134223 0.0071467194131376831 -0.049034031961637539 0.050155877484076933 0.044188381063922588 -0.060184292411212925 0.031799833717135503
leaf_weight=0.78747848863713965 0.19634234584373089 0.21633073640987177 0.59442858054535352 0.96390042270650234 1.683450858632568 0.30466096429154266 0.87834236396884113 1.7607678518979812 0.31966708227992047 0.98340811503294367 0.46832689171424136 0.33791457564802918 0.63625964733364526 1.0856228556658609 0.091268046904588007 0.2415404770290478 0.7871229537122415 0.30612967928755097 0.86816013243515044 0.31270726624643419 0.62522358517162535 2.0016290005005435 0.508317204134073 1.3647650008788335 2.2990412779618055 0.97494604636449356 0.097189271618844941 0.10246768081560731 0.36841084773186583 0.3347682366729714
leaf_count=333 29 27 151 247 233 4 114 115 24 32 18 127 33 55 118 2 142 95 100 11 10 81 46 73 62 35 52 3 23 45
internal_value=0.00185723 0.00139195 0.000911476 0.00481117 -0.00647898 -0.00047535 -0.0036227 -0.0101438 -0.026111 0.00315428 0.0244707 0.00155731 0.0173023 0.000307591 -0.0116192 5.33013e-06 0.0204382 0.00650646 -0.0397518 0.00427055 0.0117518 0.00832166 -0.00460996 0.0203735 -0.00519475 -0.0189645 -0.0276237 -0.0361179 0.00802937 -0.0163927
internal_weight=22.5006 22.3042 22.0879 14.4586 7.62931 5.94586 5.6412 4.57845 2.08043 2.49801 1.06276 13.4947 1.61967 13.1568 3.28136 2.32193 1.33479 1.09325 0.959428 9.87543 5.51582 5.20311 2.50995 2.69317 4.35961 2.06057 0.987135 0.889946 2.06794 0.703179
internal_count=2440 2411 2384 1660 724 491 487 318 139 179 169 1413 65 1286 845 627 239 237 218 441 289 278 127 151 152 90 388 336 141 68
is_linear=0
shrinkage=0.05


Tree=153
num_leaves=31
num_cat=0
split_feature=8 18 6 36 30 29 29 0 15 36 36 3 30 38 0 29 29 36 3 36 36 30 30 0 30 30 38 29 38 30
split_gain=0.232921 0.224344 0.208623 0.238276 0.233675 0.193371 0.391745 0.262008 0.284587 0.249244 0.287478 0.195067 0.193181 0.16294 0.270388 0.172429 0.363406 0.250339 0.111317 0.500478 0.310227 0.290775 0.20568 0.596147 0.29136 0.340421 0.370371 0.333677 0.285341 0.203236
threshold=1.5000000000000002 1.5000000000000002 1.5000000000000002 28.500000000000004 16.350326742085048 2.9057986818614658 2.9453808215463142 12.500000000000002 1.0000000180025095e-35 26.500000000000004 25.500000000000004 3.5000000000000004 12.500703125779255 1.5000000000000002 9.5000000000000018 1.6444966750710746 1.7580705148130871 24.500000000000004 3.5000000000000004 21.500000000000004 18.500000000000004 7.4949861623348548 15.44954990788453 14.500000000000002 10.822270259195856 14.430035842780081 3.5000000000000004 3.3300921486066026 4.5000000000000009 13.6877311711388
decision_type=2 2 2 2 2 2 2 2 2 2 2 2 2 2 2 2 2 2 2 2 2 2 2 2 2 2 2 2 2 2
left_child=1 2 3 5 12 7 -7 8 9 10 13 -9 -5 -1 -15 17 -17 -16 20 -20 21 -8 23 24 27 26 -26 -22 -28 -21
right_child=-2 -3 -4 4 -6 6 18 11 -10 -11 -12 -13 -14 14 15 16 -18 -19 19 29 22 -23 -24 -25 25 -27 28 -29 -30 -31
leaf_value=-0.022875329622486711 0.051320705674225912 0.050446138912615179 0.050224787380782288 -0.0014705910574719571 0.012192572123953548 0.057248339754592807 0.024532594885863575 -0.03376520102425306 0.050427380139089199 0.045730332356443054 -0.053052356146009533 0.011084655092185283 -0.041877138611091304 0.052925758012095675 -0.038693443266728071 0.05786332848831837 0.00017969710280565281 0.0032363426219493793 0.02076225977892342 0.0014361766205818187 0.0066510997645012745 -0.037138122348273059 -0.014838690048883361 0.06671404370413829 0.025337191910523249 0.029284286699622492 -0.035548551476185582 0.048420172995805033 0.02463281839594976 -0.036353216075127787
leaf_weight=0.79293108714047544 0.23302011592022509 0.22752917883917589 0.20913577300961961 0.44675301383540389 0.49021358713798679 0.36833441893395402 0.27196916285902073 1.0628043782198791 0.27090219352976408 0.26783665601396922 0.28017180385359086 0.3140853228396735 0.8754499513306655 0.24253883576602664 0.66177716896345351 0.29005307471379627 4.6550475129915867 0.77037086337804794 1.1716983429942049 0.55904160789214052 1.1112238984787834 0.64307700586505234 0.60993628908181552 0.51787598271039303 0.49021257401909712 0.67960025457432482 1.1484698714339172 0.8392608212889171 0.2377313034958205 0.97863690073427279
leaf_count=197 55 29 63 26 17 19 36 108 98 9 8 54 33 32 61 6 576 6 322 38 70 140 103 7 39 21 90 32 30 122
internal_value=0.00160022 0.00106095 0.000532353 3.8602e-05 -0.0172926 0.00167158 0.00667992 -0.00334643 3.03763e-05 -0.00168463 -0.00333543 -0.0235344 -0.0282244 -0.00145632 0.00110929 -0.000861393 0.00356311 -0.0161389 0.00466819 -0.00385572 0.00819442 -0.0188084 0.0125798 0.0159083 0.0100699 -0.00103608 -0.0120175 0.0246236 -0.0252275 -0.0226144
internal_weight=21.7177 21.4847 21.2571 21.048 1.81242 19.2356 9.62707 9.60852 8.23163 7.96073 7.69289 1.37689 1.3222 7.41272 6.61979 6.37725 4.9451 1.43215 9.25873 2.70938 6.54936 0.915046 5.63431 5.02437 4.5065 2.55601 1.87641 1.95048 1.3862 1.53768
internal_count=2447 2392 2363 2300 76 2224 1069 1155 993 895 886 162 59 878 681 649 582 67 1050 482 568 176 392 289 282 180 159 102 120 160
is_linear=0
shrinkage=0.05


Tree=154
num_leaves=31
num_cat=0
split_feature=29 8 18 6 29 4 4 5 18 30 38 35 38 35 29 35 35 30 30 35 0 30 30 15 38 30 8 18 29 30
split_gain=0.78871 0.233889 0.218238 0.22179 0.219514 0.232369 0.221885 0.734049 0.339334 0.35757 0.70955 0.313678 0.283042 0.273841 0.443647 0.425921 0.261806 0.220405 0.222676 0.247676 0.209323 0.199955 0.373781 0.214205 0.278426 0.299836 0.32189 0.213355 0.199227 0.294971
threshold=1.5834811329248921 1.5000000000000002 1.5000000000000002 1.5000000000000002 1.8505551827656268 2.5000000000000004 1.5000000000000002 1.0000000180025095e-35 1.0000000180025095e-35 10.483253181921015 3.5000000000000004 12.500000000000002 2.5000000000000004 10.500000000000002 2.9057986818614658 11.500000000000002 10.500000000000002 16.515481024499916 13.391388025163643 9.5000000000000018 9.5000000000000018 16.350326742085048 16.5890620846635 1.0000000180025095e-35 4.5000000000000009 8.3945522219710629 1.0000000180025095e-35 1.0000000180025095e-35 3.438811922224569 13.636219711736683
decision_type=2 2 2 2 2 2 2 2 2 2 2 2 2 2 2 2 2 2 2 2 2 2 2 2 2 2 2 2 2 2
left_child=-1 2 3 4 20 6 7 8 9 13 12 16 17 -6 15 -15 21 18 19 -11 -2 23 -23 24 25 26 -8 -24 -12 -30
right_child=1 -3 -4 -5 5 -7 11 -9 -10 10 28 -13 -14 14 -16 -17 -18 -19 -20 -21 -22 22 27 -25 -26 -27 -28 -29 29 -31
leaf_value=-0.049202981808327023 0.011609524793639856 0.051312981931910251 0.050409252303899289 0.050215355790884486 -0.0023839923205941664 0.031026627029203054 -0.030711878057495503 0.050308751309152244 0.050207260873424565 -0.025689541401072741 -0.043140744329029326 0.049386619115303232 0.044993437718178923 -0.044679578932521773 0.048438051576187795 0.021745296632046711 -0.02809109412963802 0.038673196077724521 -0.039595453819689853 0.033651334015338027 -0.032358256760502933 0.070347955672298457 0.034306281663243995 0.017175589063074356 0.0087545302557514304 -0.04025220780548483 0.060178017150690391 -0.033858365898267538 -0.054068368487253077 -0.0026824660587065454
leaf_weight=0.89371559899882669 0.35953198958306032 0.2098978500434886 0.19853313127532501 0.19914818329561867 3.981199968839066 0.53916772585944173 0.21945323352701995 0.72706347193161569 0.30725768406409848 0.32405220830696613 1.3584381591062995 0.21143633298925113 0.44963766395812843 0.36085852229734861 0.81965746654896054 0.72856258624233305 1.8344730447570325 0.28537669967045065 0.41543098399415612 0.38445532112382352 1.0956048292573539 0.23556770756840695 0.19130893566762097 0.55848878133110691 0.72035130002768699 1.2726045555318704 0.17516757344128564 0.2870249708648771 0.38089258695254091 1.0467943137628024
leaf_count=57 109 49 27 64 392 31 70 211 125 41 129 10 18 73 20 45 158 262 45 22 103 3 56 36 37 125 6 48 32 52
internal_value=-0.00325369 -0.00118775 -0.00174805 -0.00227992 -0.00282244 -0.00129725 -0.00230608 0.00167333 -0.00158797 -0.00309855 -0.0134714 -0.010375 0.0104525 0.00508147 0.02065 -0.000257198 -0.0126748 -0.000567699 -0.0105313 0.00651042 -0.0214948 -0.0049477 0.0187934 -0.0107007 -0.0172214 -0.0284447 0.00963309 -0.00659602 -0.0294338 -0.0163917
internal_weight=20.7712 19.8774 19.6675 19.469 19.2699 17.8147 17.2756 11.5697 10.8426 10.5354 4.64508 5.70588 1.85895 5.89028 1.90908 1.08942 5.49444 1.40932 1.12394 0.708508 1.45514 3.65997 0.713902 2.94607 2.38758 1.66723 0.394621 0.478334 2.78613 1.42769
internal_count=2456 2399 2350 2323 2259 2047 2016 1467 1256 1131 601 549 388 530 138 118 539 370 108 63 212 381 107 274 238 201 76 104 213 84
is_linear=0
shrinkage=0.05


Tree=155
num_leaves=31
num_cat=0
split_feature=38 11 39 6 17 6 29 29 2 30 30 30 13 35 15 0 38 30 35 35 35 29 30 0 29 13 30 15 30 30
split_gain=0.225655 0.205383 0.155633 0.31948 0.161465 1.3815 0.292692 0.592418 0.457278 0.370788 0.636446 0.378749 0.366878 0.716588 0.385015 0.30018 0.309451 0.278975 0.225819 0.445141 0.229684 0.470645 0.354184 0.47473 0.305787 0.217434 0.2164 0.211894 0.301706 0.468141
threshold=5.5000000000000009 1.0000000180025095e-35 1.0000000180025095e-35 1.0000000180025095e-35 1.0000000180025095e-35 1.0000000180025095e-35 3.0375270496321396 3.3300921486066026 1.5000000000000002 10.135806659779414 10.878556223131921 12.04542620372049 1.0000000180025095e-35 10.500000000000002 1.0000000180025095e-35 12.500000000000002 1.5000000000000002 11.989040115600568 10.500000000000002 11.500000000000002 9.5000000000000018 1.8505551827656268 5.9478512286391902 9.5000000000000018 2.054090377967555 1.0000000180025095e-35 14.82797639961022 1.0000000180025095e-35 13.636219711736683 14.475916880138364
decision_type=2 2 2 2 2 2 2 2 2 2 2 2 2 2 2 2 2 2 2 2 2 2 2 2 2 2 2 2 2 2
left_child=1 2 4 -4 5 6 12 -8 9 -9 -11 -12 15 14 -14 16 -1 -16 20 -20 22 -22 23 -18 -23 -6 -27 28 -13 -30
right_child=-2 -3 3 -5 25 -7 7 8 -10 10 11 27 13 -15 17 -17 18 -19 19 -21 21 24 -24 -25 -26 26 -28 -29 29 -31
leaf_value=-0.050227016604725311 0.054628919898771215 0.050073280991043627 0.050254474740307725 -0.007380805648220164 -0.026823830666305688 0.050491964666079019 -0.034556037054424803 -0.040780981321362042 -0.05109882120043633 0.06108159240637559 -0.053607338870012955 -0.05534383957959918 -0.033193678180480572 0.048970998225173035 0.051331965282405724 -0.050984935924148905 0.05282507574945855 -0.020185029967080423 -0.044619532102621429 0.0072954258953235145 0.066470546596473501 0.03872025015602544 0.010294518444308414 -0.045543664043727221 -0.052340613688292938 0.0069710999632443746 -0.021068562488343101 0.043096670322357034 0.036660578886034932 -0.019875040278725633
leaf_weight=0.30491788720247281 0.19390854607627162 0.20649561627942503 0.45174154546111722 0.51403635088354349 1.2778546823828936 1.3135022557689815 1.919088359980379 0.37437981413677413 0.3932881318614817 0.53888909565284882 0.28149007668253068 0.2093992478330623 0.64587771717924647 1.0973240788152905 0.34614367655012757 0.31582213449291874 0.15072779729962382 0.2249939248431474 0.70231942617101584 1.0020071006147189 0.43838053848594416 0.17206964251818135 2.8280817028135061 0.65845342713873833 0.19859947444638237 2.0765375734190461 1.0291174574522299 0.35961762511578843 0.7435424634022636 0.72143537629744969
leaf_count=118 28 324 157 41 175 299 132 10 83 16 13 16 92 76 83 46 3 6 63 39 8 23 103 142 20 70 37 34 21 193
internal_value=0.00093267 0.000448296 -3.30339e-05 0.019578 -0.00096494 0.00137211 -0.00303889 -0.0120958 -0.00019557 0.00600485 0.0121413 0.000751277 0.00248468 0.0196707 -0.00674793 -0.00338922 -0.00106071 0.0231586 0.00137671 -0.0140977 0.00730824 0.0314037 0.0019486 -0.0272203 -0.0100689 -0.00946347 -0.00232037 0.00827411 0.000795031 0.00881934
internal_weight=21.69 21.4961 21.2896 0.965778 20.3239 15.9404 14.6268 5.54113 3.62204 3.22875 2.85437 2.31548 9.08572 2.31434 1.21702 6.77138 6.45556 0.571138 6.15064 1.70433 4.44631 0.80905 3.63726 0.809181 0.370669 4.38351 3.10566 2.03399 1.67438 1.46498
internal_count=2471 2443 2119 198 1921 1639 1340 518 386 303 293 277 822 257 181 565 519 89 401 102 299 51 248 145 43 282 107 264 230 214
is_linear=0
shrinkage=0.05


Tree=156
num_leaves=31
num_cat=0
split_feature=39 38 11 37 38 23 38 38 36 35 30 36 38 36 35 38 38 29 29 36 36 4 13 35 5 30 30 30 30 5
split_gain=0.2674 0.221152 0.188409 0.16923 0.866405 0.310289 0.292348 0.559273 0.209508 0.331114 0.520841 0.182269 0.258263 0.178071 0.326897 0.202387 0.423718 0.370042 0.379735 0.818578 0.304404 0.395385 0.341524 0.846917 0.29147 0.324644 0.275671 0.703347 0.47757 0.548998
threshold=1.0000000180025095e-35 5.5000000000000009 1.0000000180025095e-35 1.5000000000000002 4.5000000000000009 1.0000000180025095e-35 2.5000000000000004 4.5000000000000009 21.500000000000004 7.5000000000000009 8.5850002514866244 15.500000000000002 1.5000000000000002 16.500000000000004 7.5000000000000009 3.5000000000000004 2.5000000000000004 3.1026927801673843 2.336857385684675 26.500000000000004 22.500000000000004 1.5000000000000002 1.0000000180025095e-35 5.5000000000000009 1.0000000180025095e-35 4.3596116904199791 10.878556223131921 13.345723213788853 14.475916880138364 1.0000000180025095e-35
decision_type=2 2 2 2 2 2 2 2 2 2 2 2 2 2 2 2 2 2 2 2 2 2 2 2 2 2 2 2 2 2
left_child=1 2 3 4 5 11 -5 -8 -9 -10 -11 12 -1 14 -13 16 20 18 19 -17 22 -22 23 -15 25 -25 -19 -28 -29 -30
right_child=-2 -3 -4 6 -6 -7 7 8 9 10 -12 13 -14 15 -16 17 -18 26 -20 -21 21 -23 -24 24 -26 -27 27 28 29 -31
leaf_value=-0.0062069721844097564 0.029028229444778755 0.054340763116904583 0.050064278599660596 -0.036272678468902413 0.056817020166365043 0.0512801818805243 0.05507231341168374 -0.04045760709134013 0.02051911791566513 0.0087006193250153806 -0.036321935563481574 -0.045848871374652073 0.055486114211552223 0.044773888080706918 0.031749822279122701 -0.04748865886138158 0.045757166660395199 0.038530602544619513 -0.042372611179546188 0.046504500528910905 0.041341899261580328 -0.005317994834944632 -0.019632351695237464 0.024114294712024448 0.026153742353909701 -0.04486287573836123 -0.041979205796960128 0.033505359919333171 -0.051136801544480887 0.017212798750627475
leaf_weight=0.35059404780623538 0.84240953426342358 0.18754669277404801 0.18474620282358856 0.79973465157672663 0.68812310707289803 0.28258377722522787 0.3740357533097266 0.46391392056830261 0.94956958113471079 1.2721530336420985 1.2975787792238405 0.55428385382401657 0.3286739379982464 0.91141884907847126 0.17972619718057103 0.4610890370095152 0.56473237369209517 0.43879112106515128 1.2689950453932395 0.46547859767451882 0.90350207893061429 0.91261307711829431 2.3433409591962118 0.21585793443955459 0.29266600363189343 0.81330075071309693 0.87538770108949426 1.1531554627581502 0.506594168837182 0.69939317752141505
leaf_count=144 198 33 321 397 11 45 27 83 32 56 116 32 10 16 48 36 31 25 110 8 43 71 162 25 73 134 57 42 39 39
internal_value=0.00141336 0.000291685 -0.000201538 -0.000657486 0.00199634 -0.000601303 -0.00848482 -0.0033846 -0.00887388 -0.00471052 -0.0140334 -0.00163089 0.0236441 -0.00289697 -0.0268484 -0.00152631 0.0042422 -0.00836474 -0.0246043 -0.000269436 0.000574758 0.0178949 -0.00629836 0.00769299 -0.0178749 -0.0303955 0.00134173 -0.00370325 0.0104995 -0.0114985
internal_weight=21.582 20.7396 20.552 20.3673 15.2103 14.5222 5.15699 4.35725 3.98322 3.5193 2.56973 14.2396 0.679268 13.5603 0.73401 12.8263 6.95743 5.86888 2.19556 0.926568 6.3927 1.81612 4.57658 2.23324 1.32182 1.02916 3.67332 3.23453 2.35914 1.20599
internal_count=2464 2266 2233 1912 1201 1190 711 314 287 204 172 1145 154 991 80 911 555 356 154 44 524 114 410 248 232 159 202 177 120 78
is_linear=0
shrinkage=0.05


Tree=157
num_leaves=31
num_cat=0
split_feature=38 6 18 2 4 5 13 17 36 30 36 30 38 35 36 30 29 13 36 19 29 36 30 30 29 29 38 29 36 36
split_gain=0.196212 0.193051 0.186381 0.185638 0.17143 0.813878 0.40537 0.287693 0.246753 0.282322 0.369131 0.25499 0.297665 0.480432 0.367755 0.287124 0.267977 0.31364 0.320504 0.203854 0.202217 0.202024 0.253817 0.195866 0.168308 0.150217 0.14543 0.375377 0.229237 0.254248
threshold=5.5000000000000009 1.5000000000000002 1.5000000000000002 1.0000000180025095e-35 1.5000000000000002 1.0000000180025095e-35 1.0000000180025095e-35 1.0000000180025095e-35 24.500000000000004 13.290320326429251 19.500000000000004 8.4970819437662879 3.5000000000000004 7.5000000000000009 19.500000000000004 9.420392350495213 3.1385506848250149 1.0000000180025095e-35 22.500000000000004 1.0000000180025095e-35 2.2011011665870814 25.500000000000004 10.748367880957076 7.0179553431598203 3.814089410479828 4.3430079743076559 2.5000000000000004 1.5834811329248921 18.500000000000004 16.500000000000004
decision_type=2 2 2 2 2 2 2 2 2 2 2 2 2 2 2 2 2 2 2 2 2 2 2 2 2 2 2 2 2 2
left_child=1 2 3 -1 5 7 24 8 9 11 25 16 14 -14 15 -13 17 20 23 -8 26 -10 -23 -19 -6 -11 28 -28 29 -5
right_child=-2 -3 -4 4 6 -7 19 -9 21 10 -12 12 13 -15 -16 -17 -18 18 -20 -21 -22 22 -24 -25 -26 -27 27 -29 -30 -31
leaf_value=0.0500558445340889 0.054136386592790402 0.050215069202675988 0.050398048258739718 -0.03122050815701596 -0.032195495965003894 0.050320697546908148 -0.031429245205129824 0.050179925499406065 0.016930320987876932 -0.027011723075289259 -0.048162475217184676 0.037383342968416063 0.013024453847630664 -0.047838456453505623 0.03845760700311586 -0.026997870243860425 -0.058080551384297144 0.024533233895087044 0.0697517962819829 0.0050412468351833054 -0.051835271967358779 0.018229932197200805 -0.025473257184173939 -0.033032183059796119 0.0036470280888091372 0.03597615263454524 -0.049999610881830664 0.034178871206816029 -0.05046340906574788 0.014633946608851346
leaf_weight=0.18758022114344797 0.17846909416402823 0.20126241468824346 0.1892330925911655 0.58293259987840407 1.634421925467904 0.86255053200875487 0.42153545154724259 0.28055222088005471 2.7114197823975692 0.15702374227112137 0.79488516738638282 0.25768131500808555 0.86227661860175409 0.51963818428339437 1.1547639641503336 0.52807425666833296 0.28154092465410929 0.35095440526492883 0.22878044500248507 4.2083356293005636 0.34010475469403889 0.58223132375860565 0.77371896215481684 0.25522715994156897 0.40961055719526474 0.23831370244442951 0.18684370105620463 0.45480262997443788 0.41600274259690184 0.62793193367542699
leaf_count=397 31 61 27 176 261 255 50 126 46 38 79 20 32 76 27 71 6 59 5 192 40 12 37 41 29 61 30 39 57 85
internal_value=0.00193439 0.00148432 0.00100587 0.00054567 8.41328e-05 0.00333526 -0.00646705 0.000115149 -0.00102631 -0.00600149 -0.0285253 -0.00219756 0.00787301 -0.00986168 0.0205025 -0.00588464 -0.0111795 -0.00734496 0.0193268 0.00172072 -0.015882 0.0090501 -0.00670755 0.000295846 -0.0250129 0.0109581 -0.0104918 0.00966658 -0.0184423 -0.00744124
internal_weight=20.8787 20.7002 20.499 20.3097 20.1222 13.4483 6.6739 12.5857 12.3051 8.23778 1.19022 7.04756 3.32243 1.38191 1.94052 0.785756 3.72512 3.44358 0.834962 4.62987 2.60862 4.06737 1.35595 0.606182 2.04403 0.395337 2.26851 0.641646 1.62687 1.21086
internal_count=2466 2435 2374 2347 1950 1418 532 1163 1037 942 178 764 226 108 118 91 538 532 105 242 427 95 49 100 290 99 387 69 318 261
is_linear=0
shrinkage=0.05


Tree=158
num_leaves=31
num_cat=0
split_feature=8 6 2 39 5 5 18 14 2 38 0 36 7 38 36 30 38 36 30 30 19 30 36 30 0 36 38 36 30 30
split_gain=0.194874 0.188271 0.178606 0.151175 0.29132 0.174321 1.24746 0.233865 0.2183 0.625975 0.298985 0.3389 0.276792 0.240318 0.562056 0.278537 0.272373 0.20914 0.200364 0.258842 0.215615 0.282049 0.513993 0.478692 0.300063 0.278633 0.179798 0.1621 0.256103 0.125873
threshold=1.5000000000000002 1.5000000000000002 1.0000000180025095e-35 1.0000000180025095e-35 1.0000000180025095e-35 1.0000000180025095e-35 1.0000000180025095e-35 1.0000000180025095e-35 1.5000000000000002 4.5000000000000009 12.500000000000002 16.500000000000004 1.0000000180025095e-35 3.5000000000000004 24.500000000000004 13.636219711736683 2.5000000000000004 22.500000000000004 15.975363800943597 13.345723213788853 1.0000000180025095e-35 8.3295132290760368 20.500000000000004 9.420392350495213 10.500000000000002 18.500000000000004 1.5000000000000002 21.500000000000004 12.580775637471541 10.618413038344915
decision_type=2 2 2 2 2 2 2 2 2 2 2 2 2 2 2 2 2 2 2 2 2 2 2 2 2 2 2 2 2 2
left_child=1 2 -1 5 -5 8 -7 27 9 13 12 -12 -10 16 -15 29 17 18 19 20 21 24 23 -23 25 26 -4 28 -8 -16
right_child=-2 -3 3 4 -6 6 7 -9 10 -11 11 -13 -14 14 15 -17 -18 -19 -20 -21 -22 22 -24 -25 -26 -27 -28 -29 -30 -31
leaf_value=0.050055798564361743 0.051153093340041603 0.05020189134411801 -0.030751481933789088 0.050229695962878622 -0.0092220450527679253 0.050477709494822498 -0.037288327642485027 0.0012649978626932885 -0.044884136191845149 0.05588973481955252 0.037274941744766858 -0.051158791830302419 0.0027138582480873701 -0.049392258036093539 -0.00059246575625552308 0.012878614018778704 0.041956097556143712 0.020101043805351659 0.038427341481717996 -0.049354884810215639 0.037124669426916751 0.043728994300921198 0.047734333383388332 -0.036885457077457259 -0.047831165074793937 -0.048377924516416752 0.011672111536291762 -0.037639273972073964 0.048221835042639258 -0.02856583541788929
leaf_weight=0.18292760087934823 0.19829173976904613 0.19530401634983618 0.31842618066003026 0.4246833740035062 0.40025505935773253 1.2693886687266047 0.18562237499281742 2.912080260401126 0.36556919175200131 0.47803839563857842 0.12552181351929892 0.79130915546556935 1.8567265147576109 0.81165379710728336 0.69050970359239749 1.4985696130315771 0.42757128836819891 1.1158009018690789 0.26342301256954659 0.32586582330986846 0.30872590461513016 0.26185066159814574 0.57671641651540995 0.62057754275156185 0.58954541361890722 0.32871706891455676 1.1580484211444855 0.80695092084351927 0.16575201466912404 0.96297546254936606
leaf_count=394 53 65 130 165 31 307 66 76 313 13 11 140 69 141 12 33 24 33 74 19 42 16 8 41 37 27 22 62 5 31
internal_value=0.00182476 0.00134573 0.000873922 0.000425004 0.0213841 -0.000474768 0.00720213 -0.00629371 -0.00342898 -3.80008e-05 -0.0150274 -0.0390515 -0.00511604 -0.00264407 -0.0122883 -0.00273403 0.00342825 0.000620778 -0.00395342 -0.00644069 -0.00308119 -0.006302 0.0110266 -0.012964 -0.0168605 -0.00674602 0.00252276 -0.0252966 0.00304894 -0.0168839
internal_weight=20.6174 20.4191 20.2238 20.0409 0.824938 19.2159 5.33979 4.07041 13.8761 10.737 3.13913 0.916831 2.2223 10.259 3.96371 3.15205 6.29527 5.8677 4.7519 4.48847 4.16261 3.85388 1.45914 0.882428 2.39474 1.80519 1.47647 1.15833 0.351374 1.65349
internal_count=2460 2407 2342 1948 196 1752 516 209 1236 703 533 151 382 690 217 76 473 449 416 342 323 281 65 57 216 179 152 133 71 43
is_linear=0
shrinkage=0.05


Tree=159
num_leaves=31
num_cat=0
split_feature=35 29 29 38 29 30 35 7 30 30 30 29 35 38 29 31 38 15 30 30 31 35 7 35 30 30 38 38 30 14
split_gain=0.241096 0.185341 0.489282 0.322932 0.365192 0.310611 0.309452 0.317943 0.236021 0.181164 0.398357 0.587923 0.222703 0.176852 0.126845 0.304266 0.165385 0.158545 0.29622 0.1406 0.218778 0.216658 0.859838 0.27204 0.313209 0.24289 0.17066 0.312604 0.134878 0.134069
threshold=9.5000000000000018 2.8636420052419664 2.6561704564304831 3.5000000000000004 2.9796786852789263 11.262119804468464 11.500000000000002 1.0000000180025095e-35 5.850598085126598 16.5890620846635 14.430035842780081 3.1385506848250149 10.500000000000002 4.5000000000000009 3.2468620983371328 3.438811922224569 1.5000000000000002 1.0000000180025095e-35 16.5890620846635 10.748367880957076 3.1385506848250149 5.5000000000000009 1.0000000180025095e-35 7.5000000000000009 6.8237214466175589 8.3295132290760368 3.5000000000000004 2.5000000000000004 6.5211256430946767 2.5000000000000004
decision_type=2 2 2 2 2 2 2 2 2 2 2 2 2 2 2 2 2 2 2 2 2 2 2 2 2 2 2 2 2 2
left_child=14 2 5 -3 -5 6 8 13 -2 10 11 -6 -12 -8 17 -16 -17 19 -19 21 26 22 -1 25 28 -23 27 -21 -25 -18
right_child=1 3 -4 4 9 -7 7 -9 -10 -11 12 -13 -14 -15 15 16 29 18 -20 20 -22 23 -24 24 -26 -27 -28 -29 -30 -31
leaf_value=0.044479954267551795 0.0066757332393642928 0.03144643536756813 -0.04321996786823816 0.049258724491938764 -0.040655036972309239 0.050217531445312602 -0.029731972277007308 0.048537434132705767 -0.025061975861507959 -0.023214436422157592 0.04905299617863032 0.0090218562914874522 0.0097923360961018058 0.054495564394473166 -0.046217367636263461 0.050304229544691548 -0.013892268444771894 0.0393672758059102 -0.043194352265855079 -0.028785362635384427 0.053228290037033256 -0.010658605270168918 -0.047422392007797826 -0.0063162675006153196 -0.037835905157111049 0.025198349985684938 -0.014998952822811069 0.061140849451123837 0.041291831412347442 0.033575186052133228
leaf_weight=0.33912648566183778 1.1653428777935908 1.5642868307186288 0.61091064174252085 0.44163348311849393 0.83732325090386472 0.34589429845800612 0.28619475103914727 0.56022224712069146 1.1778672049767918 0.63113721518311638 0.63135326956398763 2.063088913957472 0.84414636137080379 0.079671249492093921 0.57520851149456609 0.1294484744867076 1.3337102078221503 0.52124164422275487 0.13724844927492086 0.15763149718986802 0.247953878584667 0.77278668654616955 1.0200129084405489 0.53069503196456913 0.82328343616973143 1.2145436152495674 0.64425728080095723 0.24977217687410302 0.20672305230982602 0.16743095018318843
leaf_count=50 159 293 57 19 65 17 90 30 162 49 20 116 29 2 47 154 186 105 9 44 61 166 61 150 137 56 88 14 16 12
internal_value=0.00154345 0.00643755 -0.0018337 0.0114219 0.00567297 0.00515993 0.000392801 0.0248619 -0.00927794 0.00182861 0.00544056 -0.00531942 0.0265916 -0.0113905 -0.00452035 -0.0149513 -0.00392185 -0.00116891 0.022159 -0.00364382 0.0109792 -0.00751658 -0.0244913 -0.0010141 -0.0166372 0.0112551 0.00101803 0.0263468 0.00702988 -0.00859795
internal_weight=20.3101 11.2391 4.2261 7.01297 5.44868 3.61519 3.2693 0.926088 2.34321 5.00705 4.37591 2.90041 1.4755 0.365866 9.07107 2.2058 1.63059 6.86528 0.65849 6.20679 1.29961 4.90717 1.35914 3.54803 1.5607 1.98733 1.05166 0.407404 0.737418 1.50114
internal_count=2464 1108 517 591 298 460 443 122 321 279 230 181 49 92 1356 399 352 957 114 843 207 636 111 525 303 222 146 58 166 198
is_linear=0
shrinkage=0.05


Tree=160
num_leaves=31
num_cat=0
split_feature=38 11 18 5 5 29 29 30 30 30 7 36 35 36 30 38 29 0 30 30 38 30 29 30 35 29 35 35 0 36
split_gain=0.187721 0.183432 0.124272 1.23075 0.542219 0.253075 0.666109 0.306958 0.243749 0.260236 0.212663 0.179328 0.217596 0.445415 0.376697 0.462802 0.274036 0.528458 0.228399 0.215021 0.161671 0.186543 0.125184 0.290169 0.596126 0.224759 0.511578 0.357792 0.320956 0.690095
threshold=5.5000000000000009 1.0000000180025095e-35 1.0000000180025095e-35 1.0000000180025095e-35 1.0000000180025095e-35 3.2468620983371328 3.1385506848250149 12.616219892412792 10.618413038344915 8.8870815510940329 1.0000000180025095e-35 28.500000000000004 11.500000000000002 26.500000000000004 12.786960787537971 3.5000000000000004 3.5447213558571025 10.500000000000002 15.376817301717084 12.04542620372049 3.5000000000000004 12.792748362673391 3.1026927801673843 10.135806659779414 5.5000000000000009 2.8636420052419664 10.500000000000002 10.500000000000002 12.500000000000002 24.500000000000004
decision_type=2 2 2 2 2 2 2 2 2 2 2 2 2 2 2 2 2 2 2 2 2 2 2 2 2 2 2 2 2 2
left_child=1 2 3 11 -4 6 7 8 9 10 -6 12 14 16 19 18 17 -14 -16 22 21 -7 25 -24 -25 27 -27 28 29 -1
right_child=-2 -3 4 -5 5 20 -8 -9 -10 -11 -12 -13 13 -15 15 -17 -18 -19 -20 -21 -22 -23 23 24 -26 26 -28 -29 -30 -31
leaf_value=0.00019559260200001732 0.05414707001969761 0.050071832228134362 0.050211406868457466 0.050453324788756998 -0.02034931595237733 -0.042186791725735917 0.050084383121809087 -0.045252797238641562 0.021471722085397025 -0.043838460252673649 0.028908353298733987 -0.039625514817281014 0.030841001646419189 0.042793778140706167 -0.03276125447915075 -0.044917655149792735 0.027210780591067747 -0.03606634069321344 0.033851397131654241 0.034644412967718238 -0.039665563775150785 0.021324761924593552 -0.040987133809847309 0.06431898682557656 -0.029524500401042392 -0.0063285123639246644 0.060298317355443054 -0.034483489834603261 -0.037397779908217237 0.072150638095740835
leaf_weight=4.0748564881214442 0.16731085218634589 0.18832531658699636 0.39107751863775675 1.2407706148078439 0.51327635068446509 0.19403566839173414 0.49611075944267202 0.5783390593715011 0.64405078592244525 0.51823222398525104 0.38234673487022519 0.30315338139189485 0.44161643026745812 0.81465715894591983 0.19706650503212486 1.0914699661661869 0.58396575733786438 0.88967041982687078 0.37083768793672789 0.42905944952508512 0.99608775961678475 0.28606536434381269 0.61258928483584874 0.2714564431225881 0.44936070695985109 0.70821367329335749 0.48568877065554261 0.78257362896692928 0.46937765448819835 0.36289158463478077
leaf_count=461 30 324 161 302 98 17 6 28 33 36 14 17 41 11 40 107 34 73 169 36 46 48 36 5 51 70 11 121 51 2
internal_value=0.00140773 0.000961339 0.000488955 0.00282168 -0.00631343 -0.0111101 -0.00306654 -0.0130689 -0.0040242 -0.0156383 0.000679071 -0.0016091 -0.000724983 0.0118265 -0.00404986 -0.0258706 -0.00134557 -0.0138717 0.0107364 0.000138038 -0.0281779 -0.00434381 -0.00166375 -0.0156859 0.00581653 0.00105244 0.0207758 -0.00308622 0.00192092 0.00607963
internal_weight=19.9345 19.7672 19.5789 14.5793 4.99962 4.60854 3.13236 2.63625 2.05791 1.41386 0.895623 13.3385 13.0354 2.72991 10.3054 1.65937 1.91525 1.33129 0.567904 8.64607 1.47619 0.480101 8.21701 1.33341 0.720817 6.8836 1.1939 5.6897 4.90713 4.43775
internal_count=2479 2449 2125 1638 487 326 215 209 181 148 112 1336 1319 159 1160 316 148 114 209 844 111 65 808 92 56 716 81 635 514 463
is_linear=0
shrinkage=0.05


Tree=161
num_leaves=31
num_cat=0
split_feature=29 8 36 7 32 29 36 32 32 29 38 29 38 15 15 32 36 35 37 38 36 13 36 32 36 36 29 7 35 29
split_gain=0.723354 0.206261 0.206418 0.396005 0.18117 0.224013 0.509994 0.428733 0.396915 0.238492 0.225237 0.240491 0.187469 0.316764 0.180559 0.174587 0.235082 0.226037 0.175447 0.364071 0.302878 0.359142 0.316299 0.248731 0.178586 0.165815 0.179723 0.160812 0.158751 0.153985
threshold=1.5834811329248921 1.5000000000000002 15.500000000000002 1.0000000180025095e-35 4.1698471900137752 3.1385506848250149 25.500000000000004 10.135806659779414 10.863928688319861 1.6444966750710746 1.5000000000000002 3.2468620983371328 3.5000000000000004 1.0000000180025095e-35 1.0000000180025095e-35 6.7969257976498705 16.500000000000004 9.5000000000000018 1.5000000000000002 4.5000000000000009 22.500000000000004 1.0000000180025095e-35 20.500000000000004 7.9383696242776152 22.500000000000004 21.500000000000004 3.0375270496321396 1.0000000180025095e-35 10.500000000000002 3.6127552040097792
decision_type=2 2 2 2 2 2 2 2 2 2 2 2 2 2 2 2 2 2 2 2 2 2 2 2 2 2 2 2 2 2
left_child=-1 2 3 14 27 6 9 -7 -9 -6 -10 -12 13 -13 -2 17 -17 -11 19 20 22 28 23 -18 25 26 -20 -4 -22 -14
right_child=1 -3 4 -5 5 7 -8 8 10 15 11 12 29 -15 -16 16 18 -19 24 -21 21 -23 -24 -25 -26 -27 -28 -29 -30 -31
leaf_value=-0.051534966197831336 -0.017668122446836465 0.051184978392465212 -0.0025986846734092324 0.053923812141612126 -0.039260621401454657 -0.036051080413728363 -0.031840546307158303 0.03984430703926356 0.050458529079715778 0.040448312835839835 0.02346199254754967 -0.0069978699731336374 -0.0050084295338074306 0.05296607777941853 0.050313739094522615 -0.044286956090235474 -0.03601489447268838 -0.014604192188774626 -0.03501536561726671 0.056580573195547136 0.022555708384876434 0.035501371816245006 -0.032670917586130666 0.011368448775418646 -0.040746988768560748 0.013159353078500314 0.037742124014764789 0.052957287989734349 -0.026123366174185897 -0.030540569072446219
leaf_weight=0.75894341211824468 0.56540340236097708 0.18225335802708187 0.25817690731492149 0.46407722499861848 0.44508080682135354 0.65163872300763515 1.9983923817562743 0.78349588709534135 0.22733423001773179 0.51229978786432173 0.87649773177690793 0.62622062859009009 2.5395998312160377 0.33971725817536935 0.11806914447515737 0.34709504405327596 0.3444728342292368 0.29313843080308288 0.5314629513886755 0.29576721042394627 0.24899466242641188 0.9898538398265373 1.0433893208683001 1.4131561248650539 0.50442876205488563 0.60885618510656059 0.10100807785056531 0.26288793614367023 0.5116173981805332 0.76945061614969734
leaf_count=53 378 47 143 18 31 41 145 42 235 65 26 87 163 16 49 50 54 119 135 3 22 60 107 117 65 26 14 10 43 91
internal_value=-0.00367516 -0.0017486 -0.00226529 0.0182787 -0.0036106 -0.00450057 -0.00919387 0.00251738 0.00659583 -0.00366841 0.00175275 -0.000396624 -0.00528834 0.0140913 -0.00592433 -0.00162318 -0.00418049 0.020412 -0.00206904 0.00282587 -0.000667254 0.0156485 -0.0108636 0.00208192 -0.0156602 -0.00546589 -0.0233957 0.0254304 -0.0101877 -0.0109454
internal_weight=19.6128 18.8538 18.6716 1.14755 17.524 17.003 10.189 6.81395 6.16232 8.19062 5.37882 5.15149 4.27499 0.965938 0.683473 7.74554 6.9401 0.805438 6.59301 4.84725 4.55148 1.75047 2.80102 1.75763 1.74576 1.24133 0.632471 0.521065 0.760612 3.30905
internal_count=2455 2402 2355 445 1910 1757 1056 701 660 911 618 383 357 103 427 880 696 184 646 406 403 125 278 171 240 175 149 153 65 254
is_linear=0
shrinkage=0.05


Tree=162
num_leaves=31
num_cat=0
split_feature=6 18 11 36 30 36 7 15 36 30 30 30 29 30 7 30 30 30 30 2 30 30 29 15 30 30 14 30 36 36
split_gain=0.207755 0.210076 0.19458 0.190277 0.295132 0.131721 0.42184 0.204374 0.151578 0.320048 1.06905 0.422572 0.159718 0.149242 0.196432 0.142045 0.137856 0.221136 0.28538 0.210866 0.184686 0.285935 0.245816 0.248361 0.230257 0.246792 0.188286 0.172039 0.306364 0.25861
threshold=1.5000000000000002 1.5000000000000002 1.0000000180025095e-35 28.500000000000004 16.150679585873466 15.500000000000002 1.0000000180025095e-35 1.0000000180025095e-35 24.500000000000004 14.82797639961022 13.57412943990362 8.5850002514866244 3.5447213558571025 4.1698471900137752 1.0000000180025095e-35 15.74110718303986 18.191096791259941 13.391388025163643 12.04542620372049 1.5000000000000002 10.16755942264408 10.128449201764782 3.1385506848250149 1.0000000180025095e-35 5.9478512286391902 9.1807601708548869 1.5000000000000002 6.7337778803056185 21.500000000000004 19.500000000000004
decision_type=2 2 2 2 2 2 2 2 2 2 2 2 2 2 2 2 2 2 2 2 2 2 2 2 2 2 2 2 2 2
left_child=1 2 3 5 -5 6 7 -1 13 10 11 -10 -13 14 -7 -11 17 18 20 -18 21 22 23 24 -15 27 -22 -26 29 -29
right_child=-2 -3 -4 4 -6 8 -8 -9 9 15 -12 12 -14 16 -16 -17 19 -19 -20 -21 26 -23 -24 -25 25 -27 -28 28 -30 -31
leaf_value=-0.024369335705665695 0.050199945513569225 0.050402503264876636 0.050069062717446246 -0.034383811235433444 0.0096136120686887011 -0.0096378225904990497 0.053735486540064638 0.050295312457881693 0.014534245993944076 -0.046805216236061098 0.050578044825785942 -0.025801214408832537 0.009988881100184914 -0.028707057482609412 0.052833609085033373 -0.0048841917087244953 0.035596880630339174 -0.026493836006311978 0.029730356118822521 -0.051471569456240499 -0.030435520178497551 0.040446830054373731 -0.041596856321594218 0.050549372267379433 0.031454253183777599 -0.044046365810279854 0.017242955253602026 -0.0032337024904099719 0.014619722415138387 -0.047503135534312423
leaf_weight=0.4937638236151709 0.199057494814041 0.19562274892814357 0.17993122354528068 1.0492910234024737 0.59859567997045804 0.25517740112263965 0.44160065734467935 0.1125400258024456 1.7359466590714867 0.37734793301206071 1.2009527618647551 1.6512712989497234 0.38426218126551237 0.86314918818242947 0.24824307858943939 0.43502831985824741 0.3821613078471281 1.3873259684041839 0.55473619216354553 0.08500602759886533 1.2978875799162777 0.34983350464608509 0.44964028475806106 0.20752744554192748 0.47456327069085169 0.29665734860463988 0.24637603666633356 1.1024415717693048 1.5942913097824201 0.47077114187413815
leaf_count=287 67 28 328 51 19 144 13 46 44 20 26 116 12 181 5 42 116 214 69 9 183 9 27 65 28 28 17 134 85 57
internal_value=-0.000616925 -0.00114592 -0.00167873 -0.00217541 -0.0184017 -0.000611586 0.0165637 -0.0105103 -0.00173292 0.00473991 0.00949355 -0.00358898 -0.0190449 -0.00538038 0.0211676 -0.0243565 -0.00674939 -0.00808142 -0.00485122 0.0197539 -0.00746012 -0.00337444 -0.00618265 -0.00300389 -0.00531836 -0.00019286 -0.0228288 0.00337914 -0.000827142 -0.016481
internal_weight=19.321 19.1219 18.9263 18.7464 1.64789 17.0985 1.0479 0.606304 16.0506 5.78481 4.97243 3.77148 2.03553 10.2658 0.50342 0.812376 9.76237 9.2952 7.90787 0.467167 7.35314 5.80888 5.45904 5.0094 4.80187 3.93872 1.54426 3.64207 3.1675 1.57321
internal_count=2470 2403 2375 2047 70 1977 346 333 1631 260 198 172 128 1371 149 62 1222 1097 883 125 814 614 605 578 513 332 200 304 276 191
is_linear=0
shrinkage=0.05


Tree=163
num_leaves=31
num_cat=0
split_feature=35 30 8 18 11 15 38 38 38 29 30 30 39 4 30 21 29 29 7 35 30 35 7 35 36 36 7 29 30 36
split_gain=0.225472 0.277441 0.201483 0.20204 0.174335 0.125646 0.424349 0.291744 0.423159 0.370266 0.331815 0.336152 0.221736 0.216483 0.204945 0.21206 0.227296 0.396774 0.317321 0.261212 0.193577 0.211202 0.291124 0.264736 0.350634 0.399213 0.487899 0.186277 0.177638 0.2074
threshold=12.500000000000002 11.989040115600568 1.5000000000000002 1.5000000000000002 1.0000000180025095e-35 1.0000000180025095e-35 3.5000000000000004 2.5000000000000004 3.5000000000000004 5.2036832726553373 10.16755942264408 10.135806659779414 1.0000000180025095e-35 1.5000000000000002 16.989880603183163 1.0000000180025095e-35 2.9057986818614658 3.2468620983371328 1.0000000180025095e-35 6.5000000000000009 3.8822505493091657 11.500000000000002 1.0000000180025095e-35 7.5000000000000009 18.500000000000004 15.500000000000002 1.0000000180025095e-35 2.6561704564304831 14.206613927459331 26.500000000000004
decision_type=2 2 2 2 2 2 2 2 2 2 2 2 2 2 2 2 2 2 2 2 2 2 2 2 2 2 2 2 2 2
left_child=2 -2 3 4 5 7 13 9 -9 10 11 12 20 27 15 28 18 -18 -17 -19 -1 23 -23 24 25 26 -22 -7 29 -10
right_child=1 -3 -4 -5 -6 6 -8 8 14 -11 -12 -13 -14 -15 -16 16 17 19 -20 -21 21 22 -24 -25 -26 -27 -28 -29 -30 -31
leaf_value=0.018331864191403462 0.053771139441287356 -0.0012587503464061803 0.051168518800037838 0.050369550148640613 0.050071013843913242 0.051429761955161468 -0.022887227603319637 0.045046867075926825 -0.0094442437279157465 0.050497091754513168 -0.040316297550917188 0.039551443088799258 0.050112717289684909 0.051893970712505059 -0.038475654638374789 0.019905021756887169 0.028467584083618099 0.031496547260471845 -0.047650630819072226 -0.034101153007258828 -0.046430401217474458 -0.032624591671306692 0.054306708138606066 -0.040167089277844979 0.015729146333931267 -0.046839001643052963 0.054302972355718432 0.00092052281625797376 -0.036145856940827135 0.014723155260961183
leaf_weight=0.38091662048829533 0.41599276325723522 0.50964789433055557 0.17771674734831222 0.18010584986768563 0.15430176715017196 0.22677379092783601 0.77894105622544874 0.50479089465807092 3.7805006778944481 0.21760865979013022 1.1254789100494234 0.31794271070975799 0.13205646129790682 0.4416395807347725 0.36918305023573417 0.32862318295519832 1.8791847166066875 0.21455365896690626 0.36902071593794972 0.51852788726682775 0.21644795802421979 0.17273358273087058 0.21767541021108627 1.3587953647365791 0.74496098741656158 0.88696859363699332 0.27033885940909386 0.93583475968625862 0.46338916366221372 1.1601845079421762
leaf_count=83 27 36 47 28 290 78 32 29 311 176 158 3 91 65 42 25 84 16 33 54 108 51 3 309 16 57 4 84 39 66
internal_value=-0.000610574 0.0234723 -0.00181391 -0.00232711 -0.00284953 -0.00330285 0.00739136 -0.00493346 0.000489262 -0.0135388 -0.0159313 -0.0100906 -0.0136933 0.0220931 -0.001987 -0.000441091 0.00952543 0.0162966 -0.0158287 -0.0149024 -0.0156765 -0.0190256 0.0158446 -0.0229404 -0.0118924 -0.0268711 0.00951225 0.0107727 -0.00654543 -0.00376919
internal_weight=19.4508 0.925641 18.5252 18.3475 18.1674 18.0131 2.38319 15.6299 9.58796 6.04192 5.82432 4.69884 4.38089 1.60425 9.08317 8.71398 3.30991 2.61227 0.697644 0.733082 4.24884 3.86792 0.390409 3.47751 2.11872 1.37376 0.486787 1.16261 5.40407 4.94069
internal_count=2445 63 2382 2335 2307 2017 259 1758 699 1059 883 725 722 227 670 628 212 154 58 70 631 548 54 494 185 169 112 162 416 377
is_linear=0
shrinkage=0.05


Tree=164
num_leaves=31
num_cat=0
split_feature=6 18 11 4 5 17 7 29 38 35 30 29 35 14 35 35 35 29 29 22 38 30 13 7 30 21 15 30 35 38
split_gain=0.187914 0.189674 0.176613 0.179065 0.794955 0.257089 0.356294 0.382288 0.440465 0.262461 0.581868 0.374204 0.25704 0.238214 0.332206 0.287633 0.361297 0.233119 0.565979 0.314314 0.219658 0.219325 0.339934 0.288868 0.186983 0.159413 0.153165 0.318648 0.463194 0.144896
threshold=1.5000000000000002 1.5000000000000002 1.0000000180025095e-35 1.5000000000000002 1.0000000180025095e-35 1.0000000180025095e-35 1.0000000180025095e-35 3.814089410479828 4.5000000000000009 5.5000000000000009 9.420392350495213 3.1385506848250149 12.500000000000002 1.0000000180025095e-35 10.500000000000002 10.500000000000002 9.5000000000000018 3.1385506848250149 3.2468620983371328 1.5000000000000002 1.5000000000000002 8.7410881328088816 1.0000000180025095e-35 1.0000000180025095e-35 9.0004091861251769 1.0000000180025095e-35 1.0000000180025095e-35 13.636219711736683 11.500000000000002 3.5000000000000004
decision_type=2 2 2 2 2 2 2 2 2 2 2 2 2 2 2 2 2 2 2 2 2 2 2 2 2 2 2 2 2 2
left_child=1 2 3 4 5 6 7 8 -1 10 -8 13 20 15 -15 16 24 19 -19 21 -9 22 -5 -24 -11 -23 27 -13 -29 -20
right_child=-2 -3 -4 17 -6 -7 9 12 -10 11 -12 26 -14 14 -16 -17 -18 18 29 -21 -22 25 23 -25 -26 -27 -28 28 -30 -31
leaf_value=-0.03701137046032571 0.050195508683588054 0.050363668299684895 0.050061997317970425 -0.037537298572487728 0.050287128674588261 0.050146057698389396 -0.052222356887400914 0.050301074700335548 0.042012690118058228 -0.019377667403947835 0.021519071015083754 -0.050102129725390215 0.066495628031850273 0.009923701796334004 0.054935153739412768 -0.014478954521948702 0.047154072839284071 0.043326264847249385 0.0071585561816359111 0.017622516641580429 -0.043585970087841416 -0.012913963589494421 -0.012344914914731678 0.05658580647098467 0.015346871303915755 -0.04569821353565881 0.011184567650254771 -0.046280364610173777 0.029796047895689494 -0.021797539074184774
leaf_weight=1.8130257726006762 0.17924705943732888 0.17623723787255485 0.16289319963834614 0.50835392187582307 0.77440931829187398 0.23031304351752702 0.63339303614338838 0.097318197091226355 0.1953302128240465 0.60266798106022257 0.46309852531703655 0.59334423375548773 0.18653172254562378 1.0717653631872961 0.66381371405441303 1.2766590250539591 0.63675477541983116 0.6274548685178164 0.67056075519940339 0.52599392377305765 0.17312167008640245 0.53649104258511182 0.34923398349201307 0.26910801665508188 1.0867427558405323 1.2005509907612577 0.45452519372338418 0.34394549269927666 0.47833827219437808 1.2145586433471178
leaf_count=573 63 28 340 140 259 126 37 106 12 43 27 30 1 46 19 39 22 11 112 20 47 72 49 9 25 72 15 45 10 69
internal_value=-0.000746191 -0.00125301 -0.00176291 -0.00224047 0.00132236 -0.00212458 -0.00324233 -0.0199337 -0.0293256 0.00171245 -0.021078 0.0051791 0.0213429 0.0119218 0.0271394 0.00459104 0.0150571 -0.00934831 0.00219342 -0.0179034 -0.00980057 -0.0244286 -0.00724757 0.0176544 0.00295949 -0.0355727 -0.0140681 -0.0221761 -0.00202525 -0.0114975
internal_weight=18.1958 18.0165 17.8403 17.6774 11.7751 11.0007 10.7704 2.46533 2.00836 8.30505 1.09649 7.20856 0.456972 5.3384 1.73558 3.60282 2.32617 5.90231 2.51257 3.38973 0.27044 2.86374 1.1267 0.618342 1.68941 1.73704 1.87015 1.41563 0.822284 1.88512
internal_count=2467 2404 2376 2036 1482 1223 1097 739 585 358 64 294 154 194 65 129 90 554 192 362 153 342 198 58 68 144 100 85 55 181
is_linear=0
shrinkage=0.05


Tree=165
num_leaves=31
num_cat=0
split_feature=37 38 38 23 29 35 36 30 5 18 18 35 36 35 30 0 30 30 7 29 30 36 0 29 38 36 38 0 0 38
split_gain=0.196846 0.612441 0.259555 0.252441 0.215172 0.140724 0.264795 0.255053 0.162049 0.465057 0.279231 0.148187 0.188629 0.13542 0.129233 0.342242 0.179842 0.45687 0.259368 0.287702 0.205266 0.188432 0.664844 0.138491 0.242646 0.435468 0.208619 0.122494 0.197985 0.162534
threshold=1.5000000000000002 4.5000000000000009 5.5000000000000009 1.0000000180025095e-35 5.2036832726553373 7.5000000000000009 27.500000000000004 6.7337778803056185 1.0000000180025095e-35 1.0000000180025095e-35 1.0000000180025095e-35 10.500000000000002 22.500000000000004 5.5000000000000009 11.314619380816618 13.500000000000002 13.855458662553419 14.475916880138364 1.0000000180025095e-35 3.3300921486066026 15.829056705390736 25.500000000000004 13.500000000000002 3.9976927939054847 3.5000000000000004 26.500000000000004 2.5000000000000004 12.500000000000002 11.500000000000002 1.5000000000000002
decision_type=2 2 2 2 2 2 2 2 2 2 2 2 2 2 2 2 2 2 2 2 2 2 2 2 2 2 2 2 2 2
left_child=1 3 5 4 14 6 13 11 10 -10 -9 -7 -13 -2 15 23 21 -18 19 -19 -20 22 -16 24 26 -26 27 28 29 -1
right_child=2 -3 -4 -5 -6 7 -8 8 9 -11 -12 12 -14 -15 16 -17 17 18 20 -21 -22 -23 -24 -25 25 -27 -28 -29 -30 -31
leaf_value=-0.013417224578461893 -0.025479235094117286 0.055789682163647464 0.054240772377147917 0.050929657876339567 0.05046018872094913 0.013211734348167019 0.053957210569863079 -0.049953466084080217 0.050583390397942719 -0.031262786892116173 0.050151258091448693 0.02259386426280113 -0.052341753041266294 0.0059773484635426014 -0.029261978520722421 0.061255296946324402 0.032106193832283463 0.024181942396467343 -0.050832344726580318 -0.02321452053214831 -0.0031259306478962734 -0.034233433762929887 0.045848037538061333 0.039823930331893902 -0.036379632009629147 0.020996154973010713 0.040311916035283092 0.040340779708843567 -0.025253728835060271 0.0099081805050319025
leaf_weight=0.94926094842957898 0.54881900374311843 0.53998639364726919 0.16229138789276465 0.25331548094254763 0.21240943022712677 0.85266284112003654 0.21184055297635485 0.88198284347890843 0.22206925370846875 0.79453108960296959 0.075635741115547717 0.13232471665833145 0.22985692357178777 0.90850317481090315 0.90998972035595238 0.25157999238581386 0.88035487596062045 0.74826482869684718 0.53428791530313891 0.55964572250377387 0.39011092850705609 0.92769752314779896 0.43567796907154843 0.23379986322834145 0.99202481476822846 0.49607779487268999 0.39854308750363987 0.20866242994088668 0.61860899199382391 3.5022936509922147
leaf_count=302 126 18 29 246 184 143 6 220 41 67 40 69 10 143 102 8 22 35 25 60 31 64 30 8 127 18 39 26 73 147
internal_value=0.000536608 0.0035746 -0.00796078 0.00148645 0.000541141 -0.0100387 0.00172378 -0.0161951 -0.0272873 -0.0133841 -0.0420469 0.0018305 -0.0249637 -0.00586902 -0.000272189 0.00390467 -0.00620541 0.00160276 -0.0104269 0.00390133 -0.0306995 -0.0168963 -0.0049441 0.00195471 0.000719087 -0.0172527 0.00542969 0.00279614 0.00125099 0.00493421
internal_weight=19.0631 14.0426 5.02052 13.5026 13.2493 4.85823 1.66916 3.18906 1.97422 1.0166 0.957619 1.21484 0.362182 1.45732 13.0369 7.65085 5.38603 3.11266 2.23231 1.30791 0.924399 2.27337 1.34567 7.39927 7.16547 1.4881 5.67737 5.27883 5.07016 4.45155
internal_count=2459 1565 894 1547 1301 865 275 590 368 108 260 222 79 269 1117 748 369 173 151 95 56 196 132 740 732 145 587 548 522 449
is_linear=0
shrinkage=0.05


Tree=166
num_leaves=31
num_cat=0
split_feature=36 36 35 35 29 7 0 36 35 6 17 30 31 29 36 0 36 36 35 36 36 36 30 30 31 7 37 30 29 13
split_gain=0.298395 0.257717 0.421247 0.418801 0.680311 0.35099 0.31407 0.449531 0.311087 0.257988 0.33879 0.25101 0.231028 0.289701 0.414607 0.508004 0.223676 0.320596 0.221818 0.219899 0.189433 0.164757 0.158553 0.150935 0.334908 0.146246 0.138498 0.14432 0.248464 0.133951
threshold=28.500000000000004 19.500000000000004 5.5000000000000009 7.5000000000000009 2.4860854977526912 1.0000000180025095e-35 11.500000000000002 26.500000000000004 11.500000000000002 1.0000000180025095e-35 1.0000000180025095e-35 11.402991107476733 3.438811922224569 3.0375270496321396 26.500000000000004 11.500000000000002 24.500000000000004 25.500000000000004 10.500000000000002 24.500000000000004 25.500000000000004 27.500000000000004 12.500703125779255 11.119227661224793 3.5447213558571025 1.0000000180025095e-35 1.5000000000000002 16.515481024499916 3.0375270496321396 1.0000000180025095e-35
decision_type=2 2 2 2 2 2 2 2 2 2 2 2 2 2 2 2 2 2 2 2 2 2 2 2 2 2 2 2 2 2
left_child=1 2 11 4 -3 -4 -6 -8 9 16 -11 -1 13 14 15 -10 26 18 -18 25 23 -19 -2 -14 -25 -12 27 28 29 -5
right_child=22 3 5 8 6 -7 7 -9 12 10 19 -13 20 -15 -16 -17 17 21 -20 -21 -22 -23 -24 24 -26 -27 -28 -29 -30 -31
leaf_value=-0.044308448886500686 0.0042466900600017076 0.076470997116648134 -0.0094721459670030206 -0.017274475573808908 0.047476696993233841 0.026588417359865304 -0.026504834583429795 0.045572753434343756 0.039080454754675198 0.050406906369072385 -0.0007468839485205587 0.020823618923934174 0.052250089786215349 -0.031732115492774021 0.056855949970210644 -0.02654504291774187 0.033441814171713068 -0.039307807291791397 -0.0042875754577305688 -0.025083262304163967 0.0602364616699727 0.012039974767164402 -0.028466043166672086 -0.047780998076753081 0.040422146096039793 0.055676735837201369 -0.044030972982260178 0.030498493947278178 -0.039452107323383778 0.012690265007655034
leaf_weight=0.90087885619141406 0.54452664809650642 0.54266487536369723 1.9788506293407409 0.86837790068238907 0.41255448275478546 1.0239675526827341 0.701180138683412 0.31283349967270624 0.50308351943385854 0.48019262742309343 0.27176930535642896 0.17698600536823506 0.21372638613684081 0.3976078268024138 0.44858254430437217 0.71258581241636421 0.86723691104271006 0.50819265093014099 0.70726545742945746 0.476709901005961 0.44351812555396464 0.22555978932359722 1.1583857702935345 0.19482247496489435 0.24044287583092228 0.19888649351196364 0.41020713275065634 0.17964853287412541 0.75730538927018631 0.65373781882226467
leaf_count=103 41 26 948 84 7 77 116 11 71 119 46 66 9 33 15 54 23 52 23 50 17 16 69 8 37 11 109 80 66 51
internal_value=0.00188063 0.0040227 -0.00680017 0.00778823 0.0288218 0.00282458 0.0106961 -0.00426817 0.00354414 -0.00262487 0.0161941 -0.0336137 0.0164617 0.00661188 0.0157727 0.000612923 -0.00781366 0.00377312 0.0164938 -0.00114746 0.035051 -0.0235232 -0.0180058 0.0178394 0.000942884 0.0230962 -0.0171349 -0.0126483 -0.0160488 -0.00440483
internal_weight=17.5123 15.8094 4.08068 11.7287 1.96923 3.00282 1.42657 1.01401 9.75946 6.60509 1.42756 1.07786 3.15437 2.06186 1.66425 1.21567 5.17753 2.30825 1.5745 0.947366 1.09251 0.733752 1.70291 0.648992 0.435265 0.470656 2.86928 2.45907 2.27942 1.52212
internal_count=2438 2328 1194 1134 160 1025 134 127 974 730 226 169 244 173 140 125 504 114 46 107 71 68 110 54 45 57 390 281 201 135
is_linear=0
shrinkage=0.05


Tree=167
num_leaves=31
num_cat=0
split_feature=38 18 6 11 36 30 30 17 5 29 36 15 29 38 0 38 38 5 29 38 29 17 30 38 29 0 8 2 36 30
split_gain=0.182959 0.178769 0.173436 0.160577 0.107845 0.0926515 0.749803 0.328643 0.381394 0.438675 0.340634 0.173736 0.26026 0.231015 0.223716 0.337503 0.424928 0.359386 0.276825 0.340945 0.293804 0.215276 0.20566 0.189922 0.200281 0.257614 0.284252 0.599647 0.165351 0.146234
threshold=5.5000000000000009 1.5000000000000002 1.5000000000000002 1.0000000180025095e-35 32.500000000000007 14.475916880138364 14.430035842780081 1.0000000180025095e-35 1.0000000180025095e-35 3.0375270496321396 22.500000000000004 1.0000000180025095e-35 3.1026927801673843 1.5000000000000002 11.500000000000002 2.5000000000000004 3.5000000000000004 1.0000000180025095e-35 3.9976927939054847 4.5000000000000009 3.438811922224569 1.0000000180025095e-35 11.989040115600568 2.5000000000000004 2.6561704564304831 9.5000000000000018 1.0000000180025095e-35 1.5000000000000002 19.500000000000004 18.328475884582289
decision_type=2 2 2 2 2 2 2 2 2 2 2 2 2 2 2 2 2 2 2 2 2 2 2 2 2 2 2 2 2 2
left_child=1 2 3 4 5 6 11 8 9 -7 29 13 22 -1 23 -16 -17 18 19 20 -18 -19 -13 24 25 -15 27 -27 -28 -11
right_child=-2 -3 -4 -5 -6 7 -8 -9 -10 10 -12 12 -14 14 15 16 17 21 -20 -21 -22 -23 -24 -25 -26 26 28 -29 -30 -31
leaf_value=-0.030054899611225618 0.05396018645602757 0.050346127213516702 0.050195224531455446 0.050061571152406885 0.02900829903078413 0.056122837175303114 0.069317181144680384 -0.036396998893043604 0.050637817218163905 -0.016913542498407121 -0.040674221903489002 0.051148474901031742 -0.0066977063681936946 0.052226228308102085 -0.033890109862424661 0.059446566894570008 -0.045437952195752751 0.050349329535733151 0.033426349989733213 -0.003458066618556006 -0.0050729664875148444 0.0049476392506961247 -0.006079808314178068 0.052214043032418771 0.018588249138045673 0.078874459718181578 -0.039888574854705781 -0.021331468649255822 -0.0066127516583361599 0.036147761470394828
leaf_weight=0.80983432149516232 0.15820344219537119 0.17425835318863292 0.16680604725843196 0.1524345921134217 0.28522544412407924 0.22058676008600686 0.37564680057403244 0.84224145367625158 0.3230102953093591 0.24394757932168409 0.79464402649318799 0.53710767057782571 0.7806570318643935 0.18248364346800272 1.0456039517302995 0.2592115924344397 1.2600938482792114 0.3581646747770717 0.31230444693937887 2.630993171071168 0.70191966713173304 0.96332215750589967 0.22182489326223731 0.22005195205565531 1.5143409581505691 0.24898181762546312 0.67074506159406155 0.3728933364036493 0.84193111024796963 0.27761550001741853
leaf_count=188 31 29 57 324 5 8 5 71 58 93 68 140 41 24 178 10 132 112 15 176 34 38 10 20 84 5 22 337 35 95
internal_value=0.000427868 -4.82154e-05 -0.000546758 -0.00103187 -0.00148218 -0.00199345 -0.00038984 -0.010485 0.00124966 -0.00913097 -0.020067 -0.00226928 0.0135718 -0.00423724 -0.00243219 -0.00752863 -0.00327892 -0.00589008 -0.0121248 -0.0152221 -0.0309972 0.0172529 0.0344215 0.0070421 0.00444769 -0.00479413 -0.00966882 0.0187882 -0.0213678 0.0113297
internal_weight=17.9471 17.7889 17.6146 17.4478 17.2954 17.0102 14.3081 2.70205 1.8598 1.53679 1.31621 13.9325 1.53959 12.3929 11.583 7.53161 6.48601 6.2268 4.90531 4.59301 1.96201 1.32149 0.758933 4.05143 3.83138 2.31703 2.13455 0.621875 1.51268 0.521563
internal_count=2445 2414 2385 2328 2004 1999 1606 393 322 264 256 1601 191 1410 1222 695 517 507 357 342 166 150 150 527 507 423 399 342 57 188
is_linear=0
shrinkage=0.05


Tree=168
num_leaves=31
num_cat=0
split_feature=38 6 17 5 5 4 31 29 38 35 36 30 19 36 7 0 7 30 13 35 36 30 29 35 30 36 36 29 36 30
split_gain=0.155274 0.139545 0.135006 1.02827 0.553332 0.161685 0.227853 0.564094 0.360465 0.148535 0.953835 0.352622 0.259431 0.329137 0.449375 0.575435 0.356062 0.260647 0.2176 0.271813 0.37832 0.304092 0.273513 0.271996 0.249536 0.275917 0.273034 0.242287 0.453219 0.235371
threshold=5.5000000000000009 1.5000000000000002 1.0000000180025095e-35 1.0000000180025095e-35 1.0000000180025095e-35 2.5000000000000004 3.1385506848250149 3.2468620983371328 3.5000000000000004 7.5000000000000009 20.500000000000004 9.1807601708548869 1.0000000180025095e-35 15.500000000000002 1.0000000180025095e-35 11.500000000000002 1.0000000180025095e-35 10.947609537023814 1.0000000180025095e-35 11.500000000000002 26.500000000000004 10.822270259195856 2.5467889716101815 10.500000000000002 15.44954990788453 21.500000000000004 22.500000000000004 2.1245140192200878 20.500000000000004 14.430035842780081
decision_type=2 2 2 2 2 2 2 2 2 2 2 2 2 2 2 2 2 2 2 2 2 2 2 2 2 2 2 2 2 2
left_child=1 2 3 9 -4 6 -6 -8 -9 10 12 -12 13 16 15 -15 -1 -16 19 23 21 22 -21 27 25 -20 -26 -11 -29 -27
right_child=-2 -3 4 -5 5 -7 7 8 -10 18 11 -13 -14 14 17 -17 -18 -19 24 20 -22 -23 -24 -25 26 29 -28 28 -30 -31
leaf_value=-0.025551667658712748 0.053736656373976066 0.050183871862099549 0.050237339713788215 0.050438541913540559 -0.029282031701493561 0.012457948156303253 0.04537834483807969 0.013775681328675269 -0.041577175267066301 0.003561792070217144 0.088888751622838269 0.026049366947231145 0.045084794944884182 0.078214790447264315 -0.047028812272081048 -0.022084073455157262 0.053442670358497625 0.0069975942807815258 -0.014129268779792731 -0.023601267047785774 0.031851091462605514 -0.052320083915102317 0.031919944998431919 -0.045550832871925656 0.03212508192156964 0.012405613464133922 -0.048800627435092087 0.021791873346299166 -0.049013576312493007 0.051257980592833596
leaf_weight=0.23395231068571787 0.15201969301779072 0.15529587777564202 0.40744127889047277 1.1414075271168265 1.5568809250253259 0.61580266828241281 0.44725491020653851 0.48019152168126289 0.75902291660895571 1.3632201914588211 0.40070010442286719 0.50410459485283354 0.23503390138648672 0.23060517013072934 1.0705812421801963 0.37644041870953515 0.36553058297431562 0.28206235507241229 0.75212014600401822 0.46112931940297153 0.7988393599516711 0.34298279359791195 0.42742800421547145 0.71371664362959553 0.14612310010852514 1.8200669102370741 0.36352560058003291 0.32076653294643598 0.76500390558794606 0.49605952415731724
leaf_count=187 30 57 162 306 166 22 20 60 34 179 10 38 44 1 64 59 16 48 175 48 14 36 17 169 119 89 57 108 107 15
internal_value=0.00341603 0.00299183 0.0025819 0.00501453 -0.00517875 -0.0110295 -0.0154889 -0.00275568 -0.0201281 0.000856764 0.00925973 0.0538783 -0.00518841 -0.0098055 -0.019723 0.0160176 0.0226146 -0.0357629 -0.00268704 -0.00922401 0.00505288 -0.0123298 0.00310643 -0.0183894 0.00680095 0.0121826 -0.0255981 -0.0104737 -0.0280957 0.0207269
internal_weight=18.1853 18.0333 17.878 13.6114 4.26659 3.85915 3.24335 1.68647 1.23921 12.47 3.69901 0.904805 2.79421 2.55917 1.95969 0.607046 0.599483 1.35264 8.77098 5.19309 2.03038 1.23154 0.888557 3.16271 3.5779 3.06825 0.509649 2.44899 1.08577 2.31613
internal_count=2457 2427 2370 1906 464 302 280 114 94 1600 467 48 419 375 172 60 203 112 1133 678 115 101 65 563 455 279 176 394 215 104
is_linear=0
shrinkage=0.05


Tree=169
num_leaves=31
num_cat=0
split_feature=6 18 11 37 38 23 38 38 38 38 30 30 8 29 29 5 4 18 35 13 21 36 35 29 8 36 35 29 30 8
split_gain=0.159768 0.145191 0.144988 0.100797 0.721827 0.234317 0.188039 0.570823 0.132995 0.26835 0.211541 0.331928 0.456417 0.349886 0.266339 0.357194 0.30297 0.504603 0.210773 0.266338 0.251429 0.337046 0.172599 0.166335 0.153733 0.111927 0.568455 0.250418 0.223074 0.174184
threshold=1.5000000000000002 1.5000000000000002 1.0000000180025095e-35 1.5000000000000002 4.5000000000000009 1.0000000180025095e-35 2.5000000000000004 4.5000000000000009 3.5000000000000004 2.5000000000000004 13.631613181452218 14.475916880138364 1.0000000180025095e-35 3.3300921486066026 3.9976927939054847 1.0000000180025095e-35 2.5000000000000004 1.0000000180025095e-35 10.500000000000002 1.0000000180025095e-35 1.0000000180025095e-35 19.500000000000004 11.500000000000002 3.438811922224569 1.0000000180025095e-35 19.500000000000004 5.5000000000000009 2.5467889716101815 12.786960787537971 1.0000000180025095e-35
decision_type=2 2 2 2 2 2 2 2 2 2 2 2 2 2 2 2 2 2 2 2 2 2 2 2 2 2 2 2 2 2
left_child=1 2 3 4 5 8 -5 -8 9 18 14 23 13 -13 15 -10 17 -17 20 22 25 24 -20 -12 -22 27 -27 -1 -29 -28
right_child=-2 -3 -4 6 -6 -7 7 -9 10 -11 11 12 -14 -15 -16 16 -18 -19 19 -21 21 -23 -24 -25 -26 26 29 28 -30 -31
leaf_value=0.0072529128032026609 0.050171060948544004 0.050343997402077206 0.050061955756406519 -0.027435485080371802 0.05562701536796253 0.050992170082006717 0.053642171492079262 -0.0080259714082745251 -0.037322217471910314 0.040518629412304275 0.0039637803710078391 0.033803184899751648 -0.045631202696320122 -0.026852290054470845 0.032149668095022663 0.050427171262421126 0.064016918088575056 -0.051951021598528539 -0.029765691902542652 0.035906945253406888 -0.028687359359727861 -0.038854796386219304 0.025858267498427668 0.042231098167423903 0.022968830747297966 0.065187909865946789 0.029059289124679217 -0.050021129163730638 0.022386278322669949 -0.019458020020155592
leaf_weight=1.4897600906551911 0.16668531832692579 0.14780722046270867 0.14683832957962195 0.84474214259534974 0.60850523941917423 0.21984608852653842 0.4201666098670106 3.5101671889678983 1.4818645791383467 0.4556887813087086 0.57099522917997114 0.58044848107965641 0.62714038719423115 0.40270094422157854 0.2382872785674407 0.19462109339656297 0.17101454734802246 0.31542200269177556 0.35714536896557525 0.83707680764200632 0.2079027662402948 0.97221970338432584 0.22880819861893542 0.564907131716609 0.46883945442095865 0.3974406929919494 0.25438169765402563 0.42337680351920415 0.14206316135823727 0.67818805453134701
leaf_count=213 67 25 326 500 11 44 27 306 149 32 30 25 32 45 11 56 1 22 71 82 58 39 49 18 17 4 57 27 78 54
internal_value=0.00144512 0.000992858 0.0005833 0.000171984 0.00247098 -0.000163002 -0.00603336 -0.00143343 -0.00109551 0.00343527 -0.00718027 0.00229785 -0.0123019 0.00895852 -0.0180201 -0.0235473 0.0064246 -0.0128858 0.000818273 0.017809 -0.00398457 -0.0199949 -0.00804517 0.0229949 0.00709947 0.0038142 0.0151159 -0.00349962 -0.0318292 -0.00622371
internal_weight=18.1251 17.9584 17.8106 17.6637 12.8886 12.2801 4.77508 3.93033 12.0603 6.91289 5.1474 2.74619 1.61029 0.983149 2.40121 2.16292 0.681058 0.510043 6.4572 1.42303 5.03417 1.64896 0.585954 1.1359 0.676742 3.38521 1.33001 2.0552 0.56544 0.93257
internal_count=2476 2409 2384 2058 1225 1214 833 333 1170 781 389 150 102 70 239 228 79 78 749 202 547 114 120 48 75 433 115 318 105 111
is_linear=0
shrinkage=0.05


Tree=170
num_leaves=31
num_cat=0
split_feature=37 38 30 30 29 31 30 30 30 0 30 30 30 0 29 38 29 30 38 38 38 39 5 30 35 36 30 36 36 13
split_gain=0.47618 0.500852 0.370754 0.538224 0.384398 0.236791 0.174148 0.296224 0.220706 0.327503 0.24689 0.56683 0.271998 0.398751 0.340015 0.24497 0.348332 0.209716 0.166813 0.386738 0.162799 0.149281 0.12832 0.116425 0.115195 0.135255 0.120588 0.0945831 0.0940618 0.330739
threshold=1.5000000000000002 4.5000000000000009 8.5850002514866244 8.4970819437662879 2.2011011665870814 5.2036832726553373 16.5890620846635 16.350326742085048 15.44954990788453 14.500000000000002 14.703427073046866 14.430035842780081 12.238167027044883 13.500000000000002 3.438811922224569 3.5000000000000004 3.9976927939054847 13.636219711736683 4.5000000000000009 2.5000000000000004 2.5000000000000004 1.0000000180025095e-35 1.0000000180025095e-35 6.7337778803056185 10.500000000000002 24.500000000000004 5.4521361837224109 26.500000000000004 22.500000000000004 1.0000000180025095e-35
decision_type=2 2 2 2 2 2 2 2 2 2 2 2 2 2 2 2 2 2 2 2 2 2 2 2 2 2 2 2 2 2
left_child=1 5 3 21 -4 6 7 8 9 10 11 12 13 15 22 20 27 -16 19 -6 28 23 -14 24 25 -2 -26 -17 -1 -30
right_child=2 -3 4 -5 18 -7 -8 -9 -10 -11 -12 -13 14 -15 17 16 -18 -19 -20 -21 -22 -23 -24 -25 26 -27 -28 -29 29 -31
leaf_value=0.00036413922147792983 -0.017825993172166453 0.055424894656880108 -0.060719227860035252 0.072994858664974308 -0.024913916257425936 0.050374501934007443 -0.023496562475821593 0.057826837414562043 -0.034752857705921104 0.0517544089892919 -0.040371108069688494 0.06256815488446052 -0.048091085991628015 0.053263010412565565 -0.024271800274169142 -0.034564302753194102 0.045555400762579877 0.030035454683208503 -0.027500053520289502 0.054221734624532697 0.037530743979300146 0.050110362389318319 -0.012449427235823214 -0.035188351665462303 0.018412593097951308 0.019363872368666171 -0.050715833086130369 -0.0025672735814390208 -0.0089129318894524742 0.046582174076772627
leaf_weight=4.1428750551276483 0.42490065790479936 0.44906208918837442 0.66333137929905239 0.22800807673775114 0.42907163046766061 0.24409461809409627 0.7036756928428084 0.23390903783729378 0.4160895400564194 0.32538766952348019 0.35162547254003662 0.37476332970254667 0.69551859603961907 0.39080323072266754 0.29312440659850825 0.93989738757954888 0.19256550466525357 0.45172281970735639 1.2174713669301125 0.24116231031075586 0.38375185645418231 0.10260557971196238 0.39649460831424221 0.4110828724442398 0.087836351274745428 0.57576607167720795 0.22388129191676853 0.30620065599214286 0.57635219267103799 0.50261610647430643
leaf_count=502 220 20 38 8 134 397 73 13 33 10 31 11 65 18 40 142 6 21 203 11 38 81 48 157 40 3 27 20 41 25
internal_value=-0.00152176 0.00358762 -0.0152469 0.000563485 -0.0279773 0.001635 0.000616184 0.00216239 0.000950033 0.00238901 0.000782453 0.00228252 -0.000154179 0.00410243 -0.0173836 0.00137508 -0.0170301 0.00866358 -0.0164719 0.00356052 0.00609873 -0.00848048 -0.0351501 -0.0119686 -0.00469546 0.0035724 -0.0312367 -0.0267018 0.00378881 0.0169384
internal_weight=16.9756 12.3705 4.60512 2.05408 2.55104 11.9215 11.6774 10.9737 10.7398 10.3237 9.99831 9.64669 9.27192 7.43506 1.83686 7.04426 1.43866 0.744847 1.88771 0.670234 5.6056 1.82607 1.09201 1.72347 1.31238 1.00067 0.311718 1.2461 5.22184 1.07897
internal_count=2476 1554 922 536 386 1534 1137 1064 1051 1018 1008 977 966 792 174 774 168 61 348 145 606 528 113 447 290 223 67 162 568 66
is_linear=0
shrinkage=0.05


Tree=171
num_leaves=31
num_cat=0
split_feature=8 39 5 35 5 17 7 22 38 30 30 29 15 38 29 13 30 31 29 38 38 30 30 30 0 38 29 29 29 30
split_gain=0.163136 0.150706 0.250317 0.128009 0.122544 1.08657 0.21826 0.379513 0.275201 0.228715 0.296959 0.18832 0.191976 0.319533 0.146073 0.12864 0.131497 0.377997 0.355209 0.123747 0.110734 0.272193 0.0845392 0.302535 0.278787 0.189599 0.179216 0.258926 0.24683 0.134353
threshold=1.5000000000000002 1.0000000180025095e-35 1.0000000180025095e-35 12.500000000000002 1.0000000180025095e-35 1.0000000180025095e-35 1.0000000180025095e-35 1.5000000000000002 4.5000000000000009 4.3596116904199791 5.4521361837224109 5.2036832726553373 1.0000000180025095e-35 1.5000000000000002 3.0375270496321396 1.0000000180025095e-35 11.65808735761245 3.1385506848250149 3.3300921486066026 1.5000000000000002 3.5000000000000004 12.580775637471541 14.475916880138364 15.879226296404825 13.500000000000002 3.5000000000000004 3.1026927801673843 2.9057986818614658 3.2468620983371328 13.636219711736683
decision_type=2 2 2 2 2 2 2 2 2 2 2 2 2 2 2 2 2 2 2 2 2 2 2 2 2 2 2 2 2 2
left_child=1 3 -3 4 6 -6 7 8 11 -8 -11 12 -1 -14 -9 20 -17 -18 -19 -16 21 -7 24 -24 26 -25 27 -12 -28 -26
right_child=-2 2 -4 -5 5 15 9 14 -10 10 22 -13 13 -15 19 16 17 18 -20 -21 -22 -23 23 25 29 -27 28 -29 -30 -31
leaf_value=-0.041152010067533461 0.050988934679385069 0.05023478748238952 -0.0072140533355998784 0.019184203915409342 0.050423306377897673 -0.03378092405886534 0.052240032544521788 0.062170215306214298 0.032207125053506563 -0.050862281245575104 -0.003407144160773784 0.050290051043913202 0.050141631075865604 -0.047535597043789575 0.050255483518821503 0.013678520745787749 -0.043227535297998027 0.042707572660494228 -0.017723818405342016 -0.047522050297180388 -0.043622110919654677 0.041584814300729578 -0.050807217477935263 0.05131819584769113 0.0082645237821058707 -0.012349001661401456 -0.046139310756699706 0.025853000535797661 -0.0037181474827829111 0.045972821833818386
leaf_weight=1.5765530849166731 0.15727956465707293 0.38075364005635393 0.37770895537687466 0.73780803693807762 1.0113835505871982 0.36979673604946617 0.19584431620023757 0.18320539951673698 0.18913007312221441 0.3049822349275918 4.0168911189248302 0.068901874059520085 0.16483472252730269 0.17016120534390211 0.055584941852430347 0.82477816063328679 0.57585864642169304 0.41904235784022603 0.57935401682334486 0.077442948997486383 0.41473865244188346 0.17721628079016227 0.35680764229618933 0.17517519144166727 0.48942892072955135 0.35171961577725597 0.50349041129811656 0.93137994135031466 1.0751207418506963 0.45658612754778005
leaf_count=629 54 159 39 54 286 103 16 7 13 17 181 121 99 6 128 44 25 19 44 21 46 31 29 98 51 32 25 31 47 11
internal_value=0.000297665 -0.00016555 0.0216257 -0.00117008 -0.00212568 0.00498601 -0.00486683 -0.0179589 -0.0254176 -0.00119258 -0.00240073 -0.0309207 -0.0338479 0.000526476 0.0332132 -0.00868774 -0.00249404 -0.0109671 0.00764017 -0.00666627 -0.0241376 -0.00936462 -0.000632073 -0.0152564 0.00109732 0.00881825 -0.00257938 0.0021003 -0.0172482 0.0264641
internal_weight=17.369 17.2117 0.758463 16.4532 15.7154 4.37217 11.3432 2.48581 2.16958 8.85743 8.66158 1.98045 1.91155 0.334996 0.316233 3.36078 2.39903 1.57426 0.998396 0.133028 0.961752 0.547013 8.3566 0.883702 7.4729 0.526895 6.52688 4.94827 1.57861 0.946015
internal_count=2466 2412 198 2214 2160 598 1562 1024 868 538 522 855 734 105 156 312 132 88 63 149 180 134 505 159 346 130 284 212 72 62
is_linear=0
shrinkage=0.05


Tree=172
num_leaves=31
num_cat=0
split_feature=6 18 2 37 38 23 36 36 4 5 30 30 15 29 38 36 21 30 22 29 14 30 29 29 29 30 30 35 36 19
split_gain=0.152804 0.146419 0.143923 0.10712 0.552092 0.226412 0.181178 0.211235 0.214206 0.244959 0.169296 0.282678 0.17855 0.332905 0.21465 0.149254 0.247613 0.262271 0.244248 0.164736 0.198128 0.14837 0.131032 0.348474 0.141298 0.129067 0.125262 0.118935 0.234178 0.300464
threshold=1.5000000000000002 1.5000000000000002 1.0000000180025095e-35 1.5000000000000002 4.5000000000000009 1.0000000180025095e-35 28.500000000000004 27.500000000000004 1.5000000000000002 1.0000000180025095e-35 11.314619380816618 11.017322843051891 1.0000000180025095e-35 3.3300921486066026 1.5000000000000002 32.500000000000007 1.0000000180025095e-35 13.631613181452218 1.5000000000000002 3.3300921486066026 1.5000000000000002 12.110943574045036 2.9057986818614658 2.9453808215463142 2.2011011665870814 13.6877311711388 11.929876717786204 11.500000000000002 21.500000000000004 1.0000000180025095e-35
decision_type=2 2 2 2 2 2 2 2 2 2 2 2 2 2 2 2 2 2 2 2 2 2 2 2 2 2 2 2 2 2
left_child=1 2 -1 4 5 10 7 8 9 21 11 12 14 -14 -4 16 17 -12 19 -18 -21 22 24 -24 -5 -19 -25 28 29 -16
right_child=-2 -3 3 6 -6 -7 -8 -9 -10 -11 15 -13 13 -15 27 -17 18 25 -20 20 -22 -23 23 26 -26 -27 -28 -29 -30 -31
leaf_value=0.050052821763095369 0.050166736364202269 0.050318484525729006 -0.026117059266109757 -0.0025588340355266947 0.054684116156734533 0.050939464856941841 -0.043761271660911961 0.046578038847169767 -0.02835459183525765 0.050255194564821054 -0.019076280824739982 0.059269699634042397 0.050821367178963177 -0.030605827982356185 0.00065547874182588005 0.028046929859009972 -0.045902045454616527 0.056775476800609806 0.0089795291272239484 -0.032076838810336558 0.025530670586086025 -0.0438732871933665 0.068600153435692882 -0.035446669662207976 -0.045403937973503387 0.0096841341335989622 0.046604523301015319 0.015653762911132504 -0.017708984931980597 0.051413359811871499
leaf_weight=0.13859176657571026 0.15159292529278801 0.14189410745166142 0.76066663619712738 1.9229940038057987 0.46638213977712517 0.20765026089793615 0.32314809325180238 0.19019473350635951 0.93118468459579151 0.21686442778081971 0.9246001654537398 0.21709563600597892 0.43155486037721846 0.17700702045112848 2.2887064041569833 0.25092824734747399 0.96628283968311757 0.17146822065114953 0.44971636030822981 0.47415105253458023 0.21782014105701819 0.22461308120546153 0.21910124225541938 0.20364395080105169 0.2138269810238852 0.96090774993353989 0.060284309554845095 1.2669671626063062 1.4883859118854159 0.33412191769457411
leaf_count=401 62 26 220 302 20 79 27 6 195 75 102 7 80 3 159 4 62 3 25 65 8 60 3 84 93 97 5 59 134 12
internal_value=0.000191782 -0.00025807 -0.000687831 -0.00111248 0.00134612 -0.000800568 -0.0076899 -0.0049031 -0.00735555 -0.000968129 -0.00174463 0.00311136 0.00130449 0.0271374 -0.0012564 -0.00940328 -0.0116596 0.00068198 -0.0237026 -0.0325659 -0.013943 -0.00487344 -0.00152979 0.0219891 -0.00684625 0.0168149 -0.0167052 0.00225978 -0.00186788 0.00712152
internal_weight=16.9923 16.8408 16.6989 16.5603 12.0544 11.588 4.50586 4.18271 3.99251 3.06133 11.3804 6.96451 6.74741 0.608562 6.13885 4.41587 4.16495 2.05698 2.10797 1.65825 0.691971 2.84446 2.61985 0.48303 2.13682 1.13238 0.263928 5.37818 4.11121 2.62283
internal_count=2478 2416 2390 1989 1139 1119 850 823 817 622 1040 674 667 83 584 366 362 202 160 135 73 547 487 92 395 100 89 364 305 171
is_linear=0
shrinkage=0.05


Tree=173
num_leaves=31
num_cat=0
split_feature=38 36 39 36 36 17 36 5 5 17 7 15 29 30 30 2 36 35 0 38 38 29 36 13 38 2 35 30 0 7
split_gain=0.165426 0.222839 0.173504 0.166639 0.183019 0.166969 0.282787 0.144262 0.119205 0.435156 0.193096 0.138887 0.123214 0.140306 0.328795 0.167469 0.154979 0.42384 0.193079 0.237502 0.189997 0.121501 0.140938 0.13845 0.117637 0.148586 0.111492 0.126295 0.103592 0.209889
threshold=5.5000000000000009 29.500000000000004 1.0000000180025095e-35 24.500000000000004 23.500000000000004 1.0000000180025095e-35 27.500000000000004 1.0000000180025095e-35 1.0000000180025095e-35 1.0000000180025095e-35 1.0000000180025095e-35 1.0000000180025095e-35 1.6444966750710746 12.683032353141799 15.879226296404825 1.5000000000000002 19.500000000000004 6.5000000000000009 10.500000000000002 2.5000000000000004 1.5000000000000002 3.0375270496321396 21.500000000000004 1.0000000180025095e-35 1.5000000000000002 1.5000000000000002 8.5000000000000018 6.7969257976498705 9.5000000000000018 1.0000000180025095e-35
decision_type=2 2 2 2 2 2 2 2 2 2 2 2 2 2 2 2 2 2 2 2 2 2 2 2 2 2 2 2 2 2
left_child=1 2 3 4 8 -5 -7 -4 12 -10 11 -11 28 16 -15 -16 18 -18 24 20 -20 22 26 -24 -14 -26 -19 -28 29 -1
right_child=-2 -3 7 5 -6 6 -8 -9 9 10 -12 -13 13 14 15 -17 17 21 19 -21 -22 -23 23 -25 25 -27 27 -29 -30 -31
leaf_value=-0.040415276232352193 0.054029134342565399 -0.023402521687159852 0.050220445210781631 0.014083220315526916 -0.02804689468298735 -0.041661226036516799 0.0092349418299022927 0.00232577865275325 0.05029188920582095 -0.032157931262550232 0.01964123177626001 0.012569592221939895 -0.024245922667609623 -0.045555797228955142 0.02954664604637108 -0.050046561700887254 0.049656369625554628 0.0087672206714620345 0.031498323465401483 0.014760923566526741 -0.045576083637836648 -0.025804685536757868 0.0031190784589135673 0.036624265328623305 0.023921138942736286 -0.029844303791621521 0.024334493173254337 -0.045498895799512801 -0.038379121923902665 0.052064748311804458
leaf_weight=0.13195454303058785 0.15834134881879336 0.7803213172155673 0.36279870651196766 4.506597851177502 0.59641673353326119 0.3933860571705734 0.89118591377336998 0.27746806197683327 0.5267861637548773 0.57090448981034569 0.55433310486841947 0.24937309852975886 0.23804301582276843 0.50338248643674877 0.34254378806508612 0.081886786385439336 0.55839103614562224 0.34916952857747752 0.09036090236622818 0.3137923164467793 0.69460204665665515 0.35296412382740516 0.81707289748010203 0.49518179957522079 0.7842635033885017 0.15368385560577735 0.082687347719911486 0.29835709312465042 0.41249237998272292 0.11466800489870366
leaf_count=82 30 62 157 232 127 50 39 35 196 145 19 21 105 109 327 18 21 20 40 35 160 37 41 24 15 177 28 47 41 4
internal_value=0.00316592 0.00267855 0.00397115 0.0028905 -0.00125079 0.00955049 -0.00635145 0.0294647 0.000582615 0.0116526 -0.00315493 -0.0185603 -0.00250571 -0.000305984 -0.0182247 0.0141905 0.00287371 0.0104279 -0.00693565 -0.022006 -0.0367037 0.0012835 0.00596468 0.0157623 0.00714489 0.0151116 -0.0116425 -0.0303449 -0.023052 0.00258363
internal_weight=16.6834 16.5251 15.7447 15.1045 9.31331 5.79117 1.28457 0.640267 8.71689 1.9014 1.37461 0.820278 6.8155 6.15638 0.927813 0.424431 5.22857 2.95382 2.27475 1.09876 0.784963 2.39543 2.04247 1.31225 1.17599 0.937947 0.730214 0.381044 0.659115 0.246623
internal_count=2444 2414 2352 2160 1839 321 89 192 1712 381 185 166 1331 1204 454 345 750 218 532 235 200 197 160 65 297 192 95 75 127 86
is_linear=0
shrinkage=0.05


Tree=174
num_leaves=31
num_cat=0
split_feature=39 38 2 38 31 36 30 0 30 30 30 0 29 30 5 38 35 36 38 29 36 35 15 30 0 38 36 0 38 38
split_gain=0.213494 0.172198 0.140915 0.529665 0.205169 0.184312 0.242183 0.301638 0.205907 0.517951 0.231171 0.376011 0.273047 0.244737 0.214508 0.212105 0.190656 0.316229 0.177454 0.134156 0.259675 0.246652 0.17737 0.25611 0.196413 0.210206 0.176291 0.127341 0.122936 0.414463
threshold=1.0000000180025095e-35 5.5000000000000009 1.5000000000000002 4.5000000000000009 5.2036832726553373 32.500000000000007 15.44954990788453 14.500000000000002 14.82797639961022 14.430035842780081 12.238167027044883 13.500000000000002 3.438811922224569 13.636219711736683 1.0000000180025095e-35 3.5000000000000004 12.500000000000002 26.500000000000004 2.5000000000000004 3.1026927801673843 22.500000000000004 5.5000000000000009 1.0000000180025095e-35 11.989040115600568 11.500000000000002 1.5000000000000002 20.500000000000004 14.500000000000002 2.5000000000000004 4.5000000000000009
decision_type=2 2 2 2 2 2 2 2 2 2 2 2 2 2 2 2 2 2 2 2 2 2 2 2 2 2 2 2 2 2
left_child=1 2 3 4 5 6 7 8 9 10 11 15 14 -14 -12 18 17 -17 19 20 22 -21 24 -24 25 -1 -27 -8 -4 -30
right_child=-2 -3 28 -5 -6 -7 27 -9 -10 -11 12 -13 13 -15 -16 16 -18 -19 -20 21 -22 -23 23 -25 -26 26 -28 -29 29 -31
leaf_value=-0.024585133417328944 0.029726079090450948 0.053904705093433682 -0.02885644709308581 0.05469221381579531 0.050329335739042885 0.046491524544214645 0.010082893075343453 0.050279259725750973 -0.044658983043965844 0.05797769384891735 -0.05151499268384449 0.052161709533214695 -0.033497328260430607 0.028639914824242298 0.00059442959839360295 -0.043127861884186956 0.023020323836522857 0.012699679616077972 0.037395424418872614 0.016252464813880037 0.031237687046346465 -0.035734096482821456 0.050833832615939371 -0.054184057588233664 -0.044176022776216073 0.014450737709419305 -0.022139058160888972 -0.034570143989697232 0.052207690526125984 -0.0095059048850429737
leaf_weight=0.68708390227402327 0.63662219859543157 0.14794501334472343 0.60753964720060949 0.46771575196908166 0.20200261398713415 0.20465381222311485 0.20166523760417554 0.30025738572294436 0.25820300242048766 0.37748506330535825 0.66995912371203281 0.35506596375489596 0.25312201527412981 0.42375817091669887 0.28004620276624337 0.82394426772952989 0.23870041081681836 0.3664785266155377 0.3677960515487938 0.37433652405161399 0.7848756827879696 0.58429451851407066 0.31335989887884341 0.071256592869758606 0.28499467845540483 1.6823572417342805 0.40927679924061511 0.76659279491286725 0.29558062841533717 3.4188563244533725
leaf_count=213 197 30 415 21 398 4 42 11 24 15 67 16 36 18 46 124 7 18 36 8 45 44 114 1 29 78 29 68 42 286
internal_value=0.00132323 0.000208388 -0.000285917 0.0025537 0.00039212 -0.000518335 -0.00140301 0.000929704 -0.000612765 0.000603819 -0.00181046 0.00196735 -0.0188636 0.00540345 -0.036154 -0.000582787 -0.0177632 -0.025941 0.00383351 0.00145594 0.00528071 -0.0154338 -0.000627367 0.0313775 -0.00464524 -0.00059083 0.00729109 -0.02527 -0.00800541 -0.00459497
internal_weight=16.8558 16.2192 16.0713 11.7493 11.2816 11.0796 10.8749 9.90665 9.60639 9.34819 8.97071 7.34382 1.62689 0.67688 0.950005 6.98876 1.42912 1.19042 5.55963 5.19184 4.2332 0.958631 3.44833 0.384616 3.06371 2.77872 2.09163 0.968258 4.32198 3.71444
internal_count=2482 2285 2255 1512 1491 1093 1089 979 968 944 929 762 167 54 113 746 149 142 597 561 509 52 464 115 349 320 107 110 743 328
is_linear=0
shrinkage=0.05


Tree=175
num_leaves=31
num_cat=0
split_feature=38 37 38 31 29 13 17 5 35 30 30 21 0 8 39 29 29 30 30 35 29 39 5 17 0 38 35 0 38 8
split_gain=0.153473 0.207395 0.577079 0.189893 0.144988 0.260718 0.159104 0.417757 0.162665 0.159975 0.247452 0.369832 0.224159 0.344657 0.128484 0.128417 0.186263 0.125513 0.140087 0.120989 0.109206 0.0887973 0.126395 0.371778 0.218282 0.191021 0.174011 0.248062 0.198604 0.149311
threshold=5.5000000000000009 1.5000000000000002 4.5000000000000009 5.2036832726553373 2.5467889716101815 1.0000000180025095e-35 1.0000000180025095e-35 1.0000000180025095e-35 11.500000000000002 10.16755942264408 9.0380513784891843 1.0000000180025095e-35 13.500000000000002 1.0000000180025095e-35 1.0000000180025095e-35 3.0375270496321396 3.2468620983371328 10.878556223131921 14.17622259337954 6.5000000000000009 1.7580705148130871 1.0000000180025095e-35 1.0000000180025095e-35 1.0000000180025095e-35 12.500000000000002 4.5000000000000009 5.5000000000000009 13.500000000000002 2.5000000000000004 1.0000000180025095e-35
decision_type=2 2 2 2 2 2 2 2 2 2 2 2 2 2 2 2 2 2 2 2 2 2 2 2 2 2 2 2 2 2
left_child=1 2 3 4 5 -1 7 8 9 10 11 -6 19 -14 15 -8 -17 -10 -19 -11 -7 22 24 -24 29 -26 -25 28 -28 -3
right_child=-2 21 -4 -5 6 20 14 -9 17 12 -12 -13 13 -15 -16 16 -18 18 -20 -21 -22 -23 23 26 25 -27 27 -29 -30 -31
leaf_value=0.0042687547016174322 0.053598844199345179 -0.04223528953563381 0.054312760655211949 0.050327169575709818 -0.053097471762546727 0.0038838492762582667 -0.046546600520811811 0.050403578545550248 0.031052331552179138 -0.0083984734255458608 0.029478820798634245 0.010608515738112625 -0.044899431447263431 0.019200816345714515 0.013279451055437777 0.0059649657770387624 -0.035475896890927658 -0.012553869386984474 0.018921675811048477 -0.048472521159038287 0.052615649773754658 0.018887835375828811 0.050409773146354711 0.022504643350018894 0.022891652134788623 -0.050868881724124126 -0.039788787784897937 -0.048557280598308356 0.049196793021085664 -0.0021051073889180945
leaf_weight=2.9414132671081483 0.14558690529520291 0.26561624658643235 0.57490435399086059 0.20776677583489878 0.34840017931128409 0.15403851083829057 0.3717009212123229 0.41742896271898633 0.52081372855172947 0.27154285888536811 0.5836997017613611 0.65822151757311076 0.30864430119981989 0.65417722071288154 0.33234439566149365 0.60716980692814082 0.48995335164363496 0.74651884235208832 0.67145973432343453 0.61474858128349297 0.45321384971612133 0.30087213905062515 0.31994008098263271 0.2656157078454271 0.10336733248550434 0.58191394439199939 0.10505633754655719 0.42790549027267843 0.15553353336872533 1.8198983319161925
leaf_count=402 32 321 23 396 23 28 23 133 22 35 20 42 52 38 51 21 38 29 15 90 89 128 86 16 29 126 46 28 11 70
internal_value=0.00249063 0.00203341 0.00544038 0.00296559 0.0020827 0.0104266 -0.00181495 0.00221891 -0.00152093 -0.00804952 0.00357812 -0.0114407 -0.0180498 -0.00134731 -0.0147948 -0.021147 -0.0125417 0.0100609 0.00235084 -0.0361946 0.0402541 -0.00731806 -0.00926736 0.00376708 -0.0152608 -0.0397429 -0.0118735 -0.0251363 0.0133224 -0.00721619
internal_weight=16.4195 16.2739 11.9282 11.3533 11.1455 3.54867 7.59682 5.79566 5.37823 3.43943 1.59032 1.00662 1.84911 0.962822 1.80117 1.46882 1.09712 1.93879 1.41798 0.886291 0.607252 4.34572 4.04485 1.27405 2.7708 0.685281 0.954111 0.688495 0.26059 2.08551
internal_count=2463 2431 1570 1547 1151 519 632 499 366 300 85 65 215 90 133 82 59 66 44 125 117 861 733 187 546 155 101 85 57 391
is_linear=0
shrinkage=0.05


Tree=176
num_leaves=31
num_cat=0
split_feature=38 6 11 30 30 35 30 29 16 38 0 29 35 0 8 30 30 29 35 29 13 36 36 38 35 3 30 29 36 35
split_gain=0.132345 0.12452 0.125399 0.115696 0.294291 0.288827 0.563184 0.231917 0.184626 0.22509 0.22395 0.196426 0.18242 0.210387 0.274175 0.352416 0.351119 0.52114 0.177057 0.311183 0.209548 0.263213 0.155413 0.154623 0.15339 0.340936 0.191975 0.233425 0.213587 0.199808
threshold=5.5000000000000009 1.5000000000000002 1.0000000180025095e-35 9.420392350495213 8.4970819437662879 7.5000000000000009 8.5850002514866244 3.1385506848250149 1.0000000180025095e-35 1.5000000000000002 12.500000000000002 3.0375270496321396 9.5000000000000018 9.5000000000000018 1.0000000180025095e-35 7.9383696242776152 6.7969257976498705 1.6444966750710746 10.500000000000002 1.5834811329248921 1.0000000180025095e-35 26.500000000000004 24.500000000000004 4.5000000000000009 5.5000000000000009 3.5000000000000004 10.819952230666432 2.5147882373446602 28.500000000000004 10.500000000000002
decision_type=2 2 2 2 2 2 2 2 2 2 2 2 2 2 2 2 2 2 2 2 2 2 2 2 2 2 2 2 2 2
left_child=1 2 3 4 7 -6 -7 8 9 -1 11 12 13 -11 15 -15 17 -16 22 -20 21 -21 -14 -8 25 -5 -26 -28 29 -29
right_child=-2 -3 -4 24 5 6 23 -9 -10 10 -12 -13 18 14 16 -17 -18 -19 19 20 -22 -23 -24 -25 26 -27 27 28 -30 -31
leaf_value=-0.026988872897966323 0.053421564778050983 0.05016513969378409 0.050068424754187636 0.046709853874850417 0.05153604029487753 0.06766858210050597 0.0059976760133198508 -0.051572002120725213 0.050375539212049271 0.051944919163150395 -0.044907069469168767 0.055845764234946742 0.0092206158115869189 -0.021661794626420108 -0.036005962978216954 0.060203213935060312 -0.050527170583986827 0.053414758552827138 -0.052476816945674937 -0.006887956481278718 0.058571913513990381 0.057327223119743954 0.057589001453728278 -0.049146179214450803 -0.019012397210771907 -0.017702111118236951 0.055054104056215039 -0.0053218373040553272 -0.018019919782013984 0.015032353905034651
leaf_weight=0.55628234939649246 0.13876288717801877 0.14710767575888972 0.14601190585381196 0.49366802260919751 0.69730465131578945 0.2554302781354636 0.23948086393647827 0.18807422323152412 0.21442127200134553 0.15237725569750171 0.20035992487100873 0.21418975631240744 0.28179473473574068 0.2525662798580014 0.37602961808443047 0.27416530132177286 0.57956203038338572 0.28752177010755986 0.19157055940013368 0.79439673962770008 0.23432931714341976 0.19969122728798538 0.40441413340158761 0.2709443592466414 1.4386658248549791 0.3518638056848431 0.19510407085181203 2.5162923727766611 1.3568719033792147 2.3149717857959331
leaf_count=179 31 58 331 27 34 8 44 6 101 17 33 11 73 224 46 34 33 7 6 138 19 5 4 19 199 54 12 441 63 224
internal_value=0.00480418 0.00437789 0.00394827 0.00351472 0.00836358 0.0282549 0.00705754 0.00297567 0.00494338 0.00299476 0.00674887 0.00918835 0.00670759 -0.00442988 -0.00928355 0.0209492 -0.0220937 0.0027407 0.0168722 0.00679448 0.0160378 0.00601151 0.0377263 -0.0232738 -0.000325739 0.0199051 -0.00251266 0.00120609 -0.000491674 0.00443117
internal_weight=15.9642 15.8255 15.6784 15.5323 6.86491 1.46316 0.765856 5.40175 5.21367 4.99925 4.44297 4.24261 4.02842 1.92222 1.76984 0.526732 1.24311 0.663551 2.1062 1.41999 1.22842 0.994088 0.686209 0.510425 8.66744 0.845532 7.82191 6.38324 6.18814 4.83126
internal_count=2481 2450 2392 2061 1041 105 71 936 930 829 650 617 606 361 344 258 86 53 245 168 162 143 77 63 1020 81 939 740 728 665
is_linear=0
shrinkage=0.05


Tree=177
num_leaves=31
num_cat=0
split_feature=6 8 18 31 2 29 29 30 36 30 0 30 30 30 17 5 38 30 30 30 16 29 30 30 30 0 38 35 30 36
split_gain=0.142992 0.139373 0.137927 0.0640274 0.196472 0.0955091 0.0807497 0.139208 0.0788216 0.191017 0.184471 0.205473 0.307253 0.177944 0.129408 0.249383 0.15253 0.0940913 0.221598 0.190096 0.15016 0.184227 0.158283 0.137626 0.412467 0.170958 0.315214 0.23496 0.248387 0.2285
threshold=1.5000000000000002 1.5000000000000002 1.5000000000000002 5.2036832726553373 1.5000000000000002 4.3430079743076559 3.814089410479828 12.683032353141799 32.500000000000007 15.44954990788453 14.500000000000002 14.992299615670072 14.430035842780081 14.206613927459331 1.0000000180025095e-35 1.0000000180025095e-35 4.5000000000000009 14.041640708781969 13.6877311711388 13.636219711736683 1.0000000180025095e-35 3.1026927801673843 11.989040115600568 8.5850002514866244 8.4970819437662879 11.500000000000002 2.5000000000000004 11.500000000000002 10.483253181921015 20.500000000000004
decision_type=2 2 2 2 2 2 2 2 2 2 2 2 2 2 2 2 2 2 2 2 2 2 2 2 2 2 2 2 2 2
left_child=1 2 3 5 -5 6 8 -8 9 10 11 12 13 17 15 16 -11 18 19 20 23 22 -22 24 -1 29 -27 28 -28 -25
right_child=-2 -3 -4 4 -6 -7 7 -9 -10 14 -12 -13 -14 -15 -16 -17 -18 -19 -20 -21 21 -23 -24 25 -26 26 27 -29 -30 -31
leaf_value=0.00032358475874460975 0.050162498022262164 0.050917510660436871 0.050306876447787224 0.050318454993371502 -0.051161217735585962 -0.024465909591176244 0.033192493764492105 -0.015419382476282271 0.027574424655928704 -0.044455095761620968 0.027596890400174559 -0.045893249470717185 0.054529168726331151 -0.050828154210669933 -0.038798570493009117 0.050687444143363972 0.013892342824262108 0.034873436598498855 -0.04551262088764009 0.055758607100251024 0.050979687416186276 -0.0082480538385223609 -0.0040866918051042098 -0.021006367473226019 0.066508752014440523 -0.040653674702479749 -0.015981838775235613 -0.029298514328728383 0.015576101115426911 0.032895894197439407
leaf_weight=4.992444715469885 0.14863596217037311 0.13806002309138321 0.13760520122014064 0.19059389816538974 0.063615771010518074 0.40080016755382608 0.44921037775930095 0.2191049795364961 0.2454501981846996 0.30271551368059657 0.60857105461764227 0.24540428389445956 0.25588078168220896 0.17543343800935041 0.52577277051750571 0.15159713265893515 0.17779436797718517 0.18923989927861917 0.26911862465203817 0.15294564000214528 0.44338300271192632 0.4120539128780365 0.18492431205231696 0.31671741456375446 0.24704936680791423 0.79434680964914139 1.1044061526117737 0.79624889135448018 1.431986000301549 0.51847197386086918
leaf_count=862 64 48 26 390 3 50 51 51 4 43 33 20 14 11 21 27 20 6 19 3 135 27 10 50 9 98 76 58 198 9
internal_value=0.00134524 0.000895702 0.000464154 3.18501e-05 0.0249232 -0.00037348 0.000261371 0.0172553 -0.000519629 -0.00100196 0.000713762 -0.000591922 0.00031304 -0.000840267 -0.0204705 -0.00522569 -0.0228658 -0.00010043 -0.00066785 0.000391262 -0.000362 0.0177334 0.0347725 -0.00220736 0.00344431 -0.00817488 -0.0123499 -0.00560354 0.00183502 0.0124553
internal_weight=16.2896 16.1409 16.0029 15.8653 0.25421 15.6111 15.2103 0.668315 14.542 14.2965 13.1386 12.5301 12.2847 12.0288 1.15788 0.632107 0.48051 11.8533 11.6641 11.395 11.242 1.04036 0.628307 10.2017 5.23949 4.96218 4.12699 3.33264 2.53639 0.835189
internal_count=2436 2372 2324 2298 393 1905 1855 102 1753 1749 1638 1605 1585 1571 111 90 63 1560 1554 1535 1532 172 145 1360 871 489 430 332 274 59
is_linear=0
shrinkage=0.05


Tree=178
num_leaves=31
num_cat=0
split_feature=35 38 18 11 29 29 36 0 16 30 36 30 5 36 36 29 29 17 36 38 0 36 30 36 36 7 29 0 7 2
split_gain=0.151849 0.149549 0.145946 0.147874 0.129105 0.133142 0.270364 0.369943 0.217463 0.277587 0.189034 0.247961 0.185807 0.184162 0.191906 0.179414 0.19061 0.174682 0.169692 0.159599 0.19719 0.158881 0.114013 0.106566 0.223855 0.202676 0.105681 0.10548 0.220815 0.332852
threshold=12.500000000000002 5.5000000000000009 1.5000000000000002 1.0000000180025095e-35 5.2036832726553373 3.0375270496321396 21.500000000000004 13.500000000000002 1.0000000180025095e-35 16.5890620846635 25.500000000000004 14.475916880138364 1.0000000180025095e-35 26.500000000000004 25.500000000000004 3.1385506848250149 3.3300921486066026 1.0000000180025095e-35 20.500000000000004 1.5000000000000002 9.5000000000000018 16.500000000000004 15.597151822359022 15.500000000000002 16.500000000000004 1.0000000180025095e-35 3.1687635061542383 11.500000000000002 1.0000000180025095e-35 1.5000000000000002
decision_type=2 2 2 2 2 2 2 2 2 2 2 2 2 2 2 2 2 2 2 2 2 2 2 2 2 2 2 2 2 2
left_child=1 2 3 4 5 8 12 -8 13 -10 11 -9 18 14 19 -12 -17 -15 21 -1 -21 -7 -23 25 -25 -22 -2 28 29 -26
right_child=26 -3 -4 -5 -6 6 7 10 9 -11 15 -13 -14 17 -16 16 -18 -19 -20 20 23 22 -24 24 27 -27 -28 -29 -30 -31
leaf_value=-0.025903984731238686 0.0025883528914943128 0.053319410229426462 0.050288152104443512 0.050068449572549134 0.040245862525563073 0.018103189895437515 -0.035610041337887394 0.030644828583055006 0.044365221550874384 -0.054330598711863742 -0.038219407618175612 -0.021898623991188856 0.035353410697551955 0.043446997937702174 -0.045099074762578295 0.02303302856494277 -0.017406457774486472 0.00062059187912959397 0.029483796326129533 0.051836780197647397 -0.024528499240698106 -0.041214567736396729 0.0071053700894937151 -0.047024696396454388 0.065888474780695525 0.05316290147131332 0.042500590278416031 -0.0058276951178709074 -0.0009791311667613808 -0.020394492929831091
leaf_weight=0.61939712555612469 0.30956039667216906 0.12839755259483432 0.13809935864992517 0.13850320378696857 0.1799905070220128 0.28103777312207856 1.4215774359763598 0.66974567403667629 0.51544401957653452 0.082669250026810914 0.53748149867169548 0.33777894711238332 0.47593987954314787 0.43418263195781026 0.26523418421857048 0.43725282617378958 0.87349387974245474 0.5272351497260388 0.32235526584554464 0.18313113856129337 0.13085661617515132 0.42883103009080514 0.17066370096290484 0.26951568329241116 0.33789104304742035 0.23416163492947817 0.35726806709135417 3.2555722577963024 1.4701250270009041 0.16702632862143219
leaf_count=185 37 24 28 321 192 67 133 49 151 2 36 61 53 17 20 19 55 29 30 23 158 72 22 54 18 6 28 317 57 186
internal_value=0.000624467 -0.000411143 -0.000873994 -0.00135245 -0.00183931 -0.00236357 -0.0080948 -0.0147687 0.00165601 0.0307238 -0.00439396 0.0130293 0.00890894 -0.000546307 -0.00339019 -0.0138919 -0.00391622 0.0199613 -0.00155419 -0.00173104 0.000744478 -0.0129169 -0.0274589 -0.000850808 -0.00258705 0.0253111 0.0239722 -0.00029733 0.00881868 0.0373461
internal_weight=15.7004 15.0336 14.9052 14.7671 14.6286 14.4486 5.95616 4.27733 8.49244 0.598113 2.85575 1.00752 1.67883 7.89433 6.93291 1.84823 1.31075 0.961418 1.20289 6.66768 6.04828 0.880533 0.599495 5.86515 5.50013 0.365018 0.666828 5.23061 1.97504 0.504917
internal_count=2450 2385 2361 2333 2012 1820 597 353 1223 153 220 110 244 1070 1024 110 74 46 191 1004 819 161 94 796 632 164 65 578 261 204
is_linear=0
shrinkage=0.05


Tree=179
num_leaves=31
num_cat=0
split_feature=5 18 18 2 30 38 30 16 35 38 36 36 0 30 30 29 35 29 7 35 4 36 31 36 14 0 29 36 38 7
split_gain=0.218438 0.864225 0.399819 0.396587 0.705612 0.534157 0.44078 0.288877 0.291908 0.257779 0.226785 0.414464 0.270646 0.275111 0.485494 0.333355 0.265515 0.270945 0.255738 0.205916 0.183688 0.172526 0.157767 0.156784 0.150938 0.184743 0.245752 0.197917 0.352435 0.248128
threshold=1.0000000180025095e-35 1.0000000180025095e-35 1.0000000180025095e-35 1.5000000000000002 8.5850002514866244 4.5000000000000009 8.4970819437662879 1.0000000180025095e-35 5.5000000000000009 3.5000000000000004 26.500000000000004 27.500000000000004 10.500000000000002 14.430035842780081 14.475916880138364 3.9976927939054847 8.5000000000000018 2.773112293567868 1.0000000180025095e-35 5.5000000000000009 2.5000000000000004 17.500000000000004 5.2036832726553373 16.500000000000004 1.5000000000000002 14.500000000000002 3.3300921486066026 21.500000000000004 4.5000000000000009 1.0000000180025095e-35
decision_type=2 2 2 2 2 2 2 2 2 2 2 2 2 2 2 2 2 2 2 2 2 2 2 2 2 2 2 2 2 2
left_child=2 -2 3 5 6 7 -5 8 21 19 12 -12 18 15 -15 16 17 -14 -10 -9 24 -1 -16 -20 25 27 -27 29 -29 -3
right_child=1 20 -4 4 -6 -7 -8 9 10 -11 11 -13 13 14 22 -17 -18 -19 23 -21 -22 -23 -24 -25 -26 26 -28 28 -30 -31
leaf_value=-0.00088509811736575998 0.050394597946640474 -0.0097413392048902956 0.050205533351089807 -0.011115062804224599 -0.053247285318135308 0.054000790142960331 0.068150518865134513 -0.026746653168760199 -0.03974169783854057 -0.051699544649505658 0.028654450693947831 -0.028748019701702345 0.012081367323409033 0.068517912228676522 -0.048300821474341962 0.023337138546985544 -0.052003043249908988 -0.050599871800456379 0.038282069308027994 0.038920086033891507 0.028805967883567169 0.041096960035396618 0.0502253531821793 -0.0018255489974090121 -0.039493556439071223 0.043977448619598264 -0.014409570226543262 -0.040876335264227938 0.021980300403437902 0.056250819187913942
leaf_weight=0.54977484366099272 0.98329699810710813 0.49121755425585556 0.32930741066229607 1.3623940906472864 1.0950095971784319 0.43044236008427095 0.20129890355747182 0.13993401931656968 0.2999048436322479 0.10958833340555429 0.81042160507058703 0.51384118554415181 0.40718886913964647 0.19768520600337058 0.25169229735911358 0.23446371243335296 1.4132565436302682 0.29899931240652222 0.37992130125348922 0.81285408499388723 0.39881236941437226 0.44103256898233667 0.048452148614160251 0.67938082155887969 0.3250020760387996 0.4045637050148797 0.32499576301779598 0.85214753908803664 0.30205364652647404 0.20061137841548771
leaf_count=39 308 129 154 348 222 21 3 18 205 4 22 32 27 3 46 13 137 53 11 185 26 13 182 41 25 24 33 101 23 8
internal_value=-0.000329749 0.00925121 -0.00405765 -0.00573119 -0.0224661 -0.000182594 -0.000910966 -0.00325608 -0.00719219 0.0209228 -0.0116662 0.00638111 -0.0173417 -0.026093 0.00767644 -0.0332349 -0.0394932 -0.0144578 0.00101913 0.0292757 -0.00301045 0.0178021 -0.0323958 0.0125591 -0.007385 -0.00333336 0.0179679 -0.0117517 -0.0244268 0.00939457
internal_weight=15.2895 4.2827 11.0068 10.6775 2.6587 8.01883 1.56369 7.58839 6.52602 1.06238 5.53521 1.32426 4.21095 2.85174 0.49783 2.35391 2.11944 0.706188 1.35921 0.952788 3.2994 0.990807 0.300144 1.0593 2.90059 2.57559 0.729559 1.84603 1.1542 0.691829
internal_count=2456 677 1779 1625 573 1052 351 1031 824 207 772 54 718 461 231 230 217 80 257 203 369 52 228 52 343 318 57 261 124 137
is_linear=0
shrinkage=0.05


Tree=180
num_leaves=31
num_cat=0
split_feature=35 38 6 4 5 17 36 7 15 36 36 35 30 35 36 35 30 36 18 30 7 38 29 30 35 0 0 30 7 36
split_gain=0.157016 0.127112 0.126666 0.156418 0.470963 0.194819 0.177176 0.290272 0.189123 0.176843 0.162321 0.355044 0.168698 0.163587 0.207571 0.155276 0.367155 0.179747 0.144098 0.135183 0.190662 0.181607 0.135137 0.194075 0.139591 0.120725 0.120059 0.237865 0.208062 0.115444
threshold=12.500000000000002 5.5000000000000009 1.5000000000000002 1.5000000000000002 1.0000000180025095e-35 1.0000000180025095e-35 20.500000000000004 1.0000000180025095e-35 1.0000000180025095e-35 24.500000000000004 27.500000000000004 10.500000000000002 14.268928916553925 7.5000000000000009 24.500000000000004 7.5000000000000009 7.9383696242776152 20.500000000000004 1.5000000000000002 7.9383696242776152 1.0000000180025095e-35 1.5000000000000002 2.5335011795332734 14.206613927459331 11.500000000000002 12.500000000000002 10.500000000000002 10.748367880957076 1.0000000180025095e-35 14.500000000000002
decision_type=2 2 2 2 2 2 2 2 2 2 2 2 2 2 2 2 2 2 2 2 2 2 2 2 2 2 2 2 2 2
left_child=1 2 3 4 5 9 7 8 18 15 13 -12 -13 -8 25 16 29 26 -5 20 -17 -21 -11 24 -24 -15 28 -28 -18 -1
right_child=-2 -3 -4 6 -6 -7 10 -9 -10 22 11 12 -14 14 -16 19 17 -19 -20 21 -22 -23 23 -25 -26 -27 27 -29 -30 -31
leaf_value=0.0068373421648800659 0.028475586327487208 0.053071414841359132 0.050158036903036697 -0.025262187767479835 0.050230739938068092 0.050152912284985265 -0.046296625587161633 0.050533282311086947 0.050854794287265782 -0.00062979053322255712 0.02060242247790342 -0.0022827100601821543 -0.045863354414465096 -0.01295683305672401 -0.031484882136559783 -0.033422106402538697 0.054191038037243282 0.033360113006126693 0.050209566227464211 0.040502761452799657 0.010511366593816032 -0.025230662736380124 0.013757386759573553 -0.0047030644624789265 0.049808463064462856 0.028769891250758045 -0.046354478737172702 0.01068223624667871 -0.0066334312949656018 -0.04023364378152286
leaf_weight=0.17747730389236549 0.59823032358690476 0.12244213932899661 0.13477866060566235 0.55261995518230722 0.54679042688803825 0.2089099060394809 0.48596870002802495 0.33615227788322954 0.12455969152506441 1.2586360186542154 0.96114221189054638 0.46198028398794122 0.42757672480365727 0.36585819725587476 0.72032645436411258 0.32246948574902501 0.26086798605683748 0.80984487517707737 0.07141897757537663 0.11254657634344756 1.0545192201971076 1.5828035037702646 0.49788128469663184 0.49123703509394534 0.58283634070539847 0.3294277185050305 0.27576998245785944 0.54216909480601316 0.3049562042724574 0.48958207080431748
leaf_count=104 59 26 56 225 241 125 48 24 34 17 39 27 25 77 92 266 36 22 18 209 65 237 28 31 19 72 45 140 9 57
internal_value=0.00336851 0.00234071 0.00191206 0.00145912 0.00517942 0.00243397 -0.00586244 0.0119353 -0.00539677 0.00129643 -0.0110076 -0.000466209 -0.0232303 -0.021267 -0.0126745 -0.00360953 0.0047732 0.0146511 -0.0166247 -0.0114147 0.000222826 -0.0208669 0.0115795 0.0213552 0.0331999 0.00681336 0.00370165 -0.00854782 0.0214091 -0.02771
internal_weight=15.2118 14.6135 14.4911 14.3563 9.5193 8.97251 4.83703 1.08475 0.748599 8.7636 3.75228 1.8507 0.889557 1.90158 1.41561 5.93301 2.86067 2.19361 0.624039 3.07234 1.37699 1.69535 2.83059 1.57195 1.08072 0.695286 1.38376 0.817939 0.565824 0.667059
internal_count=2473 2414 2388 2332 1651 1410 681 301 277 1285 380 91 52 289 241 1190 413 252 243 777 331 446 95 78 47 149 230 185 45 161
is_linear=0
shrinkage=0.05


Tree=181
num_leaves=31
num_cat=0
split_feature=37 36 36 31 0 30 30 7 5 30 29 36 7 0 29 30 5 29 30 29 30 5 30 7 5 36 18 36 36 30
split_gain=0.246248 0.23847 0.399895 0.155668 0.119363 0.151048 0.158884 0.142934 0.175105 0.142809 0.125093 0.101755 0.242182 0.20993 0.133924 0.121073 0.109619 0.0921746 0.287226 0.131041 0.110397 0.0891391 0.0875387 0.0840332 0.167964 0.300113 0.0970815 0.0741519 0.115138 0.0711652
threshold=1.5000000000000002 24.500000000000004 21.500000000000004 5.2036832726553373 13.500000000000002 10.878556223131921 14.17622259337954 1.0000000180025095e-35 1.0000000180025095e-35 12.238167027044883 3.1385506848250149 25.500000000000004 1.0000000180025095e-35 14.500000000000002 3.2468620983371328 13.718443147391275 1.0000000180025095e-35 2.9057986818614658 8.6629154458259965 1.6444966750710746 13.924192733274621 1.0000000180025095e-35 10.819952230666432 1.0000000180025095e-35 1.0000000180025095e-35 17.500000000000004 1.5000000000000002 26.500000000000004 25.500000000000004 7.2063306559812093
decision_type=2 2 2 2 2 2 2 2 2 2 2 2 2 2 2 2 2 2 2 2 2 2 2 2 2 2 2 2 2 2
left_child=3 2 23 4 5 22 7 8 -7 -6 -9 12 16 15 -15 -13 -11 19 -19 -3 -20 -4 27 26 25 -25 -2 28 -1 -27
right_child=1 17 21 -5 9 6 -8 10 -10 11 -12 13 -14 14 -16 -17 -18 18 20 -21 -22 -23 -24 24 -26 29 -28 -29 -30 -31
leaf_value=0.0024698149121349863 -0.022794486266728864 0.0048861089123686764 -0.060270020826763276 0.050284951136238445 0.040578913226861996 -0.022140198946463591 0.010662237091835884 -0.0093512730643983497 0.043409391549559348 -0.030189102217712011 -0.049235768961233745 -0.0019347395242974752 0.040628081082336717 0.036342700960447595 -0.0035440352910469197 -0.039773952650632882 0.021396406709463186 0.067477043014320823 -0.019410809291102046 -0.030629276468163571 0.019003969078036795 -0.018301385039380669 0.039247450368940555 0.052027768746436998 0.052897907208200937 -0.0014427433491624678 0.050180905399042477 0.02245253901488253 -0.032857924865612557 -0.049850906295482743
leaf_weight=5.1541318084200576 0.66625833074795193 0.70973382958618481 0.59775111561611982 0.17679213520750714 0.36669838413945433 0.2963777847762683 0.5092120375484227 0.31222109077498317 0.1552515464136377 0.24928557762177683 0.53083431418053806 0.52607051223458234 0.59041110520774964 0.45147233438910916 0.39419208053732291 0.35341887251706794 0.1754771550768055 0.19315419822669344 0.38823721604421735 0.40962756730004912 0.36086447384877829 0.16048874983243877 0.16653583290462837 0.14841198123758659 0.15267966559622437 0.11539562104735523 0.048921097535640001 0.43048538584844198 0.24143965746770835 0.22195149335311726
leaf_count=662 510 9 99 380 21 71 27 33 45 46 37 32 42 20 26 22 38 3 41 53 30 35 8 12 19 24 14 26 17 52
internal_value=-0.00015606 -0.0105074 -0.0223162 0.00374283 0.00298818 -0.000314335 -0.012999 -0.0223052 0.000393048 0.0112752 -0.0344648 0.00735392 0.019914 -3.70874e-05 0.0177502 -0.0171403 -0.0088782 0.00158932 0.0131125 -0.00811066 -0.000905273 -0.051387 0.00350402 -0.00603206 0.0071534 -0.00722462 -0.0178027 0.0024823 0.000888978 -0.033292
internal_weight=15.2538 4.17348 2.11186 11.0803 10.9035 7.79649 1.8039 1.29468 0.451629 3.10703 0.843055 2.74033 1.01517 1.72515 0.845664 0.879489 0.424763 2.06162 0.942256 1.11936 0.749102 0.75824 5.99259 1.35362 0.638439 0.485759 0.715179 5.82606 5.39557 0.337347
internal_count=2454 901 765 1553 1173 926 213 186 116 247 70 226 126 100 46 54 84 136 74 62 71 134 713 631 107 88 524 705 679 76
is_linear=0
shrinkage=0.05


Tree=182
num_leaves=31
num_cat=0
split_feature=6 8 16 38 7 30 30 30 7 30 38 0 29 38 5 30 36 7 36 35 35 35 0 38 2 4 36 35 21 29
split_gain=0.143943 0.140511 0.104089 0.222375 0.211331 0.0940892 0.419117 0.267631 0.196616 0.1817 0.15936 0.193866 0.115724 0.0998925 0.0982869 0.0884357 0.0858394 0.188087 0.12932 0.14534 0.146049 0.0903822 0.551591 0.149317 0.404616 0.296224 0.166405 0.242151 0.170763 0.177934
threshold=1.5000000000000002 1.5000000000000002 1.0000000180025095e-35 1.5000000000000002 1.0000000180025095e-35 14.430035842780081 14.475916880138364 12.786960787537971 1.0000000180025095e-35 16.150679585873466 1.5000000000000002 9.5000000000000018 3.3300921486066026 1.5000000000000002 1.0000000180025095e-35 13.803863262773012 15.500000000000002 1.0000000180025095e-35 16.500000000000004 5.5000000000000009 6.5000000000000009 5.5000000000000009 11.500000000000002 4.5000000000000009 1.5000000000000002 2.5000000000000004 25.500000000000004 10.500000000000002 1.0000000180025095e-35 3.9976927939054847
decision_type=2 2 2 2 2 2 2 2 2 2 2 2 2 2 2 2 2 2 2 2 2 2 2 2 2 2 2 2 2 2
left_child=1 2 5 -4 -5 7 -7 10 12 -10 -1 -12 -8 -14 -9 -6 17 -13 19 -18 -21 22 -20 25 -25 26 27 -23 29 -29
right_child=-2 -3 3 4 15 6 8 14 9 -11 11 16 13 -15 -16 -17 18 -19 21 20 -22 23 -24 24 -26 -27 -28 28 -30 -31
leaf_value=-0.025328131909575058 0.050153982575097837 0.050865476287651173 0.050381720866032424 -0.027017230998916737 0.027155309856734689 0.06213833293068674 0.030833557754007375 -0.042781786697718718 -0.047210823405767738 0.00063262131310410567 0.051688120527051629 -0.016941275533482524 0.050198856140716203 -0.016736765234388922 -0.00059028245223160245 -0.0010098065462534216 -0.051163955967728526 0.052552279187638912 0.036128252781597377 -0.052481097290440606 0.03953215522465095 -0.020507455636764173 -0.044751692678536514 0.054384318968614537 -0.0017380242763272561 0.03955371587048237 -0.03080653501618932 -0.013940686293322813 0.031522469946304275 0.045005180843668863
leaf_weight=0.69817622104891874 0.14126467824098732 0.13159586483743702 0.28833115553061439 0.43470736156450551 0.59922652137174737 0.29643439874052901 0.47334407313246607 0.59079710397054519 0.35054842206591275 0.45737344927692902 0.17429591322434035 0.1770861609838893 0.066828098180849338 0.33590593036205973 0.18011612482951023 0.52104863204294816 0.27813462377525677 0.21628750403760932 0.72853687289170899 0.067935612722067162 0.11808894909336232 1.560772280237871 0.29663294315105304 0.37293120620597653 2.3130683869621862 0.2925744613748974 0.95178023003973056 0.80312210539705098 0.49990464576694649 0.15230264843557961
leaf_count=219 65 54 183 26 38 3 95 99 38 137 30 185 175 73 39 28 15 9 16 8 51 306 54 8 163 12 76 165 61 4
internal_value=-7.24507e-05 -0.000564222 -0.00103763 0.0100515 0.0025733 -0.00267906 0.00731516 -0.00456904 -0.00233536 -0.0201261 -0.00231588 -0.000531385 0.0140713 -0.00562973 -0.0329242 0.0140555 -0.00156225 0.0212682 -0.00262686 -0.0282823 0.00592919 -0.00113304 0.0127256 -0.00317833 0.00605415 -0.00899893 -0.012579 -0.00682699 0.00784466 -0.00454423
internal_weight=14.5692 14.4279 14.2963 1.84331 1.55498 12.453 1.98043 10.4725 1.684 0.807922 9.70163 9.00345 0.876078 0.402734 0.770913 1.12028 8.82916 0.393374 8.43578 0.464159 0.186025 7.97163 1.02517 6.94646 2.686 4.26046 3.96788 3.0161 1.45533 0.955425
internal_count=2435 2370 2316 275 92 2041 521 1520 518 175 1382 1163 343 248 138 66 1133 194 939 74 59 865 70 795 171 624 612 536 230 169
is_linear=0
shrinkage=0.05


Tree=183
num_leaves=31
num_cat=0
split_feature=37 38 30 29 30 38 23 38 38 22 5 17 17 30 30 30 36 38 38 35 36 35 0 4 29 15 38 36 39 0
split_gain=0.234864 0.559114 0.308978 0.396564 0.325921 0.208111 0.194611 0.143762 0.276478 0.136364 0.106384 0.549414 0.213142 0.173649 0.494442 0.239936 0.274033 0.222212 0.204717 0.217211 0.172278 0.184152 0.238533 0.292347 0.171042 0.159609 0.128495 0.145196 0.0965043 0.0937986
threshold=1.5000000000000002 4.5000000000000009 8.5850002514866244 2.2011011665870814 8.4970819437662879 5.5000000000000009 1.0000000180025095e-35 4.5000000000000009 2.5000000000000004 1.5000000000000002 1.0000000180025095e-35 1.0000000180025095e-35 1.0000000180025095e-35 14.475916880138364 14.430035842780081 10.878556223131921 26.500000000000004 3.5000000000000004 3.5000000000000004 12.500000000000002 19.500000000000004 9.5000000000000018 14.500000000000002 2.5000000000000004 3.438811922224569 1.0000000180025095e-35 2.5000000000000004 24.500000000000004 1.0000000180025095e-35 14.500000000000002
decision_type=2 2 2 2 2 2 2 2 2 2 2 2 2 2 2 2 2 2 2 2 2 2 2 2 2 2 2 2 2 2
left_child=1 6 4 -4 28 7 9 8 -5 10 12 -12 13 14 15 16 18 29 26 -20 -13 -22 23 -23 25 -17 27 -1 -2 -15
right_child=2 -3 3 5 -6 -7 -8 -9 -10 -11 11 20 -14 17 -16 24 -18 -19 19 -21 21 22 -24 -25 -26 -27 -28 -29 -30 -31
leaf_value=-0.0036482759062070828 -0.0067968295723603387 0.053670974584927478 -0.059422148407792912 -0.021776896048026045 0.065124475030985798 0.053005854855871982 0.050715247481688888 -0.028914719155043622 0.052650811073058884 -0.032568035150186546 0.050411380750232077 0.034456180841248039 0.050262310448941354 0.046344418053913095 0.06238145345217147 -0.050677505291367268 0.04238487002707448 -0.049903242984723539 -0.050640552677839838 0.01081522904571623 -0.038142299332486432 -0.031705451862668425 0.039923403475567588 0.031689489913834572 -0.0003245369404962777 -0.012131295252504235 0.034438226976795501 0.040178910938010466 0.050084008908338619 -0.051110997841588325
leaf_weight=2.973703635856503 1.4659972448134806 0.50572487578756486 0.59280745112482724 0.36906779813580193 0.19229072809503112 0.11602577516532608 0.18428403749203504 0.90132880519377068 0.18850792644661851 0.33358160989882968 0.60234524471161432 0.24474187578016438 0.18225564991007548 0.10533617198962009 0.28326541831484053 0.58998885742039398 0.36599344227579411 0.41134049912216142 0.40806972768041294 0.22199786826968193 0.43957336651510548 0.61649962188675977 0.28136000808444805 0.25794611487071961 0.62748911848757405 0.49293011795089114 0.28055214449705079 0.20180064358282823 0.078564595780335256 0.032249223440885544
leaf_count=342 428 23 41 136 8 17 245 180 12 36 186 48 48 166 4 81 13 49 69 4 53 78 11 6 40 19 25 7 81 2
internal_value=-0.0014858 0.00236222 -0.0119746 -0.0245646 0.00373868 -0.0114441 -0.00019745 -0.0165698 0.00338599 -0.00114012 -5.02649e-05 0.00896316 -0.00311771 -0.00450859 -0.00220959 -0.00517857 0.000936548 -0.0315047 -0.00277597 -0.0289872 -0.0046045 -0.0105967 -0.000120582 -0.0130051 -0.021096 -0.0331318 0.00200256 -0.000863095 -0.00390357 0.0235014
internal_weight=14.5476 10.643 3.90459 2.16774 1.73685 1.57493 10.1373 1.4589 0.557576 9.95302 9.61944 2.44247 7.17697 6.99472 6.44579 6.16253 4.45212 0.548926 4.08612 0.630068 1.84012 1.59538 1.15581 0.874446 1.71041 1.08292 3.45606 3.1755 1.54456 0.137585
internal_count=2458 1555 903 386 517 345 1532 328 148 1287 1251 382 869 821 604 600 460 217 447 73 196 148 95 84 140 100 374 349 509 168
is_linear=0
shrinkage=0.05


end of trees

feature_importances:
Column_36=757
Column_30=752
Column_29=587
Column_38=563
Column_35=412
Column_0=238
Column_5=226
Column_7=222
Column_17=188
Column_2=186
Column_15=152
Column_6=138
Column_11=135
Column_32=118
Column_31=107
Column_18=100
Column_8=96
Column_13=95
Column_39=94
Column_37=64
Column_4=60
Column_14=47
Column_3=33
Column_21=33
Column_16=25
Column_12=24
Column_19=23
Column_23=17
Column_33=12
Column_22=10
Column_20=3
Column_24=3

parameters:
[boosting: gbdt]
[objective: binary]
[metric: binary_logloss]
[tree_learner: serial]
[device_type: cpu]
[data_sample_strategy: bagging]
[data: ]
[valid: ]
[num_iterations: 400]
[learning_rate: 0.05]
[num_leaves: 31]
[num_threads: 8]
[seed: 7]
[deterministic: 0]
[force_col_wise: 0]
[force_row_wise: 0]
[histogram_pool_size: -1]
[max_depth: -1]
[min_data_in_leaf: 20]
[min_sum_hessian_in_leaf: 0.001]
[bagging_fraction: 0.9]
[pos_bagging_fraction: 1]
[neg_bagging_fraction: 1]
[bagging_freq: 1]
[bagging_seed: 17422]
[bagging_by_query: 0]
[feature_fraction: 0.9]
[feature_fraction_bynode: 1]
[feature_fraction_seed: 7040]
[extra_trees: 0]
[extra_seed: 6516]
[early_stopping_round: 0]
[early_stopping_min_delta: 0]
[first_metric_only: 0]
[max_delta_step: 0]
[lambda_l1: 0]
[lambda_l2: 0]
[linear_lambda: 0]
[min_gain_to_split: 0]
[drop_rate: 0.1]
[max_drop: 50]
[skip_drop: 0.5]
[xgboost_dart_mode: 0]
[uniform_drop: 0]
[drop_seed: 15215]
[top_rate: 0.2]
[other_rate: 0.1]
[min_data_per_group: 100]
[max_cat_threshold: 32]
[cat_l2: 10]
[cat_smooth: 10]
[max_cat_to_onehot: 4]
[top_k: 20]
[monotone_constraints: ]
[monotone_constraints_method: basic]
[monotone_penalty: 0]
[feature_contri: ]
[forcedsplits_filename: ]
[refit_decay_rate: 0.9]
[cegb_tradeoff: 1]
[cegb_penalty_split: 0]
[cegb_penalty_feature_lazy: ]
[cegb_penalty_feature_coupled: ]
[path_smooth: 0]
[interaction_constraints: ]
[verbosity: -1]
[saved_feature_importance_type: 0]
[use_quantized_grad: 0]
[num_grad_quant_bins: 4]
[quant_train_renew_leaf: 0]
[stochastic_rounding: 1]
[linear_tree: 0]
[max_bin: 255]
[max_bin_by_feature: ]
[min_data_in_bin: 3]
[bin_construct_sample_cnt: 200000]
[data_random_seed: 61]
[is_enable_sparse: 1]
[enable_bundle: 1]
[use_missing: 1]
[zero_as_missing: 0]
[feature_pre_filter: 1]
[pre_partition: 0]
[two_round: 0]
[header: 0]
[label_column: ]
[weight_column: ]
[group_column: ]
[ignore_column: ]
[categorical_feature: ]
[forcedbins_filename: ]
[precise_float_parser: 0]
[parser_config_file: ]
[objective_seed: 15521]
[num_class: 1]
[is_unbalance: 0]
[scale_pos_weight: 1]
[sigmoid: 1]
[boost_from_average: 1]
[reg_sqrt: 0]
[alpha: 0.9]
[fair_c: 1]
[poisson_max_delta_step: 0.7]
[tweedie_variance_power: 1.5]
[lambdarank_truncation_level: 30]
[lambdarank_norm: 1]
[label_gain: ]
[lambdarank_position_bias_regularization: 0]
[eval_at: ]
[multi_error_top_k: 1]
[auc_mu_weights: ]
[num_machines: 1]
[local_listen_port: 12400]
[time_out: 120]
[machine_list_filename: ]
[machines: ]
[gpu_platform_id: -1]
[gpu_device_id: -1]
[gpu_device_id_list: ]
[gpu_use_dp: 0]
[num_gpu: 1]

end of parameters

pandas_categorical:null
