tree
version=v4
num_class=1
num_tree_per_iteration=1
label_index=0
max_feature_idx=60
objective=lambdarank
feature_names=Column_0 Column_1 Column_2 Column_3 Column_4 Column_5 Column_6 Column_7 Column_8 Column_9 Column_10 Column_11 Column_12 Column_13 Column_14 Column_15 Column_16 Column_17 Column_18 Column_19 Column_20 Column_21 Column_22 Column_23 Column_24 Column_25 Column_26 Column_27 Column_28 Column_29 Column_30 Column_31 Column_32 Column_33 Column_34 Column_35 Column_36 Column_37 Column_38 Column_39 Column_40 Column_41 Column_42 Column_43 Column_44 Column_45 Column_46 Column_47 Column_48 Column_49 Column_50 Column_51 Column_52 Column_53 Column_54 Column_55 Column_56 Column_57 Column_58 Column_59 Column_60
feature_infos=[0:1] [0:1] [0:1] [0:1] [0:1] [0:1] [0:1] [0:1] [0:1] [0:1] [0:1] [0:1] [0:1] [0:1] [0:1] [0:1] [0:1] [0:1] [0:1] [0:24] [0:24] [9:25] [0:1] [0:1] [0:1] [0:14] [0:2] [0:5] none none [0:1] [0:1] [0:1] [0:1] [0:5] [0:0.70889999999999997] [0:1] [0:1] [0:0.59999999999999998] [0:1] [0:1] [0:18] [0:18] [0:1] [0:14] none [0:3] [0:1] [-1:3] [0:2] [0:2] [0:2] [0.001516300517964075:9.5595878000861187] [0.001516300517964075:9.5595878000861187] [-1.3984645812515899:3.7510485238928157] [-1.059173933245664:3.2693688613480436] [0:1] [0:1] [0:19] [0:2] [0:14]
tree_sizes=1776 1774 1774 1772 1763 1766 1756 1765 1755 1762 1751 1764 1763 1785 1779 1777 1767 1765 1773 1778 1769 1771 1758 1760 1780 1779 1770 1783 1780 1774 1769 1767 1773 1768 1781 1775 1773 1775 1764 1763 1768 1784 1768 1772 1793 1767 1777 1781 1787 1772 1768 1774 1760 1778 1760 1777 1767 1782 1768 1779 1778 1776 1768 1782 1770 1764 1769 1774 1773 1769 1785 1778 1783 1783 1769 1781 1780 1767 1768 1771 1779 1785 1781 1773 1782 1776 1788 1785 1772 1805 1781 1778 1784 1794 1783 1791 1772 1781 1797 1791 1786 1784 1787 1781 1776 1775 1782 1790 1776 1791 1779 1781 1786 1792 1795 1773 1796 1804 1776 1795 1800 1802 1782 1798 1801 1798 1805 1792 1790 1792 1797 1787 1792 1776 1810 1806 1784 1799 1801 1798 1805 1796 1801 1803 1797 1795 1798 1798 1813 1797 1803 1808 1804 1817 1809 1801 1800 1812 1803 1799 1802 1810 1815 1814 1806 1816 1799 1807 1801 1814 1820 1792 1788 1799 1819 1814 1830 1805 1819 1819 1807 1809 1820 1806 1803 1823 1811 1825 1808 1807 1807 1803 1809 1825 1802 1805 1808 1820 1807 1817 1812 1814 1804 1822 1810 1814 1814 1816 1826 1818 1812 1826 1587 1816 1814 1828 1824 1825 1827 1832 1822 1822 1810 1715 1815 1819 1826 1809 1822 1823 1835 1843 1832 1831 1812 1834 1833 1829 1819 1830 1809 1830 1826 1837 1821 1834 1824 1821 1826 1829 1822 1837 1839 1813 1611 1838 1842 1827 1833 1823 1833 1819 1832 1838 1832 1840 1830 1830 1823 1842 1825 1821 1843 1838 1827 1834 1841 1831 1838 1834 1819 1741 1823 1829 1831 1822 1829 1834 1830 1832 1826 1832 1834 1827 1834 1842 1839 1843 1839 1840

Tree=0
num_leaves=15
num_cat=0
split_feature=52 43 52 56 19 36 37 2 24 60 53 26 53 36
split_gain=1506.85 178.895 143.784 269.036 195.294 105.206 69.2164 40.4186 128.884 82.1939 84.7264 38.3171 32.3547 20.4201
threshold=0.057316312316024874 1.0000000180025095e-35 0.95502634113867735 1.0000000180025095e-35 5.5000000000000009 1.0000000180025095e-35 1.0000000180025095e-35 1.0000000180025095e-35 1.0000000180025095e-35 1.0000000180025095e-35 0.99541586762856193 1.0000000180025095e-35 2.9057986818614658 1.0000000180025095e-35
decision_type=2 2 2 2 2 2 2 2 2 2 2 2 2 2
left_child=-1 2 3 4 13 7 11 -4 9 10 -9 -6 -3 -2
right_child=1 12 5 -5 6 -7 -8 8 -10 -11 -12 -13 -14 -15
leaf_value=-0.059552433602233668 0.032110502074077202 0.032902974517403004 0.054410522251946439 0.058314636337569989 -0.0554623868779641 -0.049522958192001469 0.034521648862364952 0.050238449693484358 0.058549061033452914 -0.036865430491898506 -0.033554429366233228 0.027447363410737773 -0.055653019756716486 -0.034916273102963663
leaf_weight=266.11664280178957 57.71384245576337 2.9492573658935752 181.8886283430038 69.201250314712524 72.899798644240946 9.4536146938335133 8.3018029697705042 35.855087739881128 80.705063939094543 26.345419320045039 13.618864250136538 4.2120461665326721 25.605370460427366 2.7839780943468204
leaf_count=4492 1206 24 1326 186 2816 723 110 253 231 1487 1027 102 2260 223
internal_value=-0.00052659 0.0261389 0.029891 0.0104761 -0.0126939 0.0417682 -0.0415036 0.0445944 0.032645 0.00427571 0.026765 -0.0503542 -0.0449515 0.0280074
internal_weight=857.651 591.534 562.979 215.113 145.911 347.867 85.4136 338.413 156.524 75.8194 49.474 77.1118 28.5546 60.4978
internal_count=16466 11974 9690 4643 4457 5047 3028 4324 2998 2767 1280 2918 2284 1429
is_linear=0
shrinkage=0.03


Tree=1
num_leaves=15
num_cat=0
split_feature=56 52 40 33 55 38 36 39 47 54 60 27 60 52
split_gain=1756.82 1775.66 1599.78 1719.73 1362.76 1447.22 676.436 829.899 670.498 141.561 185.248 41.1715 95.8587 42.3543
threshold=1.0000000180025095e-35 5.3997877885463827 0.77500000000000013 1.0000000180025095e-35 2.8188904216296833 1.0000000180025095e-35 1.0000000180025095e-35 1.0000000180025095e-35 1.0000000180025095e-35 1.2742723110572871 1.5000000000000002 4.0000000000000009 1.0000000180025095e-35 0.4074831712993664
decision_type=2 2 2 2 2 2 2 2 2 2 2 2 2 2
left_child=1 2 -1 4 5 8 7 -7 9 -4 11 12 13 -11
right_child=-2 -3 3 -5 -6 6 -8 -9 -10 10 -12 -13 -14 -15
leaf_value=0.057402797554066146 0.057681085205873506 0.057872251779283748 -0.053931676670812799 0.054023129538040525 0.048189360104701449 0.057600544709061646 -0.056009693654621391 -0.058165198695953491 0.048835217288159739 -0.055954022674056657 0.052682359299485455 -0.058331943065458261 0.004887040215142629 -0.033725252364803435
leaf_weight=252.80761432647705 414.28174459934235 334.81529581546783 1332.8687522807159 248.7345406524837 192.5966057293117 275.26288866996765 92.904511010274291 68.029667627066374 64.35254829749465 111.22541039343923 18.866512179374695 87.432273708283901 47.71342309191823 316.18541087396443
leaf_count=149 255 200 11596 241 151 174 1028 171 51 1253 12 276 86 774
internal_value=-0.000532913 -0.00756536 -0.0146452 -0.0210581 -0.0282563 -0.0343881 0.0150198 0.0344554 -0.0452843 -0.048496 -0.035893 -0.0390397 -0.0352599 -0.0397435
internal_weight=3858.08 3443.8 3108.98 2856.17 2607.44 2414.84 436.197 343.293 1978.64 1914.29 581.423 562.557 475.124 427.411
internal_count=16417 16162 15962 15813 15572 15421 1373 345 14048 13997 2401 2389 2113 2027
is_linear=0
shrinkage=0.03


Tree=2
num_leaves=15
num_cat=0
split_feature=53 24 2 33 53 47 25 49 35 18 55 35 35 59
split_gain=1475.91 1023.34 1436.51 2170.21 455.387 559.458 668.326 393.994 294.237 129.367 107.496 115.063 465.703 80.8676
threshold=0.010649154735001162 1.0000000180025095e-35 1.0000000180025095e-35 1.0000000180025095e-35 0.23617901029877106 1.0000000180025095e-35 1.0000000180025095e-35 1.0000000180025095e-35 0.62625000000000008 0.48529411764705888 1.1993847220124871 0.37565000000000009 0.51715000000000011 1.0000000180025095e-35
decision_type=2 2 2 2 2 2 2 2 2 2 2 2 2 2
left_child=-1 2 4 -4 -2 6 9 -8 10 -6 11 -9 -13 -3
right_child=1 13 3 -5 5 -7 7 8 -10 -11 -12 12 -14 -15
leaf_value=-0.054202952474988818 0.050768587295392444 0.022496013437660216 -0.051009148917566194 0.048754983596849703 -0.05439229183246496 0.050837213001727312 -0.053647997521269385 0.054246616315745594 -0.051876214561951253 -0.016882967212290569 -0.0013550022152838228 -0.052568140695634924 0.054069762415608416 0.054144866801017585
leaf_weight=393.14355197362602 319.24976590275764 94.957731800153852 801.43102173972875 257.91951946727931 150.79829795099795 238.95720802992582 57.446753175929189 229.14039207994938 36.533382780849934 186.42323722317815 64.151527192443609 51.526504524052143 117.17132091522217 377.42128204554319
leaf_count=3212 258 221 8017 262 1291 190 506 172 318 859 256 460 85 279
internal_value=0.000282489 0.00749458 -0.000140326 -0.0266735 0.0192359 0.0102702 -0.000672072 0.0195182 0.0281301 -0.0338781 0.0346532 0.0404373 0.0212643 0.0479045
internal_weight=3376.27 2983.13 2510.75 1059.35 1451.4 1132.15 893.191 555.97 498.523 337.222 461.99 397.838 168.698 472.379
internal_count=16386 13174 12674 8279 4395 4137 3947 1797 1291 2150 973 717 545 500
is_linear=0
shrinkage=0.03


Tree=3
num_leaves=15
num_cat=0
split_feature=30 22 48 37 56 19 18 44 53 19 59 18 59 44
split_gain=1543.88 1734.15 1242.32 1508.34 437.976 285.966 460.95 449.473 405.913 89.6876 57.3493 232.248 41.7534 97.6593
threshold=1.0000000180025095e-35 0.81666666666666676 1.0000000180025095e-35 1.0000000180025095e-35 1.0000000180025095e-35 3.5000000000000004 0.86190476190476206 1.0000000180025095e-35 0.56450435462351634 2.5000000000000004 1.0000000180025095e-35 0.59411764705882364 1.0000000180025095e-35 1.5000000000000002
decision_type=2 2 2 2 2 2 2 2 2 2 2 2 2 2
left_child=1 10 3 4 5 6 7 8 9 -3 11 -1 -7 -14
right_child=-2 2 -4 -5 -6 12 -8 -9 -10 -11 -12 -13 13 -15
leaf_value=-0.052602884584204541 0.052668535181472118 0.051974030814307771 0.048026582988539644 0.051804304052951049 0.050337308246363906 -0.050225844635415254 -0.05088801460095406 -0.04923005458075308 -0.053161437401895655 0.01028517905943511 0.051836731990596595 0.051781273575229041 0.0063376005825071654 -0.045682676504158221
leaf_weight=24.238333377987146 424.09833593666553 145.62949311733246 219.05350252985954 195.81416597217321 50.357475638389587 906.66330542322248 292.06347634457052 118.26437107101083 52.187292236834764 69.466340385377407 337.40162432193756 70.88034987449646 41.916868086904287 135.72228777222335
leaf_count=171 293 117 190 162 41 9396 2718 996 384 194 272 57 189 1203
internal_value=-0.000350177 -0.00883755 -0.0195186 -0.0269273 -0.0354819 -0.037989 -0.0225977 -0.00101498 0.0205259 0.0387292 0.0459981 0.0246464 -0.0475481 -0.0334737
internal_weight=3083.76 2659.66 2227.14 2008.09 1812.27 1761.91 677.611 385.547 267.283 215.096 432.52 95.1187 1084.3 177.639
internal_count=16383 16090 15590 15400 15238 15197 4409 1691 695 311 500 228 10788 1392
is_linear=0
shrinkage=0.03


Tree=4
num_leaves=15
num_cat=0
split_feature=52 42 36 59 20 52 6 27 2 19 25 56 19 56
split_gain=1516.81 765.706 568.993 442.841 798.513 300.407 214.495 200.299 183.34 290.482 222.351 395.612 172.258 77.5684
threshold=0.057316312316024874 1.0000000180025095e-35 1.0000000180025095e-35 1.0000000180025095e-35 3.5000000000000004 6.2838202790140754 1.0000000180025095e-35 1.5000000000000002 1.0000000180025095e-35 4.5000000000000009 1.0000000180025095e-35 1.0000000180025095e-35 1.5000000000000002 1.0000000180025095e-35
decision_type=2 2 2 2 2 2 2 2 2 2 2 2 2 2
left_child=-1 2 3 4 -2 6 7 8 12 10 -10 -12 -6 -3
right_child=1 13 -4 -5 5 -7 -8 -9 9 -11 11 -13 -14 -15
leaf_value=-0.049831667045008 -0.04535016064020185 -0.049016240299608861 -0.049443783568259923 0.040740487503990473 -0.047183095485030815 0.049715520162880777 -0.043480518822015715 -0.013352494384764315 0.035737048326830209 -0.049213460789270386 -0.048814130818564429 0.049119463928807089 0.040465079915488505 0.041189430939522126
leaf_weight=468.2144408673048 204.44456978514791 202.24149686098099 117.31999434158206 558.77717469632626 19.696549782529473 222.73606431484222 58.27523397654295 185.66667796950787 239.28849582746625 66.298710357397795 92.606256283819675 59.159853339195251 374.3787953555584 7.5046379566192618
leaf_count=4453 1901 2991 1220 971 174 182 598 1265 467 799 886 52 501 6
internal_value=-0.000544131 0.00907122 0.0143071 0.0179446 0.00953604 0.018105 0.0115983 0.0147709 0.0209206 0.00794103 0.017832 -0.0104964 0.0358681 -0.0454302
internal_weight=2876.61 2408.39 2198.65 2081.33 1522.55 1318.11 1095.37 1037.1 851.429 457.353 391.055 151.766 394.075 209.746
internal_count=16466 12013 9016 7796 6825 4924 4742 4144 2879 2204 1405 938 675 2997
is_linear=0
shrinkage=0.03


Tree=5
num_leaves=15
num_cat=0
split_feature=52 42 36 59 52 31 37 23 49 23 55 54 55 23
split_gain=1387.64 670.703 504.044 352.302 547.01 599.834 513.188 334.511 258.32 219.853 197.523 87.8868 62.9541 55.7227
threshold=0.057316312316024874 1.0000000180025095e-35 1.0000000180025095e-35 1.0000000180025095e-35 3.0714478637383658 1.0000000180025095e-35 1.0000000180025095e-35 0.81666666666666676 1.0000000180025095e-35 0.81666666666666676 1.1993847220124871 0.73044705301492863 1.5993400782570755 0.58333333333333348
decision_type=2 2 2 2 2 2 2 2 2 2 2 2 2 2
left_child=-1 2 3 4 5 6 7 -2 11 -8 -9 -6 -12 -3
right_child=1 13 -4 -5 8 -7 9 10 -10 -11 12 -13 -14 -15
leaf_value=-0.048108742981445962 0.031766778529006542 0.025427465826526108 -0.047738886297848164 0.038527424337928676 -0.012492293975283623 0.044385713902608599 -0.050032897129920276 -0.04733997612542213 -0.029833183821407632 0.048805117310514054 0.0029635067185523325 0.045272515297734621 -0.0327530092853505 -0.047129250559489855
leaf_weight=441.88489352911711 76.712757278233767 8.8369010314345342 109.02096403390169 545.37213457003236 24.234608069062233 192.86311661824584 22.159992448985577 365.06839937157929 48.103147070854902 132.95517730712891 125.1569330021739 441.40988559648395 66.598167512565851 184.00976895913482
leaf_count=4485 199 24 1188 982 186 235 182 3797 356 122 614 458 692 2853
internal_value=0.000529456 0.00973768 0.0145567 0.0179283 0.0103737 -0.00276526 -0.014379 -0.0263502 0.035389 0.0342278 -0.034442 0.0422256 -0.00965118 -0.0435776
internal_weight=2784.39 2342.5 2149.66 2040.63 1495.26 981.515 788.651 633.536 513.748 155.115 556.823 465.644 191.755 192.847
internal_count=16373 11888 9011 7823 6841 5841 5606 5302 1000 304 5103 644 1306 2877
is_linear=0
shrinkage=0.03


Tree=6
num_leaves=15
num_cat=0
split_feature=52 30 22 37 48 33 59 52 59 18 52 52 52 52
split_gain=1207.22 749.987 823.73 726.351 857.01 1175.28 251.437 215.523 32.6597 147.686 24.3059 11.4976 29.0735 15.1267
threshold=0.057316312316024874 1.0000000180025095e-35 0.81666666666666676 1.0000000180025095e-35 1.0000000180025095e-35 1.0000000180025095e-35 1.0000000180025095e-35 0.4074831712993664 1.0000000180025095e-35 0.59411764705882364 3.438811922224569 1.5907004685830353 2.336857385684675 1.9758354613039071
decision_type=2 2 2 2 2 2 2 2 2 2 2 2 2 2
left_child=-1 2 8 4 5 6 -4 -8 9 -2 11 -9 13 -13
right_child=1 -3 3 -5 -6 -7 7 10 -10 -11 -12 12 -14 -15
leaf_value=-0.046656515418596348 -0.04712936983557886 0.04739819039253293 -0.046945541153885571 0.046960265586367858 0.043847782088044095 0.042042366332530695 0.046080992723063555 -0.04027761492553155 0.046748417227405928 0.046696774683561863 0.033248371869184772 -0.012774962891484257 -0.045616651495517496 0.0426417310176644
leaf_weight=418.79756672121584 18.362311646342278 373.73654033243656 789.39333467185497 181.18404228240252 178.52455730736256 185.42756026610732 49.17918848991394 63.686498686671257 276.63593302667141 58.296738564968109 3.6573620885610572 8.2018861398100871 12.396730761975048 6.1672611832618704
leaf_count=4473 176 297 9692 178 189 245 47 581 262 56 4 69 110 5
internal_value=-8.92912e-05 0.00879013 0.000866978 -0.00898253 -0.0168599 -0.0266139 -0.0403243 -0.00370299 0.0418857 0.0235955 -0.0301363 -0.033363 -0.0152539 0.0133139
internal_weight=2623.65 2204.85 1831.11 1477.82 1296.63 1118.11 932.682 143.289 353.295 76.6591 94.1097 90.4524 26.7659 14.3691
internal_count=16384 11911 11614 11120 10942 10753 10508 816 494 232 769 765 184 74
is_linear=0
shrinkage=0.03


Tree=7
num_leaves=15
num_cat=0
split_feature=56 20 18 6 36 27 54 25 33 23 19 25 46 25
split_gain=651.235 780.201 697.076 602.723 428.171 249.024 173.274 226.371 476.871 132.58 82.1191 127.215 59.5913 54.1865
threshold=1.0000000180025095e-35 3.5000000000000004 0.87083333333333346 1.0000000180025095e-35 1.0000000180025095e-35 1.5000000000000002 0.45525486877168214 1.5000000000000002 1.0000000180025095e-35 0.41666666666666674 4.5000000000000009 1.0000000180025095e-35 1.5000000000000002 1.5000000000000002
decision_type=2 2 2 2 2 2 2 2 2 2 2 2 2 2
left_child=1 12 3 4 5 6 7 8 10 -9 -3 -12 -1 -7
right_child=-2 2 -4 -5 -6 13 -8 9 -10 -11 11 -13 -14 -15
leaf_value=-0.043427725352998443 0.045764346717055093 -0.040525442835504334 -0.044209927156758436 -0.039986261378278827 -0.044724038972222935 -0.014508246500205426 0.042136789523320339 -0.044623023326396345 0.040011277409251138 0.040720973024610203 -0.04351119620202902 0.026862390374369587 0.028623488490506527 0.043665368441677448
leaf_weight=407.76481564156711 253.80741089582443 135.42323430627584 236.86133551225066 184.9811368919909 91.849231842905283 178.13084141723812 422.88751716166735 15.692141093313692 172.32767289504409 310.1395478323102 38.699961044825613 51.546257236972451 9.3007804490625841 13.731965601444243
leaf_count=4593 260 1433 2711 2764 1102 1368 451 172 225 510 533 195 20 12
internal_value=0.000385188 -0.00472594 0.00363349 0.0106946 0.0172952 0.0216112 0.0268978 0.0179031 0.00268355 0.0363636 -0.0259221 -0.00360474 -0.041692 -0.00993713
internal_weight=2523.14 2269.34 1852.27 1615.41 1430.43 1338.58 1146.72 723.829 397.997 325.832 225.669 90.2462 417.066 191.863
internal_count=16349 16089 11476 8765 6001 4899 3519 3068 2386 682 2161 728 4613 1380
is_linear=0
shrinkage=0.03


Tree=8
num_leaves=15
num_cat=0
split_feature=52 30 59 19 37 33 18 25 25 36 25 18 53 53
split_gain=1010.26 642.918 588.36 747.774 546.786 295.863 251.132 194.221 211.094 106.223 49.8971 119.444 47.3897 43.8727
threshold=0.057316312316024874 1.0000000180025095e-35 1.0000000180025095e-35 2.5000000000000004 1.0000000180025095e-35 1.0000000180025095e-35 0.86190476190476206 1.0000000180025095e-35 1.5000000000000002 1.0000000180025095e-35 1.5000000000000002 0.58578431372549034 1.6444966750710746 1.7580705148130871
decision_type=2 2 2 2 2 2 2 2 2 2 2 2 2 2
left_child=-1 2 3 6 5 -5 7 -2 -9 10 11 -4 -6 -14
right_child=1 -3 9 4 12 -7 -8 8 -10 -11 -12 -13 13 -15
leaf_value=-0.044050648440516801 0.044481199449533992 0.044712919895230498 0.041037534701959297 -0.042997032386468736 0.043983797315212153 0.026790290835763952 -0.040646530699104531 -0.044006355000208816 0.043130785732383464 -0.039860711319883148 0.038965477042205196 -0.027335099970702482 -0.04151733132513908 0.02802255984635699
leaf_weight=389.41803447715938 266.16725540161133 361.93921042978764 54.784657388925552 630.12843377515674 86.226920187473297 58.52303259819746 47.827759735286236 53.676843404769897 43.46489280462265 16.92257621511817 327.50169824808836 36.86271120980382 11.568092046305539 18.505567133426666
leaf_count=4504 288 311 80 8290 94 111 719 638 48 219 528 307 136 50
internal_value=5.44577e-05 0.00861724 0.000665251 -0.0100588 -0.0268496 -0.037006 0.0227863 0.0313138 -0.00493433 0.0304811 0.0334969 0.01354 0.0328981 0.000352548
internal_weight=2403.52 2014.1 1652.16 1216.09 804.952 688.651 411.137 363.309 97.1417 436.072 419.149 91.6474 116.301 30.0737
internal_count=16323 11819 11508 10374 8681 8401 1693 974 686 1134 915 387 280 186
is_linear=0
shrinkage=0.03


Tree=9
num_leaves=15
num_cat=0
split_feature=52 52 23 37 33 56 8 54 18 54 18 52 25 25
split_gain=914.427 374.79 559.689 514.816 542.533 507.946 120.828 110.237 101.229 92.6732 83.5023 36.1515 32.8229 31.4663
threshold=0.057316312316024874 3.0714478637383658 0.81666666666666676 1.0000000180025095e-35 1.0000000180025095e-35 1.0000000180025095e-35 1.0000000180025095e-35 0.63494323498367855 0.87083333333333346 0.32687248356325227 0.42261904761904767 3.438811922224569 1.5000000000000002 1.5000000000000002
decision_type=2 2 2 2 2 2 2 2 2 2 2 2 2 2
left_child=-1 2 6 4 5 7 12 -4 9 11 -9 -3 -2 -12
right_child=1 8 3 -5 -6 -7 -8 10 -10 -11 13 -13 -14 -15
leaf_value=-0.042919184972752392 0.011882367565085218 -0.040123853524140725 -0.041565414679996235 0.043303449761751253 0.036892553672557553 0.042675111914165238 -0.042430476513367336 -0.039629100252171902 -0.039953998201871892 0.039849894842584194 -0.00828635330090155 0.013495983996554876 0.041865628865254655 0.039608023033763637
leaf_weight=370.66314879059792 39.197375286370516 15.010036103427408 508.71529602631927 146.02651965618134 144.02035143226385 86.218528091907501 15.922494910657404 94.987480193376541 15.22163540497422 387.11106787621975 156.70214306563139 31.936258401721716 291.10541412979364 11.408755421638487
leaf_count=4459 190 204 7274 161 213 96 191 1264 177 474 1110 178 376 11
internal_value=0.000131866 0.00837786 0.00114039 -0.00895045 -0.0166364 -0.0256861 0.0344608 -0.0334132 0.032338 0.0350448 -0.0174558 -0.00458676 0.0384004 -0.00460857
internal_weight=2314.25 1943.58 1494.3 1148.08 1002.05 858.032 346.225 771.814 449.279 434.057 263.098 46.9463 330.303 168.111
internal_count=16378 11919 10886 10129 9968 9755 757 9659 1033 856 2385 382 566 1121
is_linear=0
shrinkage=0.03


Tree=10
num_leaves=15
num_cat=0
split_feature=53 23 2 33 55 37 19 26 2 20 55 53 25 58
split_gain=592.253 355.66 692.078 723.058 163.642 226.204 346.43 300.257 113.142 75.8808 59.6906 51.4728 36.2384 27.6989
threshold=0.010649154735001162 0.81666666666666676 1.0000000180025095e-35 1.0000000180025095e-35 2.396616099697257 1.0000000180025095e-35 2.5000000000000004 1.0000000180025095e-35 1.0000000180025095e-35 5.5000000000000009 1.2696601098065659 1.6075917436324201 1.5000000000000002 1.5000000000000002
decision_type=2 2 2 2 2 2 2 2 2 2 2 2 2 2
left_child=-1 8 4 -4 5 6 -3 10 -2 -9 -8 -12 13 -11
right_child=1 2 3 -5 -6 -7 7 9 -10 12 11 -13 -14 -15
leaf_value=-0.041990078850147577 -0.041073201329447209 0.042075509472778314 -0.039271210969579154 0.035029222852714439 0.039121362921945943 0.042278115973058722 -0.040224558009788726 0.042152712058053161 0.037599286133195499 -0.041926132048587861 -0.034578562216782703 0.0058961758256954469 0.038991533242716696 0.0074217413670176211
leaf_weight=261.66217990405858 15.733733197674153 136.4854371547699 531.95317212771624 149.58636248856783 223.15695352293551 149.03300833702087 178.73425198346376 82.053804874420166 323.56526127457619 19.417284347116947 48.60165897756815 62.998720159754157 11.055143058300017 18.627673868089914
leaf_count=3204 195 165 7749 226 331 172 2291 94 563 247 551 414 11 64
internal_value=0.000213998 0.00591148 2.01333e-05 -0.0229087 0.0168334 0.00970805 0.000888767 -0.012584 0.0337318 0.0248381 -0.029543 -0.0120289 -0.00461468 -0.0186004
internal_weight=2212.66 1951 1611.7 681.54 930.164 707.007 557.974 421.489 339.299 131.154 290.335 111.6 49.1001 38.045
internal_count=16277 13073 12315 7975 4340 4009 3837 3672 758 416 3256 965 322 311
is_linear=0
shrinkage=0.03


Tree=11
num_leaves=15
num_cat=0
split_feature=52 58 53 47 36 18 33 60 36 2 58 53 53 23
split_gain=779.648 289.647 520.487 589.309 204.581 111.677 186.118 201.117 86.7868 67.7636 58.3453 55.9053 48.7199 42.3455
threshold=0.057316312316024874 1.5000000000000002 0.56450435462351634 1.0000000180025095e-35 1.0000000180025095e-35 0.57738095238095244 1.0000000180025095e-35 1.5000000000000002 1.0000000180025095e-35 1.0000000180025095e-35 1.0000000180025095e-35 1.6075917436324201 1.6444966750710746 0.81666666666666676
decision_type=2 2 2 2 2 2 2 2 2 2 2 2 2 2
left_child=-1 2 4 9 5 -2 7 -7 13 10 11 -4 -13 -3
right_child=1 8 3 -5 -6 6 -8 -9 -10 -11 -12 12 -14 -15
leaf_value=-0.0410989709905707 0.039467353284156487 0.03936187254912385 -0.038381333541970972 0.041015979899075294 -0.039660030479635316 -0.033559366389942287 0.037771738608213264 0.040237694643016769 -0.037071274394141783 -0.037963530341640177 0.019542553941457607 0.021447474988306695 -0.019152821049732659 0.019990980341307467
leaf_weight=340.91951156593859 288.27354069426656 256.38803740590811 110.94518450647593 133.30779488384724 43.887684937566519 102.62341828271747 138.4563849568367 46.791761696338654 15.652061076834796 312.56783805042505 32.12959573790431 32.356662701815367 118.34898773021996 180.13182024471462
leaf_count=4503 322 368 1494 170 605 1185 175 59 226 5015 139 131 1270 760
internal_value=0.000384723 0.008227 0.00129647 -0.0156791 0.0215324 0.0263148 0.0129625 -0.0102224 0.0289697 -0.0282376 -0.0177029 -0.02239 -0.0102692 0.031496
internal_weight=2152.78 1811.86 1359.69 739.656 620.033 576.145 287.872 149.415 452.172 606.348 293.78 261.651 150.706 436.52
internal_count=16422 11919 10565 8219 2346 1741 1419 1244 1354 8049 3034 2895 1401 1128
is_linear=0
shrinkage=0.03


Tree=12
num_leaves=15
num_cat=0
split_feature=30 24 47 33 38 56 25 19 19 53 21 38 22 56
split_gain=689.529 747.139 460.845 561.864 468.753 189.647 69.2446 35.8811 32.735 15.1016 19.8687 10.4798 9.64317 78.5467
threshold=1.0000000180025095e-35 1.0000000180025095e-35 1.0000000180025095e-35 1.0000000180025095e-35 1.0000000180025095e-35 1.0000000180025095e-35 5.5000000000000009 4.5000000000000009 9.5000000000000018 0.11165176876591411 13.500000000000002 0.3928571428571429 1.0000000180025095e-35 1.0000000180025095e-35
decision_type=2 2 2 2 2 2 2 2 2 2 2 2 2 2
left_child=1 2 3 4 5 -1 7 -6 11 -5 -11 -9 13 -3
right_child=-2 12 -4 9 6 -7 -8 8 -10 10 -12 -13 -14 -15
leaf_value=-0.03899691441605016 0.041115752416676254 -0.030237908810866576 0.037981118625150079 0.040403319345069071 -0.020509794772646143 0.038557263888729362 -0.037116370078400622 0.0092703915739147363 -0.031812341285862696 0.031456058759526784 -0.0065642136729953957 0.029560675256248895 0.041184584159850442 0.03992167767311678
leaf_weight=944.94531684927642 313.73249530047178 15.863038372248409 128.97603690624237 96.784821569919586 17.471227653324604 27.729981601238251 20.517240785062313 30.507674345746636 7.7036092393100253 36.329771369695663 17.377923369407654 131.10212381929159 191.48413175344467 80.145454108715057
leaf_count=13854 307 186 186 122 181 35 312 193 151 63 63 378 227 105
internal_value=0.000312335 -0.00705418 -0.0157687 -0.0210284 -0.027995 -0.0367113 0.0128625 0.0186874 0.0229244 0.0332458 0.01936 0.0258905 0.0369882 0.027949
internal_weight=2060.67 1746.94 1459.45 1330.47 1179.98 972.675 207.302 186.785 169.313 150.493 53.7077 161.61 287.493 96.0085
internal_count=16363 16056 15538 15352 15104 13889 1215 903 722 248 126 571 518 291
is_linear=0
shrinkage=0.03


Tree=13
num_leaves=15
num_cat=0
split_feature=30 24 47 46 56 54 18 18 43 44 18 49 18 44
split_gain=676.996 698.769 439.917 164.232 132.982 103.344 92.7999 78.7152 69.0642 84.5938 126.246 73.1047 34.4386 44.1209
threshold=1.0000000180025095e-35 1.0000000180025095e-35 1.0000000180025095e-35 1.5000000000000002 1.0000000180025095e-35 -0.27665152403207599 0.35504201680672276 0.87083333333333346 1.0000000180025095e-35 1.0000000180025095e-35 0.63068181818181823 1.0000000180025095e-35 0.58578431372549034 5.5000000000000009
decision_type=2 2 2 2 2 2 2 2 2 2 2 2 2 2
left_child=1 2 3 4 5 6 -1 8 9 10 -8 -11 13 -13
right_child=-2 -3 -4 -5 -6 -7 7 -9 -10 11 -12 12 -14 -15
leaf_value=-0.038401359255118242 0.040147424811684457 0.035938815844650307 0.037337614135769762 0.021024464073522604 0.037942637142206068 -0.039312070192117424 -0.037192395805747888 -0.03804192173799617 -0.034765212554795248 -0.039681211788433458 0.023197559149945701 0.012135574162779068 -0.032288120351192655 -0.027828459059015185
leaf_weight=187.2369033023715 308.60631048679352 269.22484090179205 121.7268338650465 73.783835311420262 28.101711809635162 371.29159140959382 37.427850658074021 101.68945039249957 78.345673052594066 77.601196898147464 147.92011515796185 99.404727518558502 30.10342551022768 30.950885688886046
leaf_count=2849 313 524 183 351 37 5557 584 1573 1409 1134 581 584 377 407
internal_value=-0.000497184 -0.00811633 -0.0167159 -0.0219728 -0.0246694 -0.0262462 -0.020027 -0.0142177 -0.00925744 -0.00439633 0.010736 -0.0161693 -0.0044499 0.00236962
internal_weight=1963.42 1654.81 1385.58 1263.86 1190.07 1161.97 790.68 603.443 501.754 423.408 185.348 238.06 160.459 130.356
internal_count=16463 16150 15626 15443 15092 15055 9498 6649 5076 3667 1165 2502 1368 991
is_linear=0
shrinkage=0.03


Tree=14
num_leaves=15
num_cat=0
split_feature=52 59 53 47 25 37 23 49 49 18 18 37 23 52
split_gain=598.943 279.366 447.879 472.735 90.2674 163.855 157.187 52.793 50.2509 73.0868 47.3365 34.3703 33.7967 56.911
threshold=0.057316312316024874 1.0000000180025095e-35 0.56450435462351634 1.0000000180025095e-35 1.0000000180025095e-35 1.0000000180025095e-35 0.81666666666666676 1.0000000180025095e-35 1.0000000180025095e-35 0.48529411764705888 0.85164835164835173 1.0000000180025095e-35 0.81666666666666676 0.4074831712993664
decision_type=2 2 2 2 2 2 2 2 2 2 2 2 2 2
left_child=-1 2 4 8 7 6 -6 10 -4 11 -2 -10 -3 -14
right_child=1 12 3 -5 5 -7 -8 -9 9 -11 -12 -13 13 -15
leaf_value=-0.038917192822302438 0.037894499179785227 0.03708938866875533 -0.038931414359409715 0.03852212337757404 0.029783302595940142 0.038911115522876641 -0.038202303525169887 0.0016776489193686657 -0.037830624865154622 -0.0039209391957875277 -0.011268973613488532 0.0046819646817065031 0.039360911256625483 0.0064088501039444995
leaf_weight=293.86675694584846 267.96151825040579 214.13723151758313 229.52741659060121 113.96256555616856 44.400361284613609 77.195166766643524 88.808375369757414 51.42676230147481 152.60242740809917 139.20748127810657 17.997025337070227 18.781823441386223 76.627685785293579 120.33340984582901
leaf_count=4446 316 339 4524 168 118 109 1367 271 2317 1198 182 127 104 812
internal_value=0.000323816 0.00751247 0.000196984 -0.0165401 0.0201692 0.00468183 -0.0154364 0.029743 -0.0282572 -0.0201703 0.0347436 -0.0331714 0.0287953 0.0194956
internal_weight=1906.84 1612.97 1201.87 654.082 547.789 210.404 133.209 337.385 540.119 310.592 285.959 171.384 411.098 196.961
internal_count=16398 11952 10697 8334 2363 1594 1485 769 8166 3642 498 2444 1255 916
is_linear=0
shrinkage=0.03


Tree=15
num_leaves=15
num_cat=0
split_feature=30 23 47 38 36 14 56 25 2 12 25 40 56 25
split_gain=529.753 513.977 351.756 252.69 273.656 210.019 159.458 158.153 76.4499 35.6681 23.516 10.2554 14.2425 10.0313
threshold=1.0000000180025095e-35 0.81666666666666676 1.0000000180025095e-35 1.0000000180025095e-35 1.0000000180025095e-35 1.0000000180025095e-35 1.0000000180025095e-35 1.0000000180025095e-35 1.0000000180025095e-35 1.0000000180025095e-35 1.5000000000000002 0.77500000000000013 1.0000000180025095e-35 1.0000000180025095e-35
decision_type=2 2 2 2 2 2 2 2 2 2 2 2 2 2
left_child=1 8 3 5 -5 6 9 -7 -1 -3 11 -10 13 -13
right_child=-2 2 -4 4 -6 7 -8 -9 10 -11 -12 12 -14 -15
leaf_value=-0.037505657255129186 0.038931761184638626 -0.034746117458095929 0.035455439718636371 0.039058709155236439 -0.038206189689304178 0.034055469378231 0.036736624016607392 -0.037797528344588639 0.033778511166589476 0.0046269432416720935 0.036919358012301597 0.012833574933992252 0.033476605733227874 -0.026150810077627002
leaf_weight=12.872908003628252 262.58068892173469 803.69808469153941 110.91737744957209 117.96352964639664 61.002443158067763 82.331738669425249 28.359745502471924 39.056678511202335 10.214487969875334 20.800253050401807 227.2745380923152 8.1713356897234952 6.7196455597877494 13.234593734145164
leaf_count=189 290 12935 185 164 1013 170 41 619 13 140 388 34 8 134
internal_value=-0.00029206 -0.00701041 -0.0151421 -0.0200616 0.012591 -0.0260733 -0.0313199 0.0106989 0.0297463 -0.033744 0.0332616 0.0108237 0.000798052 -0.0114442
internal_weight=1805.2 1542.62 1264.13 1153.21 178.966 974.247 852.858 121.388 278.488 824.498 265.615 38.3401 28.1256 21.4059
internal_count=16323 16033 15267 15082 1177 13905 13116 789 766 13075 577 189 176 168
is_linear=0
shrinkage=0.03


Tree=16
num_leaves=15
num_cat=0
split_feature=53 24 55 37 31 53 49 60 53 18 55 60 51 49
split_gain=364.903 260.653 346.685 403.844 376.147 147.272 120.484 103.129 54.6943 44.5318 33.9123 21.9009 15.5525 16.7815
threshold=0.010649154735001162 1.0000000180025095e-35 0.73111192144214254 1.0000000180025095e-35 1.0000000180025095e-35 2.5242680868836214 1.0000000180025095e-35 1.0000000180025095e-35 1.6075917436324201 0.24264705882352944 1.477697169468871 1.5000000000000002 1.0000000180025095e-35 1.5000000000000002
decision_type=2 2 2 2 2 2 2 2 2 2 2 2 2 2
left_child=-1 2 3 4 -2 -6 9 8 -8 -4 -9 -12 13 -10
right_child=1 -3 6 -5 5 -7 7 10 12 -11 11 -13 -14 -15
leaf_value=-0.037779007421611902 -0.033965841653038127 0.034355499521594057 -0.030877357065402559 0.038148611545864845 0.034588453605572285 -0.037491621979225495 -0.035614876007797454 0.035877520040677194 -0.035079470671499885 0.032258885330652243 -0.015318057363122979 0.034512096534765759 0.020528102013317596 0.0053572387222244984
leaf_weight=198.78922415524721 514.99870284833014 232.32261535525322 8.8818524442613107 117.33062983304262 120.17074213176966 30.48055293597281 62.967483442276716 67.971283342689276 12.094135176390408 307.49222688935697 24.792388197034597 9.2808777093887311 25.857450146228075 25.565017979592085
leaf_count=3214 8985 502 212 176 228 549 914 131 200 765 215 11 118 187
internal_value=0.000291369 0.00518415 3.64291e-05 -0.0127392 -0.0217964 0.0197047 0.0183735 0.00173785 -0.0162564 0.0303036 0.0239255 -0.000584383 0.00343605 -0.00874306
internal_weight=1759 1560.21 1327.88 782.981 665.65 150.651 544.903 228.529 126.484 316.374 102.045 34.0733 63.5166 37.6592
internal_count=16407 13193 12691 9938 9762 777 2753 1776 1419 977 357 226 505 387
is_linear=0
shrinkage=0.03


Tree=17
num_leaves=15
num_cat=0
split_feature=30 24 33 48 38 26 35 52 35 35 58 19 58 52
split_gain=476.071 511.482 333.195 375.196 288.281 101.835 87.9286 75.8598 29.9376 107.433 10.6203 56.2184 9.73333 33.4049
threshold=1.0000000180025095e-35 1.0000000180025095e-35 1.0000000180025095e-35 1.0000000180025095e-35 1.0000000180025095e-35 1.0000000180025095e-35 0.62625000000000008 0.4074831712993664 0.51715000000000011 0.39420000000000005 1.5000000000000002 4.5000000000000009 1.5000000000000002 1.5907004685830353
decision_type=2 2 2 2 2 2 2 2 2 2 2 2 2 2
left_child=1 2 3 4 5 12 8 -7 9 -6 11 -3 -1 -14
right_child=-2 10 -4 -5 6 7 -8 -9 -10 -11 -12 -13 13 -15
leaf_value=-0.037436258590391056 0.037614224500304237 0.036584520402736395 0.032197951409133625 0.03476114869505504 0.036762349415673128 0.037017653974465103 -0.035547116131487054 -0.031490101170856773 0.037135144999506479 -0.036204121407494246 0.037260518325254406 -0.03584509698511381 -0.034321579179227568 0.0067091540110573002
leaf_weight=636.80958669725806 256.78464242070913 39.50232458114624 120.94732148572803 100.23143504559994 44.109238743782043 30.224740386009216 27.890142048709095 24.57167240511626 58.35394698381424 28.028594581410289 183.01039965450764 10.820955723524092 93.10305836610496 21.263284128159285
leaf_count=11844 302 64 247 183 68 45 511 343 89 501 282 170 1537 176
internal_value=0.000190047 -0.00662634 -0.0146249 -0.0199948 -0.0257461 -0.0330042 0.0111401 0.00627046 0.0215046 0.00819993 0.0337918 0.0202352 -0.0358783 -0.0267088
internal_weight=1675.65 1418.87 1185.53 1064.59 964.354 805.972 158.382 54.7964 130.492 72.1378 233.334 50.3233 751.176 114.366
internal_count=16362 16060 15544 15297 15114 13945 1169 388 658 569 516 234 13557 1713
is_linear=0
shrinkage=0.03


Tree=18
num_leaves=15
num_cat=0
split_feature=30 24 37 48 14 25 11 12 58 25 53 53 58 25
split_gain=449.639 470.469 319.384 352.617 160.423 135.274 39.0041 36.2043 41.9399 65.6791 38.0372 42.3615 10.8547 44.9282
threshold=1.0000000180025095e-35 1.0000000180025095e-35 1.0000000180025095e-35 1.0000000180025095e-35 1.0000000180025095e-35 1.0000000180025095e-35 1.0000000180025095e-35 1.0000000180025095e-35 1.5000000000000002 1.5000000000000002 0.95502634113867735 1.5665898578755073 1.5000000000000002 2.5000000000000004
decision_type=2 2 2 2 2 2 2 2 2 2 2 2 2 2
left_child=1 2 3 4 6 -6 7 8 -1 10 -10 -12 13 -3
right_child=-2 12 -4 -5 5 -7 -8 -9 9 -11 11 -13 -14 -15
leaf_value=-0.035262952142154538 0.037033889159295667 0.034752810409106473 0.036861761123276077 0.034246843209754942 0.032434418782442812 -0.036248433778584728 0.0080482286924706548 0.0077767152805338618 0.035623605005214054 -0.033136566133129 -0.034623744379121628 0.027204763954314121 0.03689075051063874 -0.034298725420649934
leaf_weight=633.38492647092789 245.09511449933052 32.844432450830936 96.99592874199152 97.492559924721718 72.338150929659605 37.607760314829648 23.180066831409931 20.606059040874243 22.814211368560791 92.578684143722057 24.327154282480478 14.229568306356667 173.0955757945776 9.4487073812633735
leaf_count=12115 299 62 160 183 171 668 160 147 36 1626 297 53 280 162
internal_value=-0.000179423 -0.00697562 -0.014694 -0.0195707 -0.0252069 0.0087131 -0.0297042 -0.0308045 -0.0318314 -0.0174419 0.00653215 -0.0115893 0.0334777 0.0184739
internal_weight=1596.04 1350.94 1135.56 1038.56 941.067 109.946 831.121 807.941 787.335 153.95 61.3709 38.5567 215.389 42.2931
internal_count=16419 16120 15616 15456 15273 839 14434 14274 14127 2012 386 350 504 224
is_linear=0
shrinkage=0.03


Tree=19
num_leaves=15
num_cat=0
split_feature=22 55 33 47 56 38 36 26 51 26 18 22 56 18
split_gain=286.532 286.455 239.467 269.159 200.368 233.45 202.392 46.7393 51.7087 9.79546 6.65707 6.22712 54.5434 4.13097
threshold=0.81666666666666676 2.396616099697257 1.0000000180025095e-35 1.0000000180025095e-35 1.0000000180025095e-35 1.0000000180025095e-35 1.0000000180025095e-35 1.0000000180025095e-35 1.0000000180025095e-35 1.5000000000000002 0.24264705882352944 1.0000000180025095e-35 1.0000000180025095e-35 0.35504201680672276
decision_type=2 2 2 2 2 2 2 2 2 2 2 2 2 2
left_child=11 2 3 4 5 7 -7 8 13 10 -9 12 -1 -2
right_child=1 -3 -4 -5 -6 6 -8 9 -10 -11 -12 -13 -14 -15
leaf_value=-0.031207012216284517 -0.036276826768728593 0.032170902172951883 0.031229999579934282 0.033694403468322448 0.036024192106151272 0.036340951366217247 -0.035934839891582325 0.026384900486737813 0.010552804793086588 0.030548179603193854 -0.009958342216444805 0.036717727596612751 0.035650001829113258 -0.030288857464018104
leaf_weight=11.746815860271452 259.6801886074245 163.77903147600591 112.6731012314558 93.379194781184196 54.017698347568512 98.849810730665922 51.414344949647784 3.3414936065673819 24.990584146231413 6.7265197038650504 29.723561242222786 140.00566273927689 59.476314842700958 429.90200103726238
leaf_count=186 5219 389 253 187 94 174 1026 4 184 9 317 228 111 8052
internal_value=0.000434727 -0.00474006 -0.0099767 -0.0144409 -0.01919 -0.0225592 0.0114639 -0.0293487 -0.0311063 0.00219183 -0.00499013 0.0327196 0.0240721 -0.0326422
internal_weight=1539.71 1328.48 1164.7 1052.03 958.646 904.629 150.264 754.364 714.573 39.7916 33.0651 211.229 71.2231 689.582
internal_count=16433 15908 15519 15266 15079 14985 1200 13785 13455 330 321 525 297 13271
is_linear=0
shrinkage=0.03


Tree=20
num_leaves=15
num_cat=0
split_feature=53 42 20 56 20 27 54 40 53 25 56 49 49 58
split_gain=272.729 218.662 139.793 249.025 71.8838 70.5031 74.4519 77.5076 64.5862 42.69 50.0231 54.2603 36.7366 38.3063
threshold=0.010649154735001162 1.0000000180025095e-35 5.5000000000000009 1.0000000180025095e-35 3.5000000000000004 1.5000000000000002 0.45525486877168214 0.77500000000000013 0.62963017883289629 1.0000000180025095e-35 1.0000000180025095e-35 1.0000000180025095e-35 1.5000000000000002 1.5000000000000002
decision_type=2 2 2 2 2 2 2 2 2 2 2 2 2 2
left_child=-1 2 3 4 -2 6 7 -4 9 -9 11 -11 13 -6
right_child=1 -3 5 -5 12 -7 -8 8 -10 10 -12 -13 -14 -15
leaf_value=-0.035947414368588615 -0.031299797090956559 -0.032735719076112918 0.03596071975921912 0.035942516206837166 -0.025458718712553619 -0.0084492066637429832 0.033261249840772097 0.027088794845569825 -0.016868413962914219 -0.035360184611360396 0.034353178987714228 0.011678937381177933 0.013416375742454096 0.013877208098650819
leaf_weight=167.17312165535986 163.18821122683585 125.5704796332866 91.458077669143677 102.0228453874588 77.06974602304399 86.947046114131808 241.49136241897941 104.03741611540318 87.221411060541868 40.243287696503103 27.40555328130722 44.67973343282938 67.678916394710541 29.542920328676701
leaf_count=3284 3137 3185 151 195 1381 1041 429 342 1299 801 53 362 493 235
internal_value=-0.000131904 0.00456319 0.00863973 -0.00469298 -0.0171168 0.0167297 0.0201847 0.0120637 0.00467629 0.0134363 0.000538916 -0.0109127 -0.00363289 -0.0145037
internal_weight=1455.73 1288.56 1162.99 439.503 337.48 723.484 636.537 395.045 303.587 216.366 112.329 84.923 174.292 106.613
internal_count=16388 13104 9919 5441 5246 4478 3437 3008 2857 1558 1216 1163 2109 1616
is_linear=0
shrinkage=0.03


Tree=21
num_leaves=15
num_cat=0
split_feature=30 24 37 33 47 56 2 58 25 53 21 21 25 53
split_gain=391.519 363.141 282.54 310.552 334.35 119.069 64.1207 5.39053 10.3305 4.42966 9.8251 2.00008 0.644813 0.14437
threshold=1.0000000180025095e-35 1.0000000180025095e-35 1.0000000180025095e-35 1.0000000180025095e-35 1.0000000180025095e-35 1.0000000180025095e-35 1.0000000180025095e-35 1.0000000180025095e-35 1.5000000000000002 0.11165176876591411 13.500000000000002 12.500000000000002 10.500000000000002 2.054090377967555
decision_type=2 2 2 2 2 2 2 2 2 2 2 2 2 2
left_child=1 2 3 4 5 7 -3 -1 -9 -5 -11 -6 -10 -12
right_child=-2 6 -4 9 11 -7 -8 8 12 10 13 -13 -14 -15
leaf_value=-0.035755390521655377 0.035953428783929743 -0.034309034196460531 0.035564401513182589 0.035464335419625688 0.034281380433893414 0.033562808357580375 0.036055504182402658 -0.014032544770378375 -0.034043762519741512 0.029660832935082551 -0.0047324219283219155 0.02017018803387928 -0.017645387333116547 0.0011568586412113952
leaf_weight=557.29186945687979 225.11131101846695 10.947108397260306 91.458774488419294 61.23315155506134 59.558527499437332 22.598942309617996 172.51375296711922 40.551673011854291 94.031709581613541 27.287272088229656 6.4059398584067804 24.119291558861732 9.2575534805655462 5.6058509200811386
leaf_count=12326 310 194 174 116 133 43 322 492 1950 60 25 51 169 42
internal_value=-0.000129464 -0.00704553 -0.0141761 -0.0192537 -0.0254506 -0.0320189 0.0315321 -0.0342222 -0.0278731 0.0300415 0.0202838 0.0307798 -0.0329371 -0.00221111
internal_weight=1407.97 1182.86 999.401 907.942 807.41 723.732 183.461 701.133 143.841 100.532 39.2991 83.6778 103.289 12.0118
internal_count=16407 16097 15581 15407 15164 14980 516 14937 2611 243 127 184 2119 67
is_linear=0
shrinkage=0.03


Tree=22
num_leaves=15
num_cat=0
split_feature=30 22 37 33 47 56 59 52 25 58 18 25 52 52
split_gain=352.834 365.374 255.519 281.555 290.112 86.6372 20.6878 21.738 13.8742 9.74731 38.7878 5.88959 4.25874 2.49352
threshold=1.0000000180025095e-35 0.81666666666666676 1.0000000180025095e-35 1.0000000180025095e-35 1.0000000180025095e-35 1.0000000180025095e-35 1.0000000180025095e-35 1.5907004685830353 1.5000000000000002 1.5000000000000002 0.59411764705882364 10.500000000000002 1.9758354613039071 6.2838202790140754
decision_type=2 2 2 2 2 2 2 2 2 2 2 2 2 2
left_child=1 9 3 4 5 6 -3 11 -9 10 -1 -8 -5 -6
right_child=-2 2 -4 12 13 -7 7 8 -10 -11 -12 -13 -14 -15
leaf_value=-0.032292425452297623 0.035612295159537448 -0.035368203343698404 0.035146715108711674 0.032304664914307328 0.019450469817834 0.032434708686402441 -0.029085392939887475 0.024252927498701136 -0.021199641639723252 0.035231897887361745 0.033712861868894974 0.0057321524928500905 0.013074081446869827 0.034206136700558276
leaf_weight=9.1632686257362348 209.27499110996723 570.99230960663408 83.902556203305721 77.816086072474718 26.12881176173687 17.104684472084045 69.848408499732614 13.23868975415826 8.1254634410142881 147.57255027443171 27.962994515895844 4.0172043070197097 16.342684738337994 49.890434175729752
leaf_count=182 301 13318 167 181 61 34 1308 46 136 290 59 44 58 118
internal_value=4.23847e-05 -0.00664303 -0.0142503 -0.019177 -0.0252504 -0.0314396 -0.0331717 -0.0195446 0.00663095 0.0317055 0.0166039 -0.0270906 0.0293083 0.029763
internal_weight=1331.38 1122.11 937.407 853.505 759.346 683.327 666.222 95.2298 21.3642 184.699 37.1263 73.8656 94.1588 76.0192
internal_count=16303 16002 15471 15304 15065 14886 14852 1534 182 531 241 1352 239 179
is_linear=0
shrinkage=0.03


Tree=23
num_leaves=15
num_cat=0
split_feature=30 24 37 33 1 19 18 58 56 25 58 18 55 18
split_gain=345.667 333.251 232.514 237.36 103.367 68.4345 149.551 88.1749 14.8698 15.5241 8.35017 32.4364 6.74467 15.3409
threshold=1.0000000180025095e-35 1.0000000180025095e-35 1.0000000180025095e-35 1.0000000180025095e-35 1.0000000180025095e-35 2.5000000000000004 0.87083333333333346 2.5000000000000004 1.0000000180025095e-35 1.5000000000000002 1.5000000000000002 0.59411764705882364 -0.65135202080771037 0.82843137254901966
decision_type=2 2 2 2 2 2 2 2 2 2 2 2 2 2
left_child=1 2 3 4 -1 6 -6 8 9 -7 11 -3 -5 -14
right_child=-2 10 -4 12 5 7 -8 -9 -10 -11 -12 -13 13 -15
leaf_value=-0.032800371713701107 0.035217909690038837 -0.030972363602598117 0.034637697655294196 0.032820437912328637 0.034468472703324655 -0.036555002921391279 -0.034002356843885709 0.032893225930377967 0.021719158694580756 0.024533949541635507 0.034889215922723003 0.033077421518657689 -0.01530629358719213 0.029566442402715439
leaf_weight=474.48280523251742 207.91068021953106 7.9991092123091212 78.158188715577126 61.487971179187298 71.473237872123718 112.65125814825296 45.190774099901319 19.891901042312384 3.0696112513542166 2.556330978870391 136.24376841634512 24.216277331113815 9.4759291633963603 16.035342045128345
leaf_count=11456 315 167 166 138 167 2460 1025 43 6 3 283 54 59 39
internal_value=3.22885e-05 -0.00690327 -0.0142025 -0.018952 -0.0245448 -0.00903768 0.00781966 -0.0231798 -0.0330003 -0.034804 0.0315658 0.016293 0.0274305 0.0129978
internal_weight=1270.84 1062.93 894.473 816.315 729.316 254.833 116.664 138.169 118.277 115.208 168.459 32.2154 86.9992 25.5113
internal_count=16381 16066 15562 15396 15160 3704 1192 2512 2469 2463 504 221 236 98
is_linear=0
shrinkage=0.03


Tree=24
num_leaves=15
num_cat=0
split_feature=30 24 47 35 35 26 54 18 20 18 42 35 35 18
split_gain=313.311 294.78 171.853 118.045 53.0881 30.1634 49.6986 45.6179 44.6826 37.2846 39.4859 22.4452 82.5624 14.0378
threshold=1.0000000180025095e-35 1.0000000180025095e-35 1.0000000180025095e-35 1.0000000180025095e-35 0.62625000000000008 1.0000000180025095e-35 -0.46516695278692843 0.36038961038961043 5.5000000000000009 0.87867647058823539 1.0000000180025095e-35 0.51715000000000011 0.37565000000000009 0.54356060606060608
decision_type=2 2 2 2 2 2 2 2 2 2 2 2 2 2
left_child=1 2 3 5 11 6 7 -1 -7 10 13 12 -5 -9
right_child=-2 -3 -4 4 -6 8 -8 9 -10 -11 -12 -13 -14 -15
leaf_value=-0.034745170162434835 0.034715986345395501 0.030771420564535783 0.029930377463173608 0.033765249395064194 -0.032418559894103437 0.03313194322369406 -0.034108534885341289 -0.015091236892104485 -0.029833033233099653 -0.03354336725973036 -0.032771642834240534 0.034008138998912495 -0.03344779811679835 0.0048100200203921558
leaf_weight=92.730282090604305 198.05687239021063 160.40778339467943 73.840157374739647 37.611070930957794 21.252926645800471 19.606626093387604 258.75472686626017 38.48751050978899 17.142711836844683 49.212134525179863 36.474783414974809 42.491354405879974 26.173499484546483 148.42289503663778
leaf_count=2323 315 520 195 83 540 41 6654 714 330 1256 1134 92 654 1570
internal_value=0.000376404 -0.0063292 -0.0132868 -0.0174002 0.00891213 -0.0224895 -0.0240409 -0.0167632 0.00373643 -0.0104378 -0.00509506 0.0176235 0.00600652 0.000595682
internal_weight=1220.67 1022.61 862.201 788.361 127.529 660.832 624.082 365.328 36.7493 272.597 223.385 106.276 63.7846 186.91
internal_count=16421 16106 15586 15391 1369 14022 13651 6997 371 4674 3418 829 737 2284
is_linear=0
shrinkage=0.03


Tree=25
num_leaves=15
num_cat=0
split_feature=30 24 33 47 35 36 56 2 25 52 20 20 25 25
split_gain=284.046 279.607 183.709 189.666 159.199 147.145 72.6903 49.3213 6.14193 5.94261 1.96748 13.2487 7.06756 4.51685
threshold=1.0000000180025095e-35 1.0000000180025095e-35 1.0000000180025095e-35 1.0000000180025095e-35 1.0000000180025095e-35 1.0000000180025095e-35 1.0000000180025095e-35 1.0000000180025095e-35 1.0000000180025095e-35 1.9758354613039071 7.5000000000000009 4.5000000000000009 1.5000000000000002 11.500000000000002
decision_type=2 2 2 2 2 2 2 2 2 2 2 2 2 2
left_child=1 2 3 4 6 -6 8 -3 -1 -4 11 12 -10 -14
right_child=-2 7 9 -5 5 -7 -8 -9 10 -11 -12 -13 13 -15
leaf_value=-0.034759645162188525 0.034281062038126149 -0.032183668505149747 0.031421522591561515 0.030093405673161613 0.033927327009374002 -0.033844952163804877 0.031123636147288667 0.034676688578766372 -0.0059915648185720743 0.0078676055521330023 -0.033955469556300071 -0.010612438258710354 -0.034595726414697908 -0.005972334330424804
leaf_weight=331.48536883015186 179.75797994434834 9.1234102305024845 70.6311343498528 64.231214210391045 73.609442699700594 44.679695533588529 15.4454108774662 144.03693076968193 10.757712926715611 12.966673467308281 45.120492143556476 46.855597211048007 89.577645784243941 6.228750715032219
leaf_count=9186 299 192 182 177 172 1184 36 332 192 58 1045 809 2343 118
internal_value=-0.000127144 -0.00659595 -0.013622 -0.0184696 -0.0232453 0.00819155 -0.0300676 0.0303305 -0.031961 0.0280373 -0.0269884 -0.0245288 -0.0303395 -0.032895
internal_weight=1144.51 964.749 811.589 727.991 663.76 118.289 545.471 153.16 530.026 83.5978 198.54 153.42 106.564 95.8064
internal_count=16325 16026 15502 15262 15085 1356 13729 524 13693 240 4507 3462 2653 2461
is_linear=0
shrinkage=0.03


Tree=26
num_leaves=15
num_cat=0
split_feature=52 41 36 59 52 33 35 56 55 55 23 18 18 55
split_gain=247.09 140.802 97.3834 70.672 114.794 116.708 97.9669 79.9559 39.1016 37.4552 35.4511 18.1302 12.8134 9.88447
threshold=0.057316312316024874 1.5000000000000002 1.0000000180025095e-35 1.0000000180025095e-35 3.0714478637383658 1.0000000180025095e-35 1.0000000180025095e-35 1.0000000180025095e-35 1.1033848211771751 1.1993847220124871 0.81666666666666676 0.83974358974358987 0.65686274509803932 1.7390752298892835
decision_type=2 2 2 2 2 2 2 2 2 2 2 2 2 2
left_child=-1 2 3 4 5 6 7 9 12 -2 -8 -10 -6 -11
right_child=1 -3 -4 -5 8 -7 10 -9 11 13 -12 -13 -14 -15
leaf_value=-0.034005898396469787 -0.031930493780881475 -0.03319120800083572 -0.033555581155936681 0.026114788621740256 -0.031051880193175441 0.030088205754986511 -0.030320959706145331 0.032428003878245723 0.031097198169226521 -0.00048078259849503252 0.033647978237937991 -0.0097895165180894392 0.013081673917772785 -0.024817447300916593
leaf_weight=161.87187811173499 163.23587505146861 74.259974032640457 43.281902899965644 220.83424038998783 12.310345083475115 74.999982737004757 7.6012803986668578 23.355420410633087 173.42302018962801 60.392011726275086 48.833036363124847 9.4509586133062822 8.5982636827975494 18.028777152299881
leaf_count=4490 4346 2626 1205 975 324 206 178 60 435 788 123 183 65 493
internal_value=-1.03539e-05 0.00591236 0.0093408 0.0116781 0.00629752 -0.00312413 -0.0110114 -0.0186542 0.024479 -0.0238168 0.024289 0.0289011 -0.0133452 -0.00655378
internal_weight=1100.48 938.605 864.345 821.063 600.229 396.446 321.446 265.012 203.783 241.657 56.4343 182.874 20.9086 78.4208
internal_count=16497 12007 9381 8176 7201 6194 5988 5687 1007 5627 301 618 389 1281
is_linear=0
shrinkage=0.03


Tree=27
num_leaves=15
num_cat=0
split_feature=52 42 24 52 31 49 38 58 52 49 35 18 54 24
split_gain=230.544 133.677 77.0097 115.545 91.4899 65.7437 42.2122 49.983 54.2732 37.0315 36.946 17.9556 15.8066 14.35
threshold=0.057316312316024874 1.0000000180025095e-35 1.0000000180025095e-35 3.0714478637383658 1.0000000180025095e-35 1.0000000180025095e-35 1.0000000180025095e-35 1.0000000180025095e-35 0.58819978801451722 1.0000000180025095e-35 0.62625000000000008 0.48529411764705888 0.73044705301492863 1.0000000180025095e-35
decision_type=2 2 2 2 2 2 2 2 2 2 2 2 2 2
left_child=-1 2 3 4 5 -2 7 11 -9 12 -8 -7 -5 -3
right_child=1 13 -4 9 -6 6 10 8 -10 -11 -12 -13 -14 -15
leaf_value=-0.033765350132167637 -0.030117749392384121 -0.032139188052264796 0.029980904829616548 -0.0061087178752153356 0.027584515099088443 -0.032788378824706366 0.022951688198822852 0.029378821420187218 -0.015054453694518811 -0.010785061762454079 -0.030165805457218777 -0.0098973128306212004 0.031649940341212594 0.020376414317878105
leaf_weight=152.38885969948024 92.077966052107513 81.319303780794144 137.45376597717404 9.9902130439877492 74.754061792045832 58.271767143160105 79.235350901260972 48.629356145858765 46.613874981179833 22.325979393906891 12.012520108371971 68.355536560993642 163.29316481761634 3.658060807734727
leaf_count=4467 2712 2940 516 196 233 1643 508 166 790 339 335 1127 441 13
internal_value=0.000104503 0.00591447 0.00967529 0.00546748 -0.00247198 -0.00812531 -0.00150794 -0.00856285 0.00776995 0.0247757 0.0154619 -0.0207774 0.0294282 -0.029462
internal_weight=1050.38 897.991 813.014 675.56 479.95 405.196 313.118 221.871 95.2432 195.609 91.2479 126.627 173.283 84.9774
internal_count=16426 11959 9006 8490 7514 7281 4569 3726 956 976 843 2770 637 2953
is_linear=0
shrinkage=0.03


Tree=28
num_leaves=15
num_cat=0
split_feature=53 42 24 53 48 36 3 25 27 53 53 25 25 20
split_gain=148.571 133.815 80.7733 98.876 74.5597 38.8997 112.251 42.6381 28.8974 22.0945 11.4304 73.0069 33.1692 38.0602
threshold=0.010649154735001162 1.0000000180025095e-35 1.0000000180025095e-35 0.034778350081199443 1.0000000180025095e-35 1.0000000180025095e-35 1.0000000180025095e-35 1.5000000000000002 2.5000000000000004 2.5335011795332734 0.56450435462351634 1.0000000180025095e-35 1.0000000180025095e-35 2.5000000000000004
decision_type=2 2 2 2 2 2 2 2 2 2 2 2 2 2
left_child=-1 2 3 -2 5 6 7 9 -9 10 11 -5 -12 -14
right_child=1 -3 -4 4 -6 -7 -8 8 -10 -11 12 -13 13 -15
leaf_value=-0.03339226629611397 0.030629679435099585 -0.030946202812493852 0.029707772897668364 0.024748667345934585 0.029228898744394303 -0.032948020635528479 0.033083208940347317 -0.030312976844273316 0.029244888275390658 -0.025186563620852229 -0.015742168944716674 -0.030482971435350122 0.033210231508258144 -0.0076586998433440853
leaf_weight=105.16183806397021 102.01157205924392 86.980032624676824 125.8069730270654 68.526399547234178 62.70946166664362 39.066836527083069 66.465165589004755 88.739175822585821 6.4130069613456717 33.900752015411854 102.99660392012447 29.095322168432176 33.46078234910965 47.256303401663899
leaf_count=3186 233 3217 489 332 198 1196 182 2535 11 889 2252 801 90 726
internal_value=-9.5506e-06 0.0039856 0.00782043 0.00369968 -0.00113719 -0.00492677 -0.00250307 -0.008399 -0.0257795 -0.00302334 -0.00019375 0.00800585 -0.00459014 0.00967662
internal_weight=998.59 893.428 806.448 680.641 578.63 515.92 476.854 410.388 95.1522 315.236 281.335 97.6217 183.714 80.7171
internal_count=16337 13151 9934 9445 9212 9014 7818 7636 2546 5090 4201 1133 3068 816
is_linear=0
shrinkage=0.03


Tree=29
num_leaves=15
num_cat=0
split_feature=30 24 48 31 8 56 42 8 25 58 52 25 55 21
split_gain=230.317 210.287 117.716 124.579 119.788 63.2796 51.453 42.2175 17.3131 11.9547 24.0159 10.1476 9.85429 9.91837
threshold=1.0000000180025095e-35 1.0000000180025095e-35 1.0000000180025095e-35 1.0000000180025095e-35 1.0000000180025095e-35 1.0000000180025095e-35 1.0000000180025095e-35 1.0000000180025095e-35 5.5000000000000009 1.5000000000000002 1.5907004685830353 1.5000000000000002 -0.80796593050265264 16.500000000000004
decision_type=2 2 2 2 2 2 2 2 2 2 2 2 2 2
left_child=1 2 3 4 5 9 -5 -3 12 -1 -11 -12 -6 -14
right_child=-2 7 -4 6 8 -7 -8 -9 -10 10 11 -13 13 -15
leaf_value=-0.032981831861749161 0.033444526302058256 0.03375481019842573 0.028181699331741888 0.026637044346657517 -0.016407912985868984 0.030114097146426863 -0.030147037513812827 -0.031271086653029551 -0.027953569754566657 -0.027945495118666005 0.025833727975996385 -0.016712052007741646 0.017870717450172699 -0.022563558518538147
leaf_weight=353.08616672735661 154.76932016015053 117.72568593919277 56.148970246315002 73.46340724080801 8.2285850774496776 14.511399731039999 15.976381801068781 8.1779414154589158 8.9739100150763971 60.077192047610879 11.522182809188964 6.3378003872930995 77.043222368694842 4.1886478029191485
leaf_count=11540 304 331 187 248 218 42 556 189 297 1598 41 137 678 176
internal_value=0.000136198 -0.00625187 -0.0127736 -0.0164814 -0.0218705 -0.0284647 0.0160563 0.0291082 0.00794879 -0.0305669 -0.0190749 0.0105734 0.0120827 0.0152937
internal_weight=970.231 815.461 689.558 633.409 543.969 445.535 89.4398 125.904 98.4344 431.023 77.9372 17.86 89.4605 81.2319
internal_count=16542 16238 15718 15531 14727 13358 804 520 1369 13316 1776 178 1072 854
is_linear=0
shrinkage=0.03


Tree=30
num_leaves=15
num_cat=0
split_feature=52 43 52 23 33 26 38 35 35 54 53 52 18 35
split_gain=184.801 83.4651 60.5777 87.8733 69.4811 52.1806 70.5227 36.4832 32.0478 25.6023 21.6826 18.923 12.7032 11.8197
threshold=0.057316312316024874 1.0000000180025095e-35 3.0714478637383658 0.81666666666666676 1.0000000180025095e-35 1.0000000180025095e-35 1.0000000180025095e-35 0.62625000000000008 0.44150000000000006 0.66633028039823616 1.5665898578755073 0.4074831712993664 0.36038961038961043 0.51715000000000011
decision_type=2 2 2 2 2 2 2 2 2 2 2 2 2 2
left_child=-1 2 3 8 5 6 10 13 -2 -4 -5 -7 -12 -8
right_child=1 -3 9 4 -6 11 7 -9 -10 -11 12 -13 -14 -15
leaf_value=-0.033116387350567794 0.028093807449183824 -0.029163125167244112 -0.0046840695404083265 -0.031303001588197418 0.0275862841537837 0.032733581798989719 0.0074381968706120159 -0.030197813427666489 -0.030223337202465672 0.028019798328114982 -0.031212542201749478 -0.0014940154550524129 -0.0062026245882722073 0.032057040539271095
leaf_weight=130.00134130008519 123.50288601964712 56.694049304351211 24.520177770406008 114.76453367713839 53.705555610358715 30.84729853272438 42.60804321244359 15.384297870099543 7.4920901898294678 148.88657178170979 22.181219626218081 25.778097303584218 81.174500210210681 29.944306820631027
leaf_count=4471 569 2300 451 3542 187 90 599 525 182 574 814 347 1678 87
internal_value=-0.000291367 0.00526812 0.00804953 0.00312082 -0.00364361 -0.00839403 -0.0132926 0.00923845 0.0243541 0.0233947 -0.0223775 0.0176324 -0.0120606 0.0181865
internal_weight=907.485 777.484 720.79 547.383 416.388 362.682 306.057 87.9366 130.995 173.407 218.12 56.6254 103.356 72.5524
internal_count=16416 11945 9645 8620 7869 7682 7245 1211 751 1025 6034 437 2492 686
is_linear=0
shrinkage=0.03


Tree=31
num_leaves=15
num_cat=0
split_feature=30 24 33 53 46 56 53 55 53 53 53 53 46 55
split_gain=201.265 186.624 120.055 123.029 54.9587 34.7176 31.0531 16.4741 24.3076 25.3297 9.54883 9.1766 6.64162 6.6221
threshold=1.0000000180025095e-35 1.0000000180025095e-35 1.0000000180025095e-35 5.2036832726553373 1.5000000000000002 1.0000000180025095e-35 5.3997877885463827 -0.52434271947141931 0.4074831712993664 0.58819978801451722 0.99541586762856193 1.4066094126709543 2.5000000000000004 -0.79191296923547039
decision_type=2 2 2 2 2 2 2 2 2 2 2 2 2 2
left_child=1 2 3 4 5 7 -5 8 -1 13 -4 -11 -6 -10
right_child=-2 -3 10 6 12 -7 -8 -9 9 11 -12 -13 -14 -15
leaf_value=-0.033220910420526835 0.032910792561712587 0.028761418495131051 0.030293192453763731 0.032220283306448931 0.029301584237133121 0.027827833240884635 -0.02672243084028084 -0.032483437254844677 -0.020256382570527122 -0.030710142706745196 -0.0013852758479332705 -0.012824068887545913 0.0025079130449192342 0.013233578543734952
leaf_weight=85.804872203618288 136.46588405221701 111.88752553239465 53.588425621390343 49.423561438918114 13.370314478874205 9.3782324790954572 7.968041878193616 212.64097917638719 4.4572881907224646 43.161698412150145 9.9220422767102701 73.369012694805861 19.075935021042824 32.181458508595824
leaf_count=2920 297 512 167 174 45 31 346 7857 148 1327 67 1756 297 371
internal_value=-0.000243732 -0.00654708 -0.0130501 -0.0175655 -0.0224069 -0.0250641 0.0234126 -0.0262803 -0.0205369 -0.0130948 0.025453 -0.0198553 0.0146092 0.00832174
internal_weight=862.695 726.229 614.342 550.831 493.44 460.994 57.3916 451.615 238.974 153.169 63.5105 116.531 32.4462 36.6387
internal_count=16315 16018 15506 15272 14752 14410 520 14379 6522 3602 234 3083 342 519
is_linear=0
shrinkage=0.03


Tree=32
num_leaves=15
num_cat=0
split_feature=30 24 37 53 56 53 3 54 19 44 18 53 53 19
split_gain=189.791 177.282 131.683 102.779 40.0555 38.2465 34.4759 25.5813 30.1787 24.3492 49.6843 30.8262 11.5563 8.14534
threshold=1.0000000180025095e-35 1.0000000180025095e-35 1.0000000180025095e-35 5.2036832726553373 1.0000000180025095e-35 5.3997877885463827 1.0000000180025095e-35 -0.46516695278692843 5.5000000000000009 1.0000000180025095e-35 0.91287878787878796 2.5242680868836214 1.4066094126709543 2.5000000000000004
decision_type=2 2 2 2 2 2 2 2 2 2 2 2 2 2
left_child=1 2 3 4 7 -5 -3 8 9 10 11 13 -11 -1
right_child=-2 6 -4 5 -6 -7 -8 -9 -10 12 -12 -13 -14 -15
leaf_value=0.031669232618380436 0.032688440590524469 0.033058011231394825 0.032131273145634423 0.031451058578437587 0.028899421934155352 -0.029385024444838256 -0.029698434071729736 -0.031167649255343804 -0.02866527641833222 -0.031729709132481847 -0.031139317478446352 -0.029043328979090635 -0.00047424804149333668 0.0094699588751789715
leaf_weight=32.983311891555786 131.87118177860975 101.95636162161827 51.78412863612175 47.339566301554441 12.111967921257017 9.7926157163456065 7.0029439143836489 201.98578490503132 111.24804834928364 40.96454918757081 29.747524753212929 11.113175027072428 14.235337175428866 30.062737537547946
leaf_count=108 301 337 167 177 40 373 180 7263 3965 1314 1162 422 264 333
internal_value=-5.55159e-05 -0.00627898 -0.0127512 -0.0171451 -0.0216364 0.0203824 0.028562 -0.0230487 -0.0167985 -0.0082484 0.00039734 0.0135332 -0.0239677 0.0217004
internal_weight=834.199 702.328 593.369 541.585 484.452 57.1322 108.959 472.34 270.355 159.107 103.907 74.1592 55.1999 63.046
internal_count=16406 16105 15588 15421 14871 550 517 14831 7568 3603 2025 863 1578 441
is_linear=0
shrinkage=0.03


Tree=33
num_leaves=15
num_cat=0
split_feature=52 52 59 53 36 36 49 31 25 3 51 26 47 53
split_gain=159.702 70.9633 125.146 94.0184 36.9212 24.5524 23.0907 19.2363 47.1852 20.2701 18.783 14.3692 13.7528 11.4606
threshold=0.057316312316024874 3.0714478637383658 1.0000000180025095e-35 0.56450435462351634 1.0000000180025095e-35 1.0000000180025095e-35 1.0000000180025095e-35 1.0000000180025095e-35 1.5000000000000002 1.0000000180025095e-35 1.0000000180025095e-35 1.5000000000000002 1.0000000180025095e-35 2.054090377967555
decision_type=2 2 2 2 2 2 2 2 2 2 2 2 2 2
left_child=-1 2 3 4 7 -4 -3 8 9 -2 11 12 -5 -8
right_child=1 6 5 10 -6 -7 13 -9 -10 -11 -12 -13 -14 -15
leaf_value=-0.032576125522349196 -0.028233648941042952 0.028221250697285892 0.024150419878165307 -0.025475600571628523 -0.029978956199064891 -0.027489476723268354 -0.02010085467136918 0.030025002992141697 0.030364650451959605 0.02571326484496593 0.0098696586609059323 0.024206053806235295 0.020904304193301401 0.019329119652519076
leaf_weight=111.27632832154632 29.266194570809603 133.30553466547281 163.38075935654342 206.28278632648289 15.922977265901862 7.11135210096836 13.828085716813804 50.406201884150505 33.446187499910593 6.1726451814174643 15.613379136659203 4.1192486584186545 4.494317114353179 9.4730796553194505
leaf_count=4511 938 656 989 7550 610 232 300 174 155 19 220 9 14 84
internal_value=0.000455298 0.00583907 0.000622466 -0.00926926 0.0104937 0.0217027 0.0234675 0.0163012 0.00569511 -0.0179657 -0.0208525 -0.0231551 -0.0242995 -0.00380985
internal_weight=804.099 692.823 536.216 365.724 135.214 170.492 156.607 119.291 68.885 35.4388 230.51 214.896 210.777 23.3012
internal_count=16461 11950 10910 9689 1896 1221 1040 1286 1112 957 7793 7573 7564 384
is_linear=0
shrinkage=0.03


Tree=34
num_leaves=15
num_cat=0
split_feature=30 24 37 48 2 56 55 25 2 19 19 59 55 25
split_gain=168.425 153.213 116.184 101.849 31.018 30.5901 33.4662 39.5811 32.5439 38.4123 14.4952 7.43298 6.23788 3.01588
threshold=1.0000000180025095e-35 1.0000000180025095e-35 1.0000000180025095e-35 1.0000000180025095e-35 1.0000000180025095e-35 1.0000000180025095e-35 -0.52434271947141931 1.0000000180025095e-35 1.0000000180025095e-35 4.5000000000000009 2.5000000000000004 1.5000000000000002 -0.57756302579176755 11.500000000000002
decision_type=2 2 2 2 2 2 2 2 2 2 2 2 2 2
left_child=1 2 3 5 -3 6 7 8 -1 10 -10 -8 13 -9
right_child=-2 4 -4 -5 -6 -7 11 12 9 -11 -12 -13 -14 -15
leaf_value=-0.030536041629689963 0.032328616924549719 -0.028389335400368254 0.031742978895181392 0.027048224520178781 0.032771337927247214 0.027680190531193277 -0.032215852038374376 -0.028089317169285054 0.031144816634505725 -0.030839142665873575 0.0038567498880043897 0.018097128752146276 -0.0053636517208490329 -0.0026869406019033753
leaf_weight=24.244898717850447 119.63442415744066 6.6098612919449797 47.016036678105593 41.974805675446987 90.614673733711243 9.7617969512939435 187.97224340774119 123.24454352073371 33.19770035892725 16.815648330375552 36.173240188509226 1.4881297349929798 14.188779478892682 4.814775511622428
leaf_count=1027 301 185 171 181 332 37 8232 4313 128 630 504 2 334 119
internal_value=-3.22683e-05 -0.00618135 -0.0124287 -0.0167449 0.0281249 -0.0209138 -0.0221065 -0.0147691 -0.0012294 0.00752033 0.0174224 -0.0316358 -0.0251177 -0.0271902
internal_weight=757.752 638.117 540.893 493.877 97.2245 451.902 442.14 252.68 110.431 86.1866 69.3709 189.46 142.248 128.059
internal_count=16496 16195 15678 15507 517 15326 15289 7055 2289 1262 632 8234 4766 4432
is_linear=0
shrinkage=0.03


Tree=35
num_leaves=15
num_cat=0
split_feature=53 42 36 13 53 58 19 19 31 22 53 53 26 22
split_gain=95.6067 77.4258 54.5225 53.7677 33.4496 74.9428 70.5876 20.9641 39.5428 38.8112 15.7346 13.6456 12.0601 11.9495
threshold=0.010649154735001162 1.0000000180025095e-35 1.0000000180025095e-35 1.0000000180025095e-35 0.56450435462351634 1.5000000000000002 2.5000000000000004 3.5000000000000004 1.0000000180025095e-35 0.81666666666666676 1.6075917436324201 2.5467889716101815 1.0000000180025095e-35 0.81666666666666676
decision_type=2 2 2 2 2 2 2 2 2 2 2 2 2 2
left_child=-1 2 3 4 7 6 -6 8 9 -2 12 -12 -8 -7
right_child=1 -3 -4 -5 5 13 10 -9 -10 -11 11 -13 -14 -15
leaf_value=-0.032035947944084625 0.028716108934916884 -0.027571848060887385 -0.031752597742444336 -0.030790839627556247 0.027175924860854413 0.031546173796698773 -0.029344390113697858 0.029825954029322414 0.028753610432774367 -0.031042744851921007 0.0021156834931176875 -0.024969393155719066 0.0036807450859577999 0.013205023444750209
leaf_weight=72.276691690087318 12.819903686642645 61.614139938727021 28.652537235990167 26.61090316157788 43.338081801310182 68.32148515433073 67.027531211264431 110.80976555868983 44.121110834181309 27.393349209800363 57.884115955792367 21.399428185075521 11.142020307481287 67.685034045949578
leaf_count=3230 54 3172 1180 1168 350 268 2714 402 170 936 1074 745 194 693
internal_value=0.000210332 0.00388989 0.00727348 0.00938158 0.0114991 0.00571403 -0.00593057 0.0213241 0.00972114 -0.0115338 -0.0152695 -0.00562935 -0.0246627 0.0227422
internal_weight=721.096 648.819 587.205 558.553 531.942 336.798 200.791 195.144 84.3344 40.2133 157.453 79.2835 78.1696 136.007
internal_count=16350 13120 9948 8768 7600 6038 5077 1562 1160 990 4727 1819 2908 961
is_linear=0
shrinkage=0.03


Tree=36
num_leaves=15
num_cat=0
split_feature=22 55 33 2 18 36 25 18 2 18 55 25 59 18
split_gain=87.108 97.7012 72.0001 75.3148 48.5712 43.778 56.2983 64.2965 27.2066 18.8465 15.7829 8.59888 8.1239 17.3874
threshold=0.81666666666666676 2.396616099697257 1.0000000180025095e-35 1.0000000180025095e-35 0.87083333333333346 1.0000000180025095e-35 1.0000000180025095e-35 0.74166666666666681 1.0000000180025095e-35 0.44949494949494956 1.1513862172983296 1.5000000000000002 1.0000000180025095e-35 0.37980769230769235
decision_type=2 2 2 2 2 2 2 2 2 2 2 2 2 2
left_child=8 2 3 4 5 6 7 9 -1 -2 -8 -12 -5 -14
right_child=1 -3 -4 12 -6 -7 10 -9 -10 -11 11 -13 13 -15
leaf_value=-0.027487368990563317 -0.031558175560784475 0.027964931372021329 0.024534425889657405 -0.030630273203492511 -0.031395588907494096 -0.031651322029282204 0.032136560130553 0.025395154607639882 0.032438363807607833 -0.0043291001497163441 -0.0089602455758078185 0.028283758098900529 -0.031924636549829771 0.0045558633747954909
leaf_weight=5.9257080834358922 48.718249346129596 74.329490401782095 52.064217261970043 138.93553094472736 42.541214047931135 27.708207647316158 67.872405869886279 40.379185220226645 81.928556889295578 43.008618319407105 16.034740674309436 6.1001427471637717 22.812465192750096 21.516487251967192
leaf_count=176 2339 396 245 6762 1986 1191 272 240 336 894 298 13 941 291
internal_value=0.000316263 -0.00378436 -0.0083452 -0.012032 -0.00253066 0.00259495 0.00711144 -0.00536289 0.0278746 -0.0191559 0.0251389 0.00279706 -0.0269986 -0.0147854
internal_weight=689.875 602.021 527.691 475.627 292.363 249.822 222.113 132.106 87.8543 91.7269 90.0073 22.1349 183.264 44.329
internal_count=16380 15868 15472 15227 7233 5247 4056 3473 512 3233 583 311 7994 1232
is_linear=0
shrinkage=0.03


Tree=37
num_leaves=15
num_cat=0
split_feature=53 42 18 24 53 37 33 55 2 53 58 53 58 53
split_gain=82.405 72.8084 45.976 36.5667 49.3861 47.0516 49.0237 78.5808 26.1824 25.1666 41.0404 10.7522 10.6701 12.4727
threshold=0.010649154735001162 1.0000000180025095e-35 0.12916666666666668 1.0000000180025095e-35 0.034778350081199443 1.0000000180025095e-35 1.0000000180025095e-35 0.42579027935517261 1.0000000180025095e-35 5.2036832726553373 1.0000000180025095e-35 1.6075917436324201 1.5000000000000002 1.5665898578755073
decision_type=2 2 2 2 2 2 2 2 2 2 2 2 2 2
left_child=-1 2 -2 4 -4 6 7 12 -5 10 11 -9 -6 -14
right_child=1 -3 3 8 5 -7 -8 9 -10 -11 -12 -13 13 -15
leaf_value=-0.031723335953519796 -0.030304507815198032 -0.028227215923515899 0.028636050031422305 -0.027318939656803886 -0.03050590815643275 0.030870002727529405 0.023567691681384163 -0.026133542126399279 0.032154538614093273 0.02732895188166462 0.022618413602734092 -0.0018887050562004797 -0.027108757460767362 0.0070421167799447834
leaf_weight=63.721322032622993 26.122848805040121 56.160844002850354 68.025021037086844 5.7871712557971469 90.452454077079892 40.229626759886742 51.13090118393302 34.428760530427098 75.402850598096848 38.332270908169448 40.313422298058867 30.647122743539512 17.28899597376585 17.909606589004397
leaf_count=3180 1372 3239 238 182 4082 173 253 1316 328 288 241 715 500 312
internal_value=0.000153319 0.00367832 0.00711336 0.00914105 0.00557999 0.0010983 -0.00280692 -0.00795 0.0273604 0.00717552 -0.000527155 -0.0151123 -0.0250922 -0.0102879
internal_weight=655.953 592.232 536.071 509.948 428.758 360.733 320.504 269.373 81.19 143.722 105.389 65.0759 125.651 35.1986
internal_count=16419 13239 10000 8628 8118 7880 7707 7454 510 2560 2272 2031 4894 812
is_linear=0
shrinkage=0.03


Tree=38
num_leaves=15
num_cat=0
split_feature=30 22 37 33 47 59 2 25 19 21 19 25 25 58
split_gain=139.169 113.958 91.3032 101.679 112.656 24.3912 24.3552 13.0258 32.0737 5.21801 4.09855 2.13354 1.75311 1.80047
threshold=1.0000000180025095e-35 0.81666666666666676 1.0000000180025095e-35 1.0000000180025095e-35 1.0000000180025095e-35 1.0000000180025095e-35 1.0000000180025095e-35 1.5000000000000002 4.5000000000000009 14.500000000000002 6.5000000000000009 10.500000000000002 2.5000000000000004 2.5000000000000004
decision_type=2 2 2 2 2 2 2 2 2 2 2 2 2 2
left_child=1 6 3 4 5 -3 -1 8 -7 -5 12 -12 -9 -14
right_child=-2 2 -4 9 -6 7 -8 10 -10 -11 11 -13 13 -15
leaf_value=-0.026700520618596894 0.031921789550576951 -0.03175599315394486 0.03067920697856525 0.02724426575984194 0.026940894976991665 -0.031123634482722436 0.031942888251328891 0.016368724812173455 0.026443229437345728 -0.001733410947951343 -0.03130036111882354 -0.00015214010915237899 -0.01999395041937535 0.010254301410554808
leaf_weight=5.4947830736637107 99.689026080071926 258.56451538018882 38.770885672420263 42.190258048474789 36.349402248859406 12.789079975336788 70.267770349979401 1.5647182762622858 19.222551975399256 6.1388086192309848 22.507077232003216 2.1743280272930852 2.7510365741327405 1.2811937630176542
leaf_count=184 301 13383 173 197 192 286 326 3 101 53 1033 50 110 11
internal_value=-0.000186668 -0.0064401 -0.0122573 -0.0164927 -0.0220241 -0.0277038 0.0271124 -0.0104185 0.00296672 0.0236409 -0.023877 -0.0287734 -0.000394336 -0.0101696
internal_weight=619.755 520.066 444.304 405.533 357.204 320.855 75.7626 62.29 32.0116 48.3291 30.2784 24.6814 5.59695 4.03223
internal_count=16403 16102 15592 15419 15169 14977 510 1594 387 250 1207 1083 124 121
is_linear=0
shrinkage=0.03


Tree=39
num_leaves=15
num_cat=0
split_feature=30 24 37 33 48 58 2 44 19 44 21 20 20 44
split_gain=123.603 107.075 74.208 90.9204 98.8226 31.9904 23.4821 22.4129 29.177 5.3335 4.07196 1.19627 1.29377 1.13928
threshold=1.0000000180025095e-35 1.0000000180025095e-35 1.0000000180025095e-35 1.0000000180025095e-35 1.0000000180025095e-35 1.5000000000000002 1.0000000180025095e-35 1.5000000000000002 4.5000000000000009 10.500000000000002 14.500000000000002 4.5000000000000009 5.5000000000000009 5.5000000000000009
decision_type=2 2 2 2 2 2 2 2 2 2 2 2 2 2
left_child=1 2 3 4 5 -1 -3 8 -7 11 -5 -9 13 -13
right_child=-2 6 -4 10 -6 7 -8 9 -10 -11 -12 12 -14 -15
leaf_value=-0.031185363851135975 0.031721273779895393 -0.026157355195222467 0.030028648723113376 0.026052328333241177 0.027015178907556375 -0.028141669224655268 0.032019674164053512 -0.030879590895623654 0.028493901765746232 0.0057722175632377972 0.0014941150087087007 -0.012868444607742108 -0.021283358312288694 0.01045918221841656
leaf_weight=239.38376280991361 92.540105007588863 5.3684874279424539 33.710254434496164 41.151789534837008 33.569605484604836 10.448406208306549 68.404703207314014 24.668837755918506 22.412901977077127 4.2474504774436346 7.3661267012357703 1.2079676892608397 3.2298975763842463 2.5877352263778448
leaf_count=13038 295 185 163 201 188 270 332 1293 107 94 59 50 139 44
internal_value=0.000266027 -0.00568548 -0.0115097 -0.0152324 -0.0206934 -0.0260308 0.0272075 -0.00772237 0.00990496 -0.0235114 0.0225306 -0.0275455 -0.0115901 0.00115644
internal_weight=590.298 497.758 423.985 390.274 341.757 308.187 73.7732 68.8032 32.8613 35.9419 48.5179 31.6944 7.0256 3.7957
internal_count=16458 16163 15646 15483 15223 15035 517 1997 377 1620 260 1526 233 94
is_linear=0
shrinkage=0.03


Tree=40
num_leaves=15
num_cat=0
split_feature=30 22 37 52 31 56 19 8 27 59 52 52 9 19
split_gain=118.908 102.403 72.8404 60.2053 64.0229 27.3891 21.4822 20.2671 12.9041 9.213 6.37373 5.91252 12.6499 5.56886
threshold=1.0000000180025095e-35 0.81666666666666676 1.0000000180025095e-35 3.438811922224569 1.0000000180025095e-35 1.0000000180025095e-35 4.5000000000000009 1.0000000180025095e-35 1.0000000180025095e-35 1.0000000180025095e-35 2.9057986818614658 1.5907004685830353 1.0000000180025095e-35 2.5000000000000004
decision_type=2 2 2 2 2 2 2 2 2 2 2 2 2 2
left_child=1 7 3 4 5 9 10 -1 13 -3 -6 -11 -13 -5
right_child=-2 2 -4 8 6 -7 -8 -9 -10 11 -12 12 -14 -15
leaf_value=0.031817083618783042 0.031442666112111162 -0.030147133581558131 0.029886886848519163 0.030272082156630839 0.025227949429463215 0.025719789998833901 -0.027856276147785439 -0.025103316543305755 -0.023037228178486906 -0.020182733928453284 -0.0080787713771894015 -0.02679713729087067 0.028437399307981923 0.0034861336877310264
leaf_weight=63.309035539627075 88.031480722129345 219.19557967875153 32.273148830980062 26.681516550481319 34.156295839697123 7.4977345317602149 8.379695166833697 4.6998379910364738 4.5832676198333493 36.820595420897007 5.0659219482913604 4.824783977121113 6.2785254530608654 9.9862584229558689
leaf_count=329 299 12542 166 159 235 38 441 177 223 1357 86 160 23 179
internal_value=-0.000119001 -0.00621947 -0.0120844 -0.0159543 -0.0203232 -0.0258664 0.0114093 0.0272788 0.0175343 -0.0274948 0.0207428 -0.0146417 0.0040093 0.0235347
internal_weight=551.784 463.752 395.743 363.47 322.219 274.617 47.6019 68.0089 41.251 267.119 39.2222 47.9239 11.1033 36.6678
internal_count=16414 16115 15609 15443 14882 14120 762 506 561 14082 321 1540 183 338
is_linear=0
shrinkage=0.03


Tree=41
num_leaves=15
num_cat=0
split_feature=30 22 37 47 14 44 56 3 12 10 44 52 52 44
split_gain=114.22 89.2138 69.5642 68.0563 34.7638 28.2488 22.4062 19.8167 8.34785 8.02036 2.59655 6.71065 6.00336 6.18156
threshold=1.0000000180025095e-35 0.81666666666666676 1.0000000180025095e-35 1.0000000180025095e-35 1.0000000180025095e-35 1.0000000180025095e-35 1.0000000180025095e-35 1.0000000180025095e-35 1.0000000180025095e-35 1.0000000180025095e-35 1.0000000180025095e-35 1.7580705148130871 2.1245140192200878 6.5000000000000009
decision_type=2 2 2 2 2 2 2 2 2 2 2 2 2 2
left_child=1 7 3 4 6 -6 8 -1 9 10 -3 -12 13 -13
right_child=-2 2 -4 -5 5 -7 -8 -9 -10 -11 11 12 -14 -15
leaf_value=0.031495176162620146 0.03127340971689848 -0.030226231960926674 0.029796330996437151 0.024857759934971382 0.024167765001010668 -0.028246804877324554 0.025074718083015611 -0.025016124850370355 0.0054707230252506378 -0.00015392724953480587 -0.026522589153581962 0.025006799015718794 -0.018168960828206751 -0.018982795621511912
leaf_weight=57.140309929847717 85.5046566426754 144.421447198838 31.205074679106474 31.890788115561008 25.386428763158619 12.048810828477142 6.6990786567330352 4.6935623576864591 7.1268068840727201 10.34487190376967 79.902690974995494 6.1235112082213181 15.490330147556959 2.6873026741668582
leaf_count=316 307 9001 168 198 190 678 36 185 146 223 4066 56 617 140
internal_value=-1.31434e-05 -0.00627558 -0.011826 -0.0157735 -0.0200828 0.00672076 -0.0237831 0.0265562 -0.025191 -0.0260702 -0.0271387 -0.022371 -0.00774172 0.0105603
internal_weight=520.666 435.161 373.327 342.122 310.231 37.4352 272.796 61.8339 266.097 258.97 248.625 104.204 24.3011 8.81081
internal_count=16327 16020 15519 15351 15153 868 14285 501 14249 14103 13880 4879 813 196
is_linear=0
shrinkage=0.03


Tree=42
num_leaves=15
num_cat=0
split_feature=30 24 37 33 48 56 2 59 53 53 52 53 44 52
split_gain=109.477 90.5592 67.6506 72.6245 72.7452 28.2556 18.7431 11.1148 15.9148 7.71818 5.97633 4.20228 3.56155 3.51747
threshold=1.0000000180025095e-35 1.0000000180025095e-35 1.0000000180025095e-35 1.0000000180025095e-35 1.0000000180025095e-35 1.0000000180025095e-35 1.0000000180025095e-35 1.0000000180025095e-35 1.5665898578755073 0.99541586762856193 1.5907004685830353 2.8636420052419664 10.500000000000002 4.5822232970114634
decision_type=2 2 2 2 2 2 2 2 2 2 2 2 2 2
left_child=1 2 3 4 5 7 -3 -1 -9 -5 12 -11 -10 -6
right_child=-2 6 -4 9 13 -7 -8 8 10 11 -12 -13 -14 -15
leaf_value=-0.031012884326286478 0.03120845876374442 -0.024521967164941559 0.029606505117657847 0.02744299378566846 -0.0011203586558656605 0.025683446725918498 0.031439569906445704 -0.026022150458324234 -0.020271944533434963 0.013768975630677732 0.025505831697980354 -0.024278399114398747 0.014057975181029813 0.027003469877662532
leaf_weight=205.86871028877795 82.769490465521812 4.4634170280769458 30.293148074299097 32.260244868695736 4.5370210781693485 7.647011585533618 57.51266372948885 29.814127385616302 5.1067541595548374 3.3564736973494282 7.9617610536515713 3.2720153257250786 2.6513801794499159 24.318809121847153
leaf_count=13420 315 187 173 172 23 43 338 1270 196 16 47 57 38 165
internal_value=0.000103602 -0.00615899 -0.0119912 -0.0160038 -0.0212067 -0.0262452 0.0267687 -0.028015 -0.0137263 0.0216676 0.00989872 -0.00628649 -0.00806289 0.0227955
internal_weight=501.833 419.064 357.087 326.794 287.906 259.05 61.9761 251.403 45.534 38.8887 15.7199 6.62849 7.75813 28.8558
internal_count=16460 16145 15620 15447 15202 15014 525 14971 1551 245 281 73 234 188
is_linear=0
shrinkage=0.03


Tree=43
num_leaves=15
num_cat=0
split_feature=30 24 37 33 47 56 37 59 55 19 19 25 25 25
split_gain=96.4103 81.5546 65.3253 70.4243 71.286 22.2458 16.9529 10.4251 3.15594 4.21197 2.99949 13.8165 5.96401 4.29829
threshold=1.0000000180025095e-35 1.0000000180025095e-35 1.0000000180025095e-35 1.0000000180025095e-35 1.0000000180025095e-35 1.0000000180025095e-35 1.0000000180025095e-35 1.0000000180025095e-35 -0.65135202080771037 2.5000000000000004 4.5000000000000009 1.5000000000000002 5.5000000000000009 1.5000000000000002
decision_type=2 2 2 2 2 2 2 2 2 2 2 2 2 2
left_child=1 2 3 4 5 7 -3 -1 -5 -10 13 -12 -13 -9
right_child=-2 6 -4 8 -6 -7 -8 10 9 -11 11 12 -14 -15
leaf_value=-0.031402467926837811 0.030776640944988484 0.031189508222745115 0.029281615100666625 0.02739461721444706 0.021975554927508075 0.024279708911927541 -0.023703811751233282 -0.03338964228080387 0.021890005839851779 -0.0093227327572250364 0.020280265028432973 -0.029893939937118221 0.0012633796087925765 0.012901371567985183
leaf_weight=192.1503803441301 72.380184061825275 51.859821213409305 29.456768050789833 25.248236611485481 28.701057560741901 5.994506210088729 4.1409507654607287 8.9593260027468169 6.0165114887058717 5.9289708267897367 8.9274966083466989 15.708462121430786 7.8109319526702157 1.0646393895149238
leaf_count=13374 292 324 179 142 195 36 186 276 36 58 60 979 228 2
internal_value=-0.000551499 -0.00646337 -0.0120741 -0.0162126 -0.0215607 -0.0268921 0.0264531 -0.0283937 0.0216365 0.00728277 -0.0139813 -0.0085746 -0.0202583 -0.0271449
internal_weight=464.348 391.968 335.967 306.511 269.317 240.616 56.0008 234.621 37.1937 11.9455 42.4709 32.4469 23.5194 10.024
internal_count=16367 16075 15565 15386 15150 14955 510 14919 236 94 1545 1267 1207 278
is_linear=0
shrinkage=0.03


Tree=44
num_leaves=15
num_cat=0
split_feature=30 24 37 48 14 44 2 59 11 12 18 18 44 54
split_gain=97.0174 77.7582 59.3783 45.3121 23.8167 23.0113 17.0896 13.4525 10.6926 9.71639 7.03484 11.9277 7.95963 4.41935
threshold=1.0000000180025095e-35 1.0000000180025095e-35 1.0000000180025095e-35 1.0000000180025095e-35 1.0000000180025095e-35 1.0000000180025095e-35 1.0000000180025095e-35 1.0000000180025095e-35 1.0000000180025095e-35 1.0000000180025095e-35 0.13809523809523813 0.45993589743589752 1.5000000000000002 -0.72116704021105715
decision_type=2 2 2 2 2 2 2 2 2 2 2 2 2 2
left_child=1 2 3 4 7 -6 -3 8 9 -1 -9 12 -12 -13
right_child=-2 6 -4 -5 5 -7 -8 10 -10 -11 11 13 -14 -15
leaf_value=-0.029232131536410775 0.031329828219992126 -0.024149796710940811 0.028840703910771023 0.021449856205192842 0.023392534785588358 -0.027703298197047584 0.031136843890162871 -0.027359809233876188 0.0080018387948246963 0.0061017291820482733 0.028516029194718968 0.0013183830155946569 -0.0061826925574519137 -0.029608767114124898
leaf_weight=172.25161947309971 72.588725283741951 4.1032129023224106 27.541883923113346 25.010560594499111 19.881310612894595 10.490377589128913 50.585006862878799 10.889236148912458 6.9805721445009103 6.6431870888918629 11.000825184397401 5.9919744227081528 9.8805571664124709 10.469733260571958
leaf_count=12411 306 188 179 180 173 686 336 803 157 153 59 92 305 366
internal_value=9.14503e-05 -0.00614373 -0.0118671 -0.0159113 -0.0195788 0.00512283 0.0262831 -0.0227997 -0.0264492 -0.0278671 -0.00824262 -0.0015606 0.0129921 -0.0194282
internal_weight=444.309 371.72 317.032 289.49 264.479 30.3717 54.6882 234.108 185.875 178.895 48.2323 37.3431 20.8814 16.4617
internal_count=16394 16088 15564 15385 15205 859 524 14346 12721 12564 1625 822 364 458
is_linear=0
shrinkage=0.03


Tree=45
num_leaves=15
num_cat=0
split_feature=30 22 37 33 48 59 2 20 20 52 19 52 52 52
split_gain=89.038 69.0983 53.0365 65.7281 61.2777 21.3304 14.6911 6.74388 10.9793 4.6842 2.92933 2.71739 2.68485 2.51884
threshold=1.0000000180025095e-35 0.81666666666666676 1.0000000180025095e-35 1.0000000180025095e-35 1.0000000180025095e-35 1.0000000180025095e-35 1.0000000180025095e-35 1.5000000000000002 7.5000000000000009 0.4074831712993664 8.5000000000000018 4.5822232970114634 1.7580705148130871 1.9758354613039071
decision_type=2 2 2 2 2 2 2 2 2 2 2 2 2 2
left_child=1 6 3 4 5 -3 -1 -7 9 -9 12 -6 -11 -5
right_child=-2 2 -4 13 11 7 -8 8 -10 10 -12 -13 -14 -15
leaf_value=-0.022417230044391671 0.031128970782676679 -0.030502657899744899 0.028678726847877006 0.02595669390978287 -0.00016724572680878498 -0.026855938285830678 0.030952503893821863 0.02640013000585369 -0.026303406935703544 -0.0035824931369079003 -0.020396435549545247 0.025872243751466059 0.018389460186083492 0.0050317456390892596
leaf_weight=3.7145963995717457 68.195229269564152 172.91269396897405 25.625755589455366 28.335393257439137 4.2275388017296818 9.9060148065909726 46.164036318659782 7.3023760616779354 9.0290937535464746 10.801417449489241 2.8117328267544499 21.594447322189808 6.5602272674441329 7.5862607080489388
leaf_count=180 303 13428 175 198 23 773 328 40 280 307 138 173 64 60
internal_value=0.000231877 -0.00581794 -0.0111724 -0.0149827 -0.0205416 -0.0256916 0.0262669 -0.00724737 -0.000807795 0.00878684 0.000604994 0.0219035 0.00576175 0.022036
internal_weight=424.767 356.572 306.693 281.067 245.146 219.324 49.8786 46.4109 36.5048 27.4758 20.1734 25.822 17.3616 35.9217
internal_count=16470 16167 15659 15484 15226 15030 508 1602 829 549 509 196 371 258
is_linear=0
shrinkage=0.03


Tree=46
num_leaves=15
num_cat=0
split_feature=30 24 37 31 48 59 42 8 26 52 44 18 44 52
split_gain=82.2109 67.9525 49.7432 42.6637 53.1006 22.7944 15.0381 13.9656 8.33543 9.53216 5.86001 5.36586 4.17622 2.48677
threshold=1.0000000180025095e-35 1.0000000180025095e-35 1.0000000180025095e-35 1.0000000180025095e-35 1.0000000180025095e-35 1.0000000180025095e-35 1.0000000180025095e-35 1.0000000180025095e-35 1.0000000180025095e-35 1.7580705148130871 10.500000000000002 0.57738095238095244 1.5000000000000002 4.5822232970114634
decision_type=2 2 2 2 2 2 2 2 2 2 2 2 2 2
left_child=1 2 3 4 5 -1 -5 -3 9 10 -7 -10 -11 -6
right_child=-2 7 -4 6 13 8 -8 -9 11 12 -12 -13 -14 -15
leaf_value=-0.030263199738043416 0.031224525020436378 0.030883327595297865 0.028285921126480085 0.021400523812856013 -0.00039362952090061924 -0.026718965738661594 -0.024223439056711312 -0.02188000569143695 0.026590088720225811 0.025321447922724376 0.013072420180294279 -0.011796346439915714 -0.010753589942383939 0.025463241874804438
leaf_weight=155.22134117386304 64.183247230947018 46.183694131672382 24.688209399580956 33.347046580165625 3.8906442448496845 22.827393011422831 6.216671692673116 3.5747363092377773 7.8440755531191808 5.3424865882843715 2.6250700838863841 3.5120413862168789 3.2995930127799511 19.584598794579506
leaf_count=12870 307 346 182 251 22 1318 526 184 47 21 43 86 107 162
internal_value=0.000635569 -0.00531975 -0.0109355 -0.0147926 -0.0198453 -0.0248444 0.013411 0.0263937 -0.00584261 -0.0131313 -0.0219617 0.0147298 0.0121154 0.0214834
internal_weight=402.341 338.158 288.399 263.711 224.147 200.672 39.5637 49.7584 45.4507 34.0945 25.4525 11.3561 8.64208 23.4752
internal_count=16472 16165 15635 15453 14676 14492 777 530 1622 1489 1361 133 128 184
is_linear=0
shrinkage=0.03


Tree=47
num_leaves=15
num_cat=0
split_feature=24 55 33 2 25 36 55 2 55 59 55 49 25 25
split_gain=37.4239 44.4676 32.8135 27.4878 17.7256 36.3689 19.2392 13.1582 11.1383 10.3036 5.87337 5.4043 5.40221 4.84633
threshold=1.0000000180025095e-35 2.396616099697257 1.0000000180025095e-35 1.0000000180025095e-35 1.0000000180025095e-35 1.0000000180025095e-35 0.94434472028298722 1.0000000180025095e-35 1.1513862172983296 1.0000000180025095e-35 1.7390752298892835 1.0000000180025095e-35 1.5000000000000002 1.5000000000000002
decision_type=2 2 2 2 2 2 2 2 2 2 2 2 2 2
left_child=1 2 3 4 6 8 -1 -2 -6 -5 11 -8 -10 -11
right_child=7 -3 -4 9 5 -7 10 -9 12 13 -12 -13 -14 -15
leaf_value=-0.030008419769145939 -0.021705965423046966 0.026199029591086994 0.020271546858931185 -0.028679241796021736 0.029607587221778548 -0.029015264605861853 0.012720939050693011 0.030551975053740108 -0.01390022849996457 0.0052614841394084001 -0.017171903645283565 -0.0061423700995849526 0.02300592988185747 -0.017740932775408395
leaf_weight=30.406343201175332 3.4191675065085283 38.287417239509523 32.421565521508455 74.018371332902461 36.267532031051815 15.217439763480796 24.991952035576105 39.834240302443504 9.3378437105566245 14.04165341332555 14.697080710902808 25.929555459180847 3.2278963774442664 15.769529665354638
leaf_count=2731 188 386 256 6844 278 1212 783 319 304 267 1010 903 10 978
internal_value=3.02891e-05 -0.00341336 -0.00738947 -0.0109146 -0.00303105 0.00902511 -0.0110928 0.0256443 0.0215545 -0.0227819 -0.0016994 0.00324649 -0.00256259 -0.00725673
internal_weight=377.868 334.614 296.327 263.905 160.076 64.0507 96.0249 43.2534 48.8333 103.83 65.6186 50.9215 12.5657 29.8112
internal_count=16469 15962 15576 15320 7231 1804 5427 507 592 8089 2696 1686 314 1245
is_linear=0
shrinkage=0.03


Tree=48
num_leaves=15
num_cat=0
split_feature=24 1 31 3 36 18 19 49 25 3 59 18 18 18
split_gain=36.3132 36.3244 26.3082 22.4286 32.5392 21.1411 13.7912 13.5298 13.6071 11.9328 8.57412 11.8303 9.59763 8.27488
threshold=1.0000000180025095e-35 1.0000000180025095e-35 1.0000000180025095e-35 1.0000000180025095e-35 1.0000000180025095e-35 0.87083333333333346 4.5000000000000009 1.0000000180025095e-35 1.0000000180025095e-35 1.0000000180025095e-35 1.0000000180025095e-35 0.35504201680672276 0.63961038961038974 0.24264705882352944
decision_type=2 2 2 2 2 2 2 2 2 2 2 2 2 2
left_child=1 2 3 10 -5 7 -4 13 -9 -2 -1 -12 -13 -3
right_child=9 5 6 4 -6 -7 -8 8 -10 -11 11 12 -14 -15
leaf_value=-0.028405497784819142 0.030484734371793769 -0.018455985065743998 0.019555566195924742 0.027501140458647624 -0.028556837898017561 -0.02734221978887149 -0.025245604249507402 -0.010803291383406669 0.018083871806920216 -0.020765227148808511 -0.028957685093548905 0.021050846482509468 -0.024520805010708292 0.024556985723852742
leaf_weight=87.322250905679539 37.76869235932827 2.9022782603278747 28.677280815783888 19.732434701174498 14.339663157239555 11.496347891166804 5.9229546440765253 32.243564302567393 23.701143752317876 3.1644555171951643 11.886897799558939 11.985587601549925 4.0363422483205786 57.942405261099339
leaf_count=8413 322 332 327 160 1189 1036 453 1508 352 180 949 127 184 775
internal_value=-0.000139657 -0.00367515 -0.0121678 -0.0175933 0.00363321 0.00849933 0.0109259 0.0124284 0.00163661 0.0257399 -0.0238246 -0.00855065 0.00812302 0.0219832
internal_weight=353.122 312.189 183.903 149.303 34.0721 128.286 34.6002 116.789 55.9447 40.9331 115.231 27.9088 16.0219 60.8447
internal_count=16307 15805 11802 11022 1349 4003 780 2967 1860 502 9673 1260 311 1107
is_linear=0
shrinkage=0.03


Tree=49
num_leaves=15
num_cat=0
split_feature=30 24 37 33 47 3 25 18 25 20 25 18 19 19
split_gain=70.9967 54.2791 39.403 44.2904 42.0662 11.3171 8.55284 6.33776 3.13173 13.8458 3.96559 3.4606 3.00282 2.40838
threshold=1.0000000180025095e-35 1.0000000180025095e-35 1.0000000180025095e-35 1.0000000180025095e-35 1.0000000180025095e-35 1.0000000180025095e-35 1.0000000180025095e-35 0.77350427350427364 1.5000000000000002 5.5000000000000009 10.500000000000002 0.63961038961038974 3.5000000000000004 2.5000000000000004
decision_type=2 2 2 2 2 2 2 2 2 2 2 2 2 2
left_child=1 2 3 4 6 -3 -1 -6 9 -8 12 -11 -10 -5
right_child=-2 5 -4 13 7 -7 8 -9 10 11 -12 -13 -14 -15
leaf_value=-0.031283782139164794 0.030678807645910473 0.030388899722491553 0.027759444688612619 0.026893313862361792 -0.01156834515760383 -0.020524398761068499 0.017619473708886477 0.024898314275522623 0.011304616005468187 -0.0054095215725761129 0.00039030022316325274 -0.028259609601533436 -0.02658621540639158 0.0082588468393224902
leaf_weight=90.348676016554236 54.877071425318718 36.74142549559474 19.586741548031569 14.922973994165661 4.1655126512050655 2.9865659223869434 10.200226882938294 18.244510751217604 0.91764971613883872 10.287706579547377 6.0625874225515863 17.225924536352977 42.358981028664857 13.906590791419147
leaf_count=9177 301 329 170 128 34 181 252 157 2 363 323 1142 3625 122
internal_value=3.27242e-05 -0.00597896 -0.0112242 -0.0147755 -0.0197923 0.0257612 -0.0246767 0.0177275 -0.017271 -0.00994177 -0.0222677 -0.0206612 -0.0253189 0.0190235
internal_weight=342.833 287.956 248.228 228.641 199.812 39.728 177.402 22.41 87.0531 37.7139 49.3392 27.5136 43.2766 28.8296
internal_count=16306 16005 15495 15325 15075 510 14884 191 5707 1757 3950 1505 3627 250
is_linear=0
shrinkage=0.03


Tree=50
num_leaves=15
num_cat=0
split_feature=52 41 22 52 37 33 59 55 2 52 49 53 53 53
split_gain=52.3062 29.3246 18.22 24.0553 22.5801 27.5959 21.6555 12.4899 11.2433 11.0282 9.75675 5.35202 5.34759 4.94709
threshold=0.057316312316024874 1.5000000000000002 0.81666666666666676 3.0714478637383658 1.0000000180025095e-35 1.0000000180025095e-35 1.0000000180025095e-35 1.1993847220124871 1.0000000180025095e-35 0.4074831712993664 1.0000000180025095e-35 0.95502634113867735 0.99541586762856193 1.5665898578755073
decision_type=2 2 2 2 2 2 2 2 2 2 2 2 2 2
left_child=-1 2 8 4 5 6 7 -4 -2 -8 -5 -9 -7 -11
right_child=1 -3 3 10 -6 12 9 11 -10 13 -12 -13 -14 -15
leaf_value=-0.030323808889868836 -0.020492035626914869 -0.028749805200230179 -0.02799242897201467 0.025393538209019823 0.02704873391422781 0.028763717257605063 0.028111997363976678 -0.029225939313189814 0.030293809159338346 -0.014641946716609637 -0.0054677755690566224 0.001500643626833254 -0.0072395861382570396 0.0092797251895936697
leaf_weight=42.414126053452492 2.9816753072664133 19.980980780441314 55.641162392217666 49.327201786916703 19.359935633838177 19.495141908526424 12.253207668662069 4.2373181846924153 36.412432882934809 15.405642066150905 10.469732681754975 27.102149719372392 3.6393101904541245 12.253948976751415
leaf_count=4571 184 2606 5243 644 176 156 99 213 347 499 365 1103 47 284
internal_value=-2.39882e-06 0.00463246 0.00731009 0.00396385 -0.0018602 -0.00589744 -0.011436 -0.0196912 0.0256455 0.00663536 0.019988 -0.00415782 0.0229746 -0.00413289
internal_weight=330.974 288.56 268.579 229.185 169.388 150.028 126.893 86.9806 39.3941 39.9128 59.7969 31.3395 23.1345 27.6596
internal_count=16537 11966 9360 8829 7820 7644 7441 6559 531 882 1009 1316 203 783
is_linear=0
shrinkage=0.03


Tree=51
num_leaves=15
num_cat=0
split_feature=53 53 59 48 37 13 33 36 54 18 20 18 22 18
split_gain=33.2589 24.7267 29.5467 21.97 19.2792 18.7257 14.5163 8.37085 5.52457 5.52661 4.78165 4.33031 6.98094 4.24626
threshold=0.010649154735001162 0.057316312316024874 1.0000000180025095e-35 1.0000000180025095e-35 1.0000000180025095e-35 1.0000000180025095e-35 1.0000000180025095e-35 1.0000000180025095e-35 0.95198465389829157 0.42261904761904767 6.5000000000000009 0.71130952380952395 0.81666666666666676 0.48529411764705888
decision_type=2 2 2 2 2 2 2 2 2 2 2 2 2 2
left_child=-1 13 3 4 6 7 8 11 -3 -10 -11 -4 -13 -2
right_child=1 2 5 -5 -6 -7 -8 -9 9 10 -12 12 -14 -15
leaf_value=-0.029761757448154343 0.02864591582074346 -0.026980689482316009 0.0240420431680358 0.01976145631358325 0.016414319802549017 -0.025674505451782879 0.010379992972934614 -0.020557359600498096 -0.026928781591805825 0.0084954797902845585 -0.017175712113722326 0.021977509886282179 -0.023304355867948167 0.01084203965641792
leaf_weight=28.882794081233442 28.283152954652905 65.669555610045791 56.499680837616324 18.571274843066931 15.17693186085671 7.9699995829723767 13.106767769902943 3.0789372972212723 10.799270558636634 14.030122592579575 9.0558267058804613 4.4890266731381416 3.8069820189848524 26.469412812031806
leaf_count=3213 181 7310 718 181 308 820 126 237 1203 459 548 41 159 913
internal_value=-0.000222459 0.00304879 -0.00145157 -0.00929099 -0.0137509 0.0135315 -0.0180299 0.0187382 -0.021901 -0.0111014 -0.00214096 0.0211651 0.000707524 0.0207243
internal_weight=305.89 277.007 222.254 146.41 127.838 75.8446 112.662 67.8746 99.5548 33.8852 23.0859 64.7957 8.29601 54.7526
internal_count=16417 13204 12110 10135 9954 1975 9646 1155 9520 2210 1007 918 200 1094
is_linear=0
shrinkage=0.03


Tree=52
num_leaves=15
num_cat=0
split_feature=52 52 58 53 31 37 23 55 23 18 55 53 55 19
split_gain=45.0107 18.8678 26.6 18.2074 11.4453 16.4516 10.8506 9.80618 5.81146 8.11166 5.62209 16.546 5.20464 3.68372
threshold=0.057316312316024874 3.0375270496321396 1.5000000000000002 0.56450435462351634 1.0000000180025095e-35 1.0000000180025095e-35 0.81666666666666676 0.94434472028298722 0.81666666666666676 0.63068181818181823 2.271423557725051 2.2011011665870814 -0.57756302579176755 7.5000000000000009
decision_type=2 2 2 2 2 2 2 2 2 2 2 2 2 2
left_child=-1 2 3 4 5 6 -2 -5 -4 12 11 -3 -10 -9
right_child=1 10 8 7 -6 -7 -8 13 9 -11 -12 -13 -14 -15
leaf_value=-0.030086239824118968 0.016075872044438465 -0.019002811363031214 0.025108628927839969 -0.02267453298451489 0.024371830428140031 0.025686564566597948 -0.030520055544613664 0.0028732185710288963 8.6659874200953677e-05 -0.019524711713928413 0.028694186900945624 0.025434448906815475 0.024887708601049024 -0.021280423371217879
leaf_weight=37.460449876263738 4.6445944961160448 10.322085246909412 29.140464072115719 56.906122665852308 18.644260391592979 9.0119122788310069 15.437245929846538 27.132096817018464 13.921757212840022 6.5710167614743105 27.60793499276042 17.959883057978004 14.849077146500347 5.0791713949292889
leaf_count=4483 105 576 344 6000 167 103 1432 1130 519 241 182 279 204 604
internal_value=-0.000238801 0.00430651 -3.30619e-05 -0.0075041 0.00725056 -0.00458323 -0.0192633 -0.0153935 0.015572 0.0067851 0.0194004 0.00903225 0.0136725 -0.00195681
internal_weight=294.688 257.228 201.338 136.855 47.738 29.0938 20.0818 89.1174 64.4823 35.3419 55.8899 28.282 28.7708 32.2113
internal_count=16369 11886 10849 9541 1807 1640 1537 7734 1308 964 1037 855 723 1734
is_linear=0
shrinkage=0.03


Tree=53
num_leaves=15
num_cat=0
split_feature=56 55 40 33 37 55 47 23 49 25 25 55 55 55
split_gain=24.8681 28.8587 25.8355 21.1318 26.2276 26.1759 9.66556 9.29892 7.11907 4.46629 3.01658 2.62028 1.99336 1.83979
threshold=1.0000000180025095e-35 2.5540139374371491 0.77500000000000013 1.0000000180025095e-35 1.0000000180025095e-35 0.94434472028298722 1.0000000180025095e-35 0.81666666666666676 1.0000000180025095e-35 10.500000000000002 1.5000000000000002 -0.58087415257420127 2.396616099697257 -0.65560174430346652
decision_type=2 2 2 2 2 2 2 2 2 2 2 2 2 2
left_child=1 2 -1 4 5 9 8 -6 12 -4 -10 -5 -7 -11
right_child=-2 -3 3 11 7 6 -8 -9 10 13 -12 -13 -14 -15
leaf_value=0.028497770777717302 0.029292118030001126 0.026232141079389384 -0.025111804452147907 0.021009197670118988 -0.020460748877468626 -0.02614766565221301 0.017902841487370719 0.028147067054004202 -0.0023871813236544261 -0.015188863037084636 0.022495322626915178 -0.0051481963241768467 0.0043461538867932779 0.011393746737669724
leaf_weight=16.66958399116993 22.796574048697948 26.904700719285756 107.63047712715343 20.724026296287779 2.8356197592802372 13.377087232656773 17.567417129874229 16.876555323600769 29.234344596974552 1.8432145547121761 3.1068485379219046 3.2473125774413338 1.6115870648063726 4.0293382895179084
leaf_count=166 265 329 11629 194 177 1532 191 171 1314 190 12 53 59 144
internal_value=0.000554139 -0.00211237 -0.00549784 -0.00828112 -0.0115238 -0.0151798 6.35617e-05 0.0199141 -0.00701523 -0.0237457 0.00117405 0.0173422 -0.0227433 0.00131123
internal_weight=288.455 265.658 238.753 222.084 198.112 178.4 64.8973 19.7122 47.3299 113.503 32.3412 23.9713 14.9887 5.87255
internal_count=16426 16161 15832 15666 15419 15071 3108 348 2917 11963 1326 247 1591 334
is_linear=0
shrinkage=0.03


Tree=54
num_leaves=15
num_cat=0
split_feature=52 41 36 59 20 53 52 49 25 25 18 25 52 18
split_gain=41.1603 23.5273 17.9212 12.1545 20.9398 9.93652 9.82935 11.203 8.34524 6.12288 4.94613 8.62483 3.58641 3.47534
threshold=0.057316312316024874 1.0000000180025095e-35 1.0000000180025095e-35 1.0000000180025095e-35 3.5000000000000004 0.23617901029877106 4.5822232970114634 1.5000000000000002 1.0000000180025095e-35 1.5000000000000002 0.63068181818181823 1.5000000000000002 5.2036832726553373 0.87083333333333346
decision_type=2 2 2 2 2 2 2 2 2 2 2 2 2 2
left_child=-1 2 3 4 -2 8 7 -7 13 -10 -5 -12 -3 -6
right_child=1 12 -4 10 5 6 -8 -9 9 -11 11 -13 -14 -15
leaf_value=-0.029814621174441214 -0.024707928304579057 -0.02597982218235844 -0.027389909907781656 0.026288766879982484 0.025396241901770818 -0.0121561851220192 0.023401524834091896 0.014278424788581051 -0.017193119427669948 0.021046155786274518 -0.012236156704992283 0.02566273175846245 0.012536540926773601 -0.0077319275693983648
leaf_weight=33.899547355249524 16.930823486531153 21.774542885366831 10.552746219327672 42.115061831660569 44.465491509065032 41.992604656144977 13.044365896843372 19.549543899018317 8.2828289875760657 3.9867392890155307 9.3308019749820232 8.5378124490380287 1.2267270982265461 2.1681276299059382
leaf_count=4498 2025 2986 1178 513 554 2572 164 627 733 53 299 93 8 174
internal_value=0.000194434 0.00457291 0.00763354 0.0096315 0.00494852 0.00901912 0.00163178 -0.00357383 0.0180126 -0.00355975 0.0208364 0.00663275 -0.0230871 0.0236014
internal_weight=277.858 243.958 220.957 210.404 150.421 133.49 74.5865 61.5421 58.9032 12.2696 59.9837 17.8686 23.0013 46.6336
internal_count=16477 11979 8985 7807 6902 4877 3363 3199 1514 786 905 392 2994 728
is_linear=0
shrinkage=0.03


Tree=55
num_leaves=15
num_cat=0
split_feature=52 56 52 59 33 49 49 24 18 51 54 55 18 52
split_gain=38.4288 18.1458 22.2328 17.5977 23.1505 17.0851 9.09696 7.19553 5.97646 5.52197 4.1307 3.89241 3.31345 3.22467
threshold=0.057316312316024874 1.0000000180025095e-35 3.0714478637383658 1.0000000180025095e-35 1.0000000180025095e-35 1.5000000000000002 1.0000000180025095e-35 1.0000000180025095e-35 0.63068181818181823 1.0000000180025095e-35 0.66633028039823616 -0.58292235256828906 0.44097222222222227 1.9758354613039071
decision_type=2 2 2 2 2 2 2 2 2 2 2 2 2 2
left_child=-1 2 3 4 5 9 10 8 -5 -2 -4 -8 -7 -6
right_child=1 -3 6 7 13 12 11 -9 -10 -11 -12 -13 -14 -15
leaf_value=-0.029840490457691257 -0.025303757766383644 0.029149329763070126 -0.0098670393258471507 0.011096015941401062 0.02214578679554121 -0.0072497333442727019 0.0081493054117196383 0.027307329398423955 -0.016165598553010703 0.0047492575823051553 0.026930588166416594 -0.024665987935975776 0.014388974847050101 -0.0077346969472519254
leaf_weight=32.658224235288799 69.161909578833729 21.271059766411781 1.9688340732827772 20.578062406741086 17.572411118075255 9.0120613477192837 5.9509022794663906 14.818320043385027 8.6858296948485059 5.3382637407630673 37.29894540598616 3.7011255482211691 13.927325171884148 2.8568099457770577
leaf_count=4532 8046 269 179 537 193 723 185 163 305 227 482 194 461 40
internal_value=-0.000360084 0.00400675 0.00122052 -0.00416918 -0.0101827 -0.0162558 0.0185263 0.0116541 0.00248797 -0.0230825 0.0246968 -0.00650784 0.00598825 0.0176502
internal_weight=264.8 232.142 210.871 161.951 117.869 97.4396 48.9198 44.0822 29.2639 74.5002 39.2678 9.65203 22.9394 20.4292
internal_count=16536 12004 11735 10695 9690 9457 1040 1005 842 8273 661 379 1184 233
is_linear=0
shrinkage=0.03


Tree=56
num_leaves=15
num_cat=0
split_feature=55 59 33 48 37 20 57 55 20 20 40 20 55 55
split_gain=18.9644 24.3623 21.3119 22.7447 20.0142 12.5119 8.58035 10.5914 4.94907 3.95237 2.89502 7.9581 3.17929 2.12267
threshold=2.5540139374371491 1.0000000180025095e-35 1.0000000180025095e-35 1.0000000180025095e-35 1.0000000180025095e-35 1.5000000000000002 1.0000000180025095e-35 0.94434472028298722 6.5000000000000009 4.5000000000000009 0.77500000000000013 7.5000000000000009 1.2363289665042136 -0.58180575807175516
decision_type=2 2 2 2 2 2 2 2 2 2 2 2 2 2
left_child=1 2 3 4 6 -3 7 -1 9 -9 -7 -12 -13 -4
right_child=-2 5 13 -5 -6 10 -8 8 -10 -11 11 12 -14 -15
leaf_value=-0.030085112914095671 0.025189844944737822 -0.023992155965358104 0.020785173546844157 0.018667472214412995 0.016145839055004978 0.027988209984699332 0.010804781944407574 -0.020246622636179063 -0.019825786253817698 0.0086100957319300633 0.017809743094358614 -0.025820647581554428 0.00633468195320472 -0.0038716365869184912
leaf_weight=72.280370375141501 21.393371174111962 5.9188168472610405 18.801719911396507 15.988680448383091 12.735384547617285 14.38498719781637 5.871353081893175 3.7387350127100953 18.731510984711349 14.774505818728358 35.859388495329767 4.3884234623983485 3.7523235715925694 3.0337625313550225
leaf_count=10302 322 783 192 191 292 161 303 593 1688 561 749 231 45 52
internal_value=-0.000560775 -0.00314956 -0.009204 -0.013405 -0.0176325 0.0122821 -0.0215719 -0.0234702 -0.00975362 0.00137668 0.0166322 0.0118641 -0.012673 0.017322
internal_weight=251.653 230.26 165.956 144.121 128.132 64.3039 115.396 109.525 37.2448 18.5132 58.3851 44.0001 8.14075 21.8355
internal_count=16465 16143 14174 13930 13739 1969 13447 13144 2842 1154 1186 1025 276 244
is_linear=0
shrinkage=0.03


Tree=57
num_leaves=15
num_cat=0
split_feature=30 24 38 19 18 3 10 11 49 20 18 41 55 55
split_gain=45.7329 35.389 9.51404 12.9597 24.9281 8.90502 5.14701 4.95185 2.85986 2.3598 2.3884 2.26839 1.90056 1.32769
threshold=1.0000000180025095e-35 1.0000000180025095e-35 1.0000000180025095e-35 2.5000000000000004 0.87867647058823539 1.0000000180025095e-35 1.0000000180025095e-35 1.0000000180025095e-35 1.5000000000000002 7.5000000000000009 0.13809523809523813 1.0000000180025095e-35 1.1033848211771751 -0.65683667544064961
decision_type=2 2 2 2 2 2 2 2 2 2 2 2 2 2
left_child=1 2 3 4 12 -3 7 9 -4 10 -5 -8 -1 -12
right_child=-2 5 8 6 -6 -7 11 -9 -10 -11 13 -13 -14 -15
leaf_value=0.0078939032140451781 0.029495537972197516 0.029437884043602428 -0.0033806224735983665 -0.028157407508150878 -0.0280692134358374 -0.0188085890094483 0.014964121786802316 0.0076764964941391269 0.016566480472709661 -0.030188635351402007 -0.022644672224604069 -0.015595336534364552 0.024398733705310982 -0.010600192868078279
leaf_weight=16.038799823727462 36.581747978925705 25.577193632721904 12.069341781781986 17.036235359264538 16.078424055827782 2.5571490065194658 4.7197836046107104 4.3370516868308178 10.680252425838262 28.342369341757149 12.567957365885375 1.3742862944491205 12.746664975769816 41.184723069658503
leaf_count=790 292 339 913 2736 2481 191 170 152 286 3191 1314 43 256 3301
internal_value=-0.000499141 -0.00607653 -0.0110831 -0.0137338 -0.00011204 0.0240955 -0.0192097 -0.0207741 0.00656593 -0.0221461 -0.018185 0.00592193 0.0163128 -0.0141276
internal_weight=241.892 205.31 177.176 154.426 44.8639 28.1343 109.562 103.468 22.7496 99.1313 70.7889 6.09407 28.7855 53.7527
internal_count=16455 16163 15633 14434 3527 530 10907 10694 1199 10542 7351 213 1046 4615
is_linear=0
shrinkage=0.03


Tree=58
num_leaves=15
num_cat=0
split_feature=24 1 37 33 19 8 19 19 25 59 20 20 20 25
split_gain=20.5309 16.4641 26.4779 34.0752 10.5174 7.87663 5.48417 8.77423 8.49067 4.47867 4.33229 5.43924 2.98815 3.63293
threshold=1.0000000180025095e-35 1.0000000180025095e-35 1.0000000180025095e-35 1.0000000180025095e-35 1.5000000000000002 1.0000000180025095e-35 2.5000000000000004 11.500000000000002 1.0000000180025095e-35 1.0000000180025095e-35 4.5000000000000009 7.5000000000000009 5.5000000000000009 1.5000000000000002
decision_type=2 2 2 2 2 2 2 2 2 2 2 2 2 2
left_child=1 2 3 9 -3 -2 -6 8 -8 -1 -11 -12 -10 -14
right_child=5 4 -4 -5 6 -7 7 -9 12 10 11 -13 13 -15
leaf_value=-0.027353961617041817 0.029218302475776357 -0.024473554410057469 0.02606146856964648 0.018248909348563224 0.027364292425976766 -0.017832229636085599 -0.012832669426428139 0.020778102360509979 0.025278841989220521 -0.024559772719720749 0.012710768177317122 -0.023174938260783529 -0.0098622265722261276 0.021824667899670577
leaf_weight=64.503110317280516 24.198375526815656 6.7079922812990835 14.22802686691284 20.549694450572133 12.361146099865435 2.3020768375135949 24.309618429746479 22.471181037602946 7.5456114746630218 8.6475189430639166 9.5463529708795232 3.6702006971463552 7.1888955673202855 3.0545391961932182
leaf_count=10015 337 985 171 247 172 184 1766 650 92 976 252 218 302 13
internal_value=0.000298452 -0.0029941 -0.00999501 -0.0151837 0.0071428 0.0241665 0.0104499 0.00648694 -0.00173769 -0.0233714 -0.0103144 0.00100919 0.0131887 0.00160826
internal_weight=231.284 204.784 121.145 106.917 83.639 26.5005 76.931 64.5698 42.0987 86.3672 21.8641 13.2166 17.789 10.2434
internal_count=16380 15859 11879 11708 3980 521 2995 2823 2173 11461 1446 470 407 315
is_linear=0
shrinkage=0.03


Tree=59
num_leaves=15
num_cat=0
split_feature=53 41 36 20 56 48 53 59 47 49 44 26 53 35
split_gain=21.8366 17.986 13.1562 12.4321 20.2332 5.52209 5.73823 6.75463 13.6027 5.26433 4.36601 4.13914 3.14368 2.75438
threshold=0.010649154735001162 1.0000000180025095e-35 1.0000000180025095e-35 3.5000000000000004 1.0000000180025095e-35 2.5000000000000004 0.56450435462351634 1.0000000180025095e-35 1.0000000180025095e-35 1.0000000180025095e-35 1.5000000000000002 1.0000000180025095e-35 1.5665898578755073 0.34060000000000007
decision_type=2 2 2 2 2 2 2 2 2 2 2 2 2 2
left_child=-1 2 3 4 11 6 -5 8 9 -8 12 13 -9 -2
right_child=1 -3 -4 5 -6 -7 7 10 -10 -11 -12 -13 -14 -15
leaf_value=-0.028586842028359774 -0.028405089186025648 -0.023186746426510078 -0.026534014362940554 0.020335264263614171 0.025932522325275015 -0.023750162255581533 -0.025934540884144156 -0.0077967407147035367 0.026927630222648005 -0.0014602710694250698 0.025274338218401648 0.014214423643356068 0.01713521313814861 0.0073940429125697394
leaf_weight=19.219265848631039 20.787108672317125 18.750134186586365 8.5083075382281077 53.715177495963871 9.1944954395294172 2.0616321116685858 8.5546495290473086 8.2286280817352218 11.568074215203522 32.639354156563058 21.796257150825113 1.3163027763366688 6.3372722496278575 1.3177178124897171
leaf_count=3206 3263 3245 1151 1463 136 19 1110 251 173 1917 350 4 87 34
internal_value=0.0003994 0.00337011 0.00626503 0.00811518 -0.00824188 0.0118591 0.0126939 0.00774315 0.000749483 -0.00750828 0.0173229 -0.0226425 0.00380969 -0.0258346
internal_weight=223.994 204.775 186.025 177.517 32.6156 144.901 142.839 89.1242 52.7621 41.194 36.3622 23.4211 14.5659 22.1048
internal_count=16409 13203 9958 8807 3437 5370 5351 3888 3200 3027 688 3301 338 3297
is_linear=0
shrinkage=0.03


Tree=60
num_leaves=15
num_cat=0
split_feature=30 22 33 53 25 53 3 36 3 58 47 53 53 53
split_gain=41.2627 27.9013 19.7211 19.2689 16.2494 8.53842 8.11315 7.45828 10.993 5.3704 4.37863 3.58703 2.79328 2.63032
threshold=1.0000000180025095e-35 0.81666666666666676 1.0000000180025095e-35 3.9976927939054847 1.0000000180025095e-35 0.4074831712993664 1.0000000180025095e-35 1.0000000180025095e-35 1.0000000180025095e-35 2.5000000000000004 1.0000000180025095e-35 1.5665898578755073 2.4860854977526912 2.4860854977526912
decision_type=2 2 2 2 2 2 2 2 2 2 2 2 2 2
left_child=1 6 3 4 -3 -6 -1 8 9 11 -5 -7 -4 -13
right_child=-2 2 12 10 5 7 -8 -9 -10 -11 -12 13 -14 -15
leaf_value=0.028794708563563868 0.028996997253231811 -0.030810669437497759 0.021755374343531222 -0.0098705605597060198 -0.028398995083343873 -0.022244459825771657 -0.019040992295611767 -0.026238683498675249 0.024874570521550943 0.0090106894562249438 0.025083870590931333 0.010527838773765969 -0.007285490809332754 -0.017814233938845608
leaf_weight=21.286165073513988 34.125445894896984 52.914716495899484 15.477883983403446 3.1040625369641903 13.453362103784455 15.246945196064191 2.2875094753690055 8.3072632777038944 11.654488820582626 11.933933490887283 10.75456989556551 6.5487556755542737 2.5754150170832864 2.5013692565262318
leaf_count=332 312 8851 185 442 1976 1631 187 1174 161 328 171 295 53 315
internal_value=-0.000266303 -0.00613488 -0.0108226 -0.0147403 -0.0185444 -0.00862493 0.0230268 -0.0030774 0.00183152 -0.00649429 0.0169973 -0.0142159 0.0172991 0.000887906
internal_weight=212.172 178.046 154.473 136.419 122.561 69.6461 23.5737 56.1928 47.8855 36.231 13.8586 24.2971 18.0533 9.05012
internal_count=16413 16101 15582 15344 14731 5880 519 3904 2730 2569 613 2241 238 610
is_linear=0
shrinkage=0.03


Tree=61
num_leaves=15
num_cat=0
split_feature=30 22 47 31 44 49 2 42 38 56 44 20 52 44
split_gain=37.5567 24.4351 13.3453 15.2069 16.43 8.67115 7.70064 5.22452 4.60482 4.04101 2.77344 2.28102 2.05644 2.02538
threshold=1.0000000180025095e-35 0.81666666666666676 1.0000000180025095e-35 1.0000000180025095e-35 1.0000000180025095e-35 1.0000000180025095e-35 1.0000000180025095e-35 1.0000000180025095e-35 1.0000000180025095e-35 1.0000000180025095e-35 5.5000000000000009 4.5000000000000009 1.9758354613039071 5.5000000000000009
decision_type=2 2 2 2 2 2 2 2 2 2 2 2 2 2
left_child=1 6 3 4 -3 -6 -1 12 9 10 -7 -12 -5 -10
right_child=-2 2 -4 7 5 8 -8 -9 13 -11 11 -13 -14 -15
leaf_value=-0.01854264910805006 0.028852506116336007 -0.030328177606528794 0.018110550892494571 0.021285676187178602 -0.027552139010617548 -0.015629128828339028 0.02863377666977884 -0.018720052785278999 0.013513447216706768 0.018642636213734815 -0.0093984668742128838 0.015394217450505371 -0.0019975238446575169 -0.013107544520511083
leaf_weight=2.2393149398267296 31.33304513245821 47.954840837046504 11.857398476451634 13.541692715138202 13.033575174398718 25.041576713323593 19.319005103781819 2.9891800812911233 16.02423404506408 2.9337390437722197 5.1112472841050458 4.3708056511823088 3.9615017343312493 1.37446485669352
leaf_count=193 302 8737 186 195 2227 2182 316 539 649 41 528 139 55 185
internal_value=-0.000291874 -0.0059447 -0.010339 -0.0130393 -0.0172204 -0.00735858 0.0225753 0.010026 -0.00176025 -0.00758843 -0.0107163 0.00272066 0.0163515 0.0102759
internal_weight=201.086 169.753 148.194 136.337 115.844 67.8896 21.5583 20.4924 54.8561 37.4574 34.5236 9.48205 17.5032 17.3987
internal_count=16474 16172 15663 15477 14688 5951 509 789 3724 2890 2849 667 250 834
is_linear=0
shrinkage=0.03


Tree=62
num_leaves=15
num_cat=0
split_feature=52 59 52 33 49 49 57 36 51 18 25 18 18 1
split_gain=25.9553 11.2282 18.9184 13.0877 6.59072 6.281 5.7842 5.00827 4.11429 4.09089 6.24178 3.32519 2.51636 2.20113
threshold=0.057316312316024874 1.0000000180025095e-35 3.0375270496321396 1.0000000180025095e-35 1.5000000000000002 1.0000000180025095e-35 1.0000000180025095e-35 1.0000000180025095e-35 1.0000000180025095e-35 0.63068181818181823 1.5000000000000002 0.44097222222222227 0.85164835164835173 1.0000000180025095e-35
decision_type=2 2 2 2 2 2 2 2 2 2 2 2 2 2
left_child=-1 2 3 4 6 12 8 9 -2 -3 -11 -6 13 -4
right_child=1 7 5 -5 11 -7 -8 -9 -10 10 -12 -13 -14 -15
leaf_value=-0.028817293239165473 -0.022904394356786158 0.023643859483083292 -0.0043725356396054644 0.01664703480958634 -0.011908612856041237 -0.0084470987033780955 0.010790751218420082 -0.017678567536288523 0.005261187989313759 -0.013426916769399678 0.023188719613866357 0.012266311420005886 -0.0067269265507038066 0.027678326760327953
leaf_weight=22.575505427084863 48.864945731824264 33.231414495036006 1.5358185241930247 14.490917127579449 6.5356018226593759 5.7244291275274 4.6627260635141274 2.1971458266489199 4.4031076813116661 7.3889225269667786 5.615828201174736 10.968644607812164 1.5479394972790022 24.703796376474202
leaf_count=4543 7739 598 149 226 734 356 304 227 231 305 88 450 191 360
internal_value=4.17052e-05 0.00412025 -0.000741018 -0.00791389 -0.0129401 0.0178683 -0.0176778 0.0160478 -0.0204701 0.018317 0.00336807 0.0029445 0.0234927 0.0256256
internal_weight=194.447 171.871 123.438 89.9259 75.435 33.512 57.9308 48.4333 53.2681 46.2362 13.0048 17.5042 27.7876 26.2396
internal_count=16501 11958 10740 9684 9458 1056 8274 1218 7970 991 393 1184 700 509
is_linear=0
shrinkage=0.03


Tree=63
num_leaves=15
num_cat=0
split_feature=30 24 37 33 47 59 3 20 25 20 21 58 10 25
split_gain=30.1167 22.2602 19.276 16.9948 18.9064 12.0027 7.29365 5.00053 6.23035 5.89536 1.8845 1.64348 1.50451 1.21984
threshold=1.0000000180025095e-35 1.0000000180025095e-35 1.0000000180025095e-35 1.0000000180025095e-35 1.0000000180025095e-35 1.0000000180025095e-35 1.0000000180025095e-35 7.5000000000000009 1.5000000000000002 4.5000000000000009 14.500000000000002 2.5000000000000004 1.0000000180025095e-35 4.5000000000000009
decision_type=2 2 2 2 2 2 2 2 2 2 2 2 2 2
left_child=1 2 3 4 5 12 -3 8 -7 -10 -5 -11 13 -1
right_child=-2 6 -4 10 -6 7 -8 -9 9 11 -12 -13 -14 -15
leaf_value=-0.029786545423481869 0.027864019353496999 0.028423628515001041 0.025061705597302662 0.019278459799817956 0.017647168846233404 0.018732893095396861 -0.018305799321571389 -0.024401668670192611 -0.026258941931328873 -0.0070947993349443879 -0.0040243892705802402 0.019632443255827275 0.00027025294286687297 -0.012913819961571661
leaf_weight=62.401896483497694 27.277980983257294 18.621346656233076 11.370745237916706 12.743989158421753 11.169808641076086 9.9102419093251282 2.1157679553143671 6.1240793587639919 6.844110267935319 2.0116407049354166 3.1886898633092633 3.4885708279907703 1.6820907071232785 8.8138525215908867
leaf_count=11825 302 332 167 186 198 138 187 274 961 149 58 58 195 1283
internal_value=-0.000145331 -0.00519046 -0.00955326 -0.0129566 -0.0170615 -0.0211571 0.0224651 -0.00421587 0.00289301 -0.0106624 0.014686 0.010572 -0.0274636 -0.0281081
internal_weight=187.765 160.487 139.75 128.379 112.446 101.276 20.7371 28.3786 22.2546 12.3443 15.9327 5.50021 72.8978 71.2157
internal_count=16313 16011 15492 15325 15081 14883 519 1580 1306 1168 244 207 13303 13108
is_linear=0
shrinkage=0.03


Tree=64
num_leaves=15
num_cat=0
split_feature=52 56 52 21 18 36 25 39 25 20 19 25 18 53
split_gain=22.3303 11.1136 12.9464 9.0574 7.83751 7.17903 10.5476 5.06189 4.87804 2.54565 2.02644 9.24084 3.36554 2.02122
threshold=0.057316312316024874 1.0000000180025095e-35 3.0714478637383658 22.000000000000004 0.35504201680672276 1.0000000180025095e-35 1.5000000000000002 1.0000000180025095e-35 6.5000000000000009 5.5000000000000009 2.5000000000000004 1.0000000180025095e-35 0.70294117647058829 0.23617901029877106
decision_type=2 2 2 2 2 2 2 2 2 2 2 2 2 2
left_child=-1 2 3 4 -2 6 10 8 -8 -4 11 -6 -12 -14
right_child=1 -3 9 -5 5 -7 7 -9 -10 -11 12 -13 13 -15
leaf_value=-0.028390313171779983 -0.01864212154169417 0.027617684761123987 -0.012762589130925444 -0.026225035632718812 0.024861033077364408 -0.024409256742335038 0.029024377693886699 -0.016820913837777458 -0.0047675391154686679 0.019391628231099602 -0.00018041156079786635 -0.0219752882907715 0.0012164602233023774 -0.026785198384335924
leaf_weight=19.897140770917758 15.629523082170634 14.021797304973004 1.0441182001959557 11.94644279591739 7.937177795916794 5.7470532238949081 21.507349616382278 1.6622138922102738 3.9814779851585618 30.494851174764335 30.208281605038792 4.2556121444795281 2.9651659268420172 6.4620921476744115
leaf_count=4478 2216 268 113 3541 125 874 427 125 321 902 1785 659 135 417
internal_value=2.17817e-05 0.00391324 0.00125545 -0.00357105 -0.000414573 0.00330024 0.00586961 0.0203138 0.0237831 0.0176296 -0.00217079 0.0077208 -0.00543837 -0.0193064
internal_weight=177.76 157.863 143.841 112.302 100.356 84.7264 78.9794 27.151 25.4888 31.539 51.8283 12.1928 39.6355 9.42726
internal_count=16386 11908 11640 10625 7084 4868 3994 873 748 1015 3121 784 2337 552
is_linear=0
shrinkage=0.03


Tree=65
num_leaves=15
num_cat=0
split_feature=52 41 56 20 55 33 53 19 49 60 3 53 49 52
split_gain=21.9827 11.1953 7.5824 10.5445 5.44814 4.02238 10.2678 5.15109 6.06219 5.2911 4.45544 3.62204 3.52677 2.10166
threshold=0.057316312316024874 1.5000000000000002 1.0000000180025095e-35 4.5000000000000009 2.396616099697257 1.0000000180025095e-35 0.4074831712993664 2.5000000000000004 1.0000000180025095e-35 1.5000000000000002 1.0000000180025095e-35 0.99541586762856193 1.5000000000000002 3.009344842060647
decision_type=2 2 2 2 2 2 2 2 2 2 2 2 2 2
left_child=-1 2 3 12 5 6 -5 -8 -9 -10 13 -7 -2 -11
right_child=1 -3 -4 4 -6 11 7 8 9 10 -12 -13 -14 -15
leaf_value=-0.028386462204811138 -0.020534747497567857 -0.025408323885317771 0.027091085295901478 -0.022994692572790684 0.023949732980943654 0.026293198656783374 0.025788426799659928 -0.022678537586114281 -0.002301910535846548 0.027042280820353762 -0.0012467185772007477 -0.007807341495306019 0.0023926836803546173 -0.0063202695933668521
leaf_weight=19.194494460243732 16.092266978928819 8.7857328364625555 12.331538382917641 10.335512068355454 14.661033767508341 10.456146027892826 8.8059912770986539 5.331116719171404 29.550114167155698 15.303320302395152 8.9349979285616445 2.6211548596620551 8.4880370234604943 1.1381722183432419
leaf_count=4477 2595 2633 252 1238 342 156 170 1057 1669 313 636 52 764 121
internal_value=0.000271192 0.00419047 0.00631895 0.00399814 0.00807282 0.00510202 0.0023414 0.00667344 0.00314129 0.00635606 0.0158696 0.0193293 -0.0130332 0.0242978
internal_weight=172.03 152.835 144.049 131.718 107.138 92.4765 79.3992 69.0637 60.2577 54.9266 25.3765 13.0773 24.5803 16.4415
internal_count=16475 11998 9365 9113 5754 5412 5204 3966 3796 2739 1070 208 3359 434
is_linear=0
shrinkage=0.03


Tree=66
num_leaves=15
num_cat=0
split_feature=52 36 58 53 47 18 52 44 18 40 52 18 44 44
split_gain=19.9857 8.78838 8.67208 16.2294 13.679 5.01007 3.68768 3.0997 2.84727 4.00241 2.8003 3.86029 2.28716 2.28402
threshold=0.057316312316024874 1.0000000180025095e-35 1.5000000000000002 0.56450435462351634 1.0000000180025095e-35 0.58578431372549034 2.5242680868836214 1.0000000180025095e-35 0.67708333333333337 0.77500000000000013 2.5242680868836214 0.44949494949494956 1.5000000000000002 1.5000000000000002
decision_type=2 2 2 2 2 2 2 2 2 2 2 2 2 2
left_child=-1 2 3 5 10 -2 7 -7 -4 -10 11 -5 -13 -9
right_child=1 -3 8 4 -6 6 -8 13 9 -11 -12 12 -14 -15
leaf_value=-0.028176514274890922 0.025533534219940163 -0.025466498906821556 0.019889478857381251 -0.019813988333319096 0.023358120215576511 0.020395966428971037 -0.014579995331657767 -0.01322060905296726 0.018412000284559346 -0.019382386950062912 -0.026196030930281305 -0.0056955754101545436 0.016462357135668557 0.015298992250346371
leaf_weight=18.251279512420297 18.313887761905789 6.8724066237919024 34.381359547376633 16.714983991812915 7.9431068487465373 9.8972408366389626 5.0472938485909244 5.1690866686403742 2.8253982663154602 3.2967383398208758 13.955752442823721 16.788661729544405 3.4009738115128121 1.9704464469105003
leaf_count=4475 329 1177 838 2904 166 284 338 748 52 206 3373 1322 115 49
internal_value=-0.000220939 0.00359242 0.00536115 0.000493201 -0.00945083 0.0147308 0.00439587 0.0109588 0.0166995 -0.0017013 -0.0152647 -0.0099967 -0.000815673 -0.00372403
internal_weight=164.829 146.577 139.705 99.2014 58.8035 40.398 22.0841 17.0368 40.5035 6.12214 50.8604 36.9046 20.1896 7.13953
internal_count=16376 11901 10724 9628 7880 1748 1419 1081 1096 258 7714 4341 1437 797
is_linear=0
shrinkage=0.03


Tree=67
num_leaves=15
num_cat=0
split_feature=30 24 33 53 25 53 35 49 53 18 53 25 35 58
split_gain=26.0283 17.7962 12.317 11.4456 16.3199 6.67502 5.24345 3.35723 2.72465 2.58498 2.52628 2.33088 2.87155 1.76618
threshold=1.0000000180025095e-35 1.0000000180025095e-35 1.0000000180025095e-35 5.2036832726553373 1.0000000180025095e-35 0.11165176876591411 0.44150000000000006 1.0000000180025095e-35 5.3997877885463827 0.63961038961038974 0.99541586762856193 6.5000000000000009 0.62625000000000008 1.5000000000000002
decision_type=2 2 2 2 2 2 2 2 2 2 2 2 2 2
left_child=1 2 3 4 -1 -6 -3 -7 -5 11 -4 12 13 -9
right_child=-2 6 10 8 5 7 -8 9 -10 -11 -12 -13 -14 -15
leaf_value=-0.030281832992772692 0.027972115656646934 0.027612575866937234 0.02224656409338387 0.023392067054254607 -0.026151534858941707 -0.020954665099574568 -0.015109591488383756 0.0031591221573264777 -0.011622403888076982 -0.014059282615403387 -0.0043380901104286594 -0.011058510465814389 -0.016579028988857197 0.017306479976060253
leaf_weight=38.332993938820437 23.855760870501399 15.411744661629202 10.50663762539625 7.6508121602237207 9.1517206721473467 4.2975330653134725 1.7318167462944973 16.591325744753703 1.2188622623216359 5.412568009691312 3.5559761151671401 4.9953029665630302 2.1101570064201942 15.452188050374387
leaf_count=8954 301 336 175 164 1873 1124 181 1312 344 371 68 533 313 305
internal_value=0.000346353 -0.00481894 -0.00899957 -0.0125503 -0.0155973 -0.00520814 0.0221692 -0.000411134 0.0173272 0.00238508 0.015821 0.00523143 0.00809394 0.0105973
internal_weight=160.275 136.42 119.276 105.213 96.3438 58.0108 17.1436 48.8591 8.86967 44.5615 14.0626 39.149 34.1537 32.0435
internal_count=16354 16053 15536 15293 14785 5831 517 3958 508 2834 243 2463 1930 1617
is_linear=0
shrinkage=0.03


Tree=68
num_leaves=15
num_cat=0
split_feature=30 22 33 52 44 8 36 35 55 52 52 44 55 44
split_gain=25.2751 18.1947 10.6738 10.0157 10.5572 4.97302 3.44383 11.6278 4.05578 2.57165 2.02856 2.27592 1.84598 2.24143
threshold=1.0000000180025095e-35 0.81666666666666676 1.0000000180025095e-35 6.2838202790140754 1.0000000180025095e-35 1.0000000180025095e-35 1.0000000180025095e-35 1.0000000180025095e-35 -0.57756302579176755 2.1647983306263359 3.438811922224569 11.500000000000002 1.1513862172983296 1.5000000000000002
decision_type=2 2 2 2 2 2 2 2 2 2 2 2 2 2
left_child=1 5 3 4 -3 -1 7 8 10 12 11 -6 -10 -14
right_child=-2 2 -4 -5 6 -7 -8 -9 9 -11 -12 -13 13 -15
leaf_value=0.027623026850043305 0.027719178950051195 -0.026771646606240724 0.014600589434284234 0.022438197014600932 -0.022060213724462579 -0.015313451298995896 -0.02440212999394558 0.023993544228698489 0.01385112881344802 -0.019764531946363264 0.0091418283867762233 0.0070901251184434114 -0.019767675353332213 0.013986134315944112
leaf_weight=14.884360512718558 22.609059626236558 39.963100289460272 12.604468706063924 5.0080736055970183 21.760423695668582 1.5285230036824948 6.2971663887146851 9.2020747028291208 9.1573753210250306 1.9692121832631517 1.2911658892408002 1.752413592301308 2.4661927109118542 1.1588537842035296
leaf_count=338 302 9336 226 132 3274 174 1226 164 688 203 38 117 256 3
internal_value=-0.000179658 -0.00541613 -0.00978894 -0.0130883 -0.0153847 0.0223954 -0.00647048 -0.0032843 -0.0104795 0.00190946 -0.0174402 -0.0195021 0.00747078 -0.00784102
internal_weight=151.652 129.043 112.631 100.026 95.018 16.4129 55.0549 48.7577 39.5556 14.7516 24.804 23.5128 12.7824 3.62505
internal_count=16477 16175 15663 15437 15305 512 5969 4743 4579 1150 3429 3391 947 259
is_linear=0
shrinkage=0.03


Tree=69
num_leaves=15
num_cat=0
split_feature=30 24 33 53 25 53 35 53 18 58 19 19 35 25
split_gain=22.48 14.3971 9.0839 10.3269 15.1543 6.17746 4.9983 3.08285 2.28298 2.7991 4.04364 2.22139 2.08048 1.85849
threshold=1.0000000180025095e-35 1.0000000180025095e-35 1.0000000180025095e-35 3.9976927939054847 1.0000000180025095e-35 0.11165176876591411 0.44150000000000006 0.99541586762856193 0.58578431372549034 1.5000000000000002 5.5000000000000009 2.5000000000000004 1.0000000180025095e-35 1.5000000000000002
decision_type=2 2 2 2 2 2 2 2 2 2 2 2 2 2
left_child=1 2 3 4 -1 -6 -3 -4 9 10 -7 -5 -12 -11
right_child=-2 6 7 11 5 8 -8 -9 -10 13 12 -13 -14 -15
leaf_value=-0.029785722819647614 0.027518860870489003 0.027090373624303395 0.021692959325159314 0.022448512655122998 -0.025504736131332605 0.011888750144296776 -0.015456832376322411 -0.0079409167804604421 -0.011725715392521671 0.022123630474273816 -0.02139983038535883 -0.0069900311130153174 0.0012207304766811095 0.0023681615086736745
leaf_weight=33.674241631757468 21.595267837867141 13.593217641115187 9.4633670244365913 7.4589716673362982 8.2659521622117591 7.7140991711057749 1.6142096808180202 3.1696032062172881 9.2317142556421441 6.8854167750105288 7.649764856323598 2.0072123126592487 5.5636594061506912 9.3316670390777272
leaf_count=8830 304 335 173 327 1848 649 172 72 626 71 1549 284 586 512
internal_value=0.000625573 -0.00435633 -0.00820642 -0.0113261 -0.0145542 -0.00444719 0.0213025 0.0141887 0.000205294 0.00361815 -0.00356696 0.0160759 -0.0129668 0.0122639
internal_weight=147.218 125.623 110.416 97.7827 88.3165 54.6423 15.2074 12.633 46.3763 37.1446 20.9275 9.46618 13.2134 16.2171
internal_count=16338 16034 15527 15282 14671 5841 507 245 3993 3367 2784 611 2135 583
is_linear=0
shrinkage=0.03


Tree=70
num_leaves=15
num_cat=0
split_feature=53 56 53 40 33 37 53 53 59 47 21 26 53 25
split_gain=10.3254 8.28948 7.68698 8.53137 9.08191 10.8534 10.1555 4.14465 3.62567 2.07863 2.01269 2.44723 1.7173 1.56578
threshold=0.010649154735001162 1.0000000180025095e-35 0.034778350081199443 0.77500000000000013 1.0000000180025095e-35 1.0000000180025095e-35 5.2036832726553373 0.62963017883289629 1.0000000180025095e-35 1.0000000180025095e-35 11.500000000000002 1.5000000000000002 0.99541586762856193 2.5000000000000004
decision_type=2 2 2 2 2 2 2 2 2 2 2 2 2 2
left_child=-1 2 -2 -4 5 6 7 -5 10 -8 -9 -12 -6 -10
right_child=1 -3 3 4 12 -7 9 8 13 -11 11 -13 -14 -15
leaf_value=-0.026418939353514116 0.021070871884453276 0.025818458438754476 0.024484323558478901 -0.029511801530839658 0.02195626278325976 0.016788764284589756 -0.010275798013796012 -0.0043781159662990097 0.0047826769949729717 0.021974920339407795 -0.023259267189038483 0.010823712486412425 -0.00067430705642936776 -0.01436095799418559
leaf_weight=10.942962806904687 11.065327278804032 9.6583891529589874 7.199035767465829 16.879902410204522 9.1808183155953866 10.751801422797142 1.0087402166100208 9.7591980459401366 13.057161764008926 6.6136199086904526 24.559426788939167 0.91488824039697547 3.9740288546308866 3.1641388314310452
leaf_count=3199 261 257 164 3369 175 353 330 1347 378 169 6069 8 72 237
internal_value=-0.000877628 0.00168301 -0.000687353 -0.0032813 -0.00572432 -0.00929514 -0.0133233 -0.0170188 -0.0119696 0.0164582 -0.0171267 -0.0213364 0.0159329 -0.000117908
internal_weight=138.729 127.786 118.128 107.063 99.8637 86.7089 75.9571 68.3347 51.4548 7.62236 35.2335 25.4743 13.1548 16.2213
internal_count=16388 13189 12932 12671 12507 12260 11907 11408 8039 499 7424 6077 247 615
is_linear=0
shrinkage=0.03


Tree=71
num_leaves=15
num_cat=0
split_feature=52 56 52 37 24 49 39 52 53 53 54 54 58 19
split_gain=14.6852 7.42297 6.84346 5.95449 9.87884 4.80309 4.46378 3.55137 4.39221 2.57049 2.19184 1.64935 1.53945 3.4834
threshold=0.057316312316024874 1.0000000180025095e-35 3.0375270496321396 1.0000000180025095e-35 1.0000000180025095e-35 1.0000000180025095e-35 1.0000000180025095e-35 0.62963017883289629 0.23617901029877106 2.054090377967555 -0.86562050999303886 0.66633028039823616 2.5000000000000004 6.5000000000000009
decision_type=2 2 2 2 2 2 2 2 2 2 2 2 2 2
left_child=-1 2 3 4 7 11 -5 12 -9 -7 -10 -4 13 -2
right_child=1 -3 5 6 -6 9 -8 8 10 -11 -12 -13 -14 -15
leaf_value=-0.027381948423354372 0.0039215272595458607 0.025876514243786015 -0.0043307972098786725 0.024668275249184659 0.023976316494845031 -0.018729480915372479 -0.016108551551446911 0.0032721675374173206 0.0031644005520132883 0.012297677276882643 -0.021122384345132295 0.024446763280440841 0.01386702869743027 -0.02031100756154549
leaf_weight=14.241663282387888 15.59320162935183 9.5411258637905103 1.3845869998913318 8.4165296982973778 6.861351224128156 3.8044923450797787 1.6366562978364534 9.4043060657568258 3.1602516972925434 2.3317298833280802 33.444596052519053 15.70809731655754 3.4877344730775794 5.7582288031699127
leaf_count=4461 1261 260 221 175 166 297 167 740 349 85 6332 458 100 1385
internal_value=-0.000584593 0.00297692 0.000585235 -0.00330511 -0.0062107 0.0143804 0.0164584 -0.00971217 -0.014477 -0.00681458 -0.0189703 0.0219062 -0.00046524 -0.00379357
internal_weight=134.775 120.533 110.992 87.7629 77.7097 23.2289 10.0532 70.8483 46.0092 6.13622 36.6048 17.0927 24.8392 21.3514
internal_count=16457 11996 11736 10675 10333 1061 342 10167 7421 382 6681 679 2746 2646
is_linear=0
shrinkage=0.03


Tree=72
num_leaves=15
num_cat=0
split_feature=52 56 52 40 37 33 39 49 52 52 52 54 49 1
split_gain=14.0069 7.21656 6.81937 7.00994 8.17141 9.14637 4.39214 3.74719 2.75191 2.63362 2.36984 1.78794 1.46551 0.949457
threshold=0.057316312316024874 1.0000000180025095e-35 3.0375270496321396 0.77500000000000013 1.0000000180025095e-35 1.0000000180025095e-35 1.0000000180025095e-35 1.0000000180025095e-35 0.62963017883289629 0.4074831712993664 3.438811922224569 0.66633028039823616 1.0000000180025095e-35 1.0000000180025095e-35
decision_type=2 2 2 2 2 2 2 2 2 2 2 2 2 2
left_child=-1 2 3 -2 5 8 -6 11 9 -5 -9 -4 -11 -12
right_child=1 -3 7 4 6 -7 -8 10 -10 12 13 -13 -14 -15
leaf_value=-0.027204187570771022 0.02350868195865511 0.02582562660327065 -0.004798921131375416 -0.018785760130534224 0.024735486454107898 0.014309089202516006 -0.015881329025749607 -0.021638300342684217 -0.019106785696254701 -0.014526661056279047 0.013799185700969063 0.02410541962932999 0.0065312763539266796 -0.0091694942918383975
leaf_weight=13.572720773168838 6.0187544096261254 9.3349639233201724 1.4967239378020227 5.9399003917351392 8.6825636648572946 10.289058640599249 1.5997175483498729 2.018347506877034 37.375342749292031 1.7757978360168625 3.4620203992817551 15.119851301424204 12.573816501302643 0.71049113641493011
leaf_count=4467 148 260 229 1421 190 224 170 201 7247 429 127 469 849 48
internal_value=-0.000463547 0.00306146 0.000639417 -0.00335902 -0.00596043 -0.00979662 0.0168593 0.0144903 -0.0144332 -0.00488217 -0.00444796 0.021266 0.00246708 0.00818429
internal_weight=129.97 116.397 107.062 84.255 78.2362 67.9539 10.2823 22.8074 57.6649 20.2895 6.19086 16.6166 14.3496 4.17251
internal_count=16479 12012 11752 10678 10530 10170 360 1074 9946 2699 376 698 1278 175
is_linear=0
shrinkage=0.03


Tree=73
num_leaves=15
num_cat=0
split_feature=52 56 52 40 37 18 59 55 52 25 19 55 53 55
split_gain=13.5068 6.18686 6.82433 6.612 6.93668 3.82642 3.63443 3.45742 3.24118 2.26621 3.29842 2.06221 2.50697 1.48881
threshold=0.057316312316024874 1.0000000180025095e-35 3.0375270496321396 0.77500000000000013 1.0000000180025095e-35 0.54356060606060608 1.0000000180025095e-35 -0.5749525973707178 2.8636420052419664 1.0000000180025095e-35 2.5000000000000004 -0.54831580864593621 1.4066094126709543 2.271423557725051
decision_type=2 2 2 2 2 2 2 2 2 2 2 2 2 2
left_child=-1 2 3 -2 5 6 -5 -8 9 10 -7 12 -11 -4
right_child=1 -3 13 4 -6 8 7 -9 -10 11 -12 -13 -14 -15
leaf_value=-0.027046026322564601 0.02330091284816781 0.025195605590088162 0.0070447231402069096 -0.024252871505575965 0.016564808780260783 0.022886638205104531 -0.014497765359704541 0.018562437502442585 -0.021591983677165676 -0.024358394842196936 -0.0014884576795639725 0.0052495424162630139 0.0050222113053540436 0.024128567634260838
leaf_weight=13.005190365249289 5.8134942799806586 8.4972673300653678 12.613881908357145 18.494662800570953 9.0483121941797418 5.747209524735811 4.4650743226520717 3.0872016937937579 4.9952973922481752 5.9279672250850091 13.446383865550159 5.9772246880456814 3.0217294381000102 8.4222781020216626
leaf_count=4472 148 260 882 4885 347 133 374 47 2029 1112 1151 262 159 179
internal_value=-0.000328668 0.00327086 0.000974239 -0.00309687 -0.00572202 -0.00921782 -0.0176972 7.34624e-05 -0.00298527 0.000783508 0.00728127 -0.00744468 -0.0153331 0.0153856
internal_weight=122.563 109.558 101.061 80.0246 74.2111 65.1628 26.0469 7.55228 39.1158 34.1205 19.1936 14.9269 8.9497 21.0362
internal_count=16440 11968 11708 10647 10499 10152 5306 421 4846 2817 1284 1533 1271 1061
is_linear=0
shrinkage=0.03


Tree=74
num_leaves=15
num_cat=0
split_feature=30 23 33 53 25 53 35 47 53 53 58 35 53 53
split_gain=16.66 8.87699 9.09018 7.91368 11.4813 4.6207 3.65519 2.12996 1.97652 2.85584 1.91545 1.60177 1.41887 1.24338
threshold=1.0000000180025095e-35 0.81666666666666676 1.0000000180025095e-35 3.2468620983371328 1.0000000180025095e-35 0.11165176876591411 0.44150000000000006 1.0000000180025095e-35 0.95502634113867735 1.5665898578755073 1.5000000000000002 0.62625000000000008 0.99541586762856193 2.5100182450186588
decision_type=2 2 2 2 2 2 2 2 2 2 2 2 2 2
left_child=1 6 3 4 -3 -6 -1 -5 11 -10 -11 -7 -4 -12
right_child=-2 2 12 7 5 8 -8 -9 9 10 13 -13 -14 -15
leaf_value=0.020097840704182041 0.026608523193878283 -0.029408031150953223 0.021376286012887588 -0.0051262825041126754 -0.024307952793597484 0.010271898550708409 -0.015164522169288184 0.021359422475865857 -0.020949143885033574 -0.0097718492734574572 0.016130981849375572 -0.012933578843483401 -0.0008644523149248859 -0.0083973272246616361
leaf_weight=14.451417091768237 16.735097555443645 27.266035566921346 7.8007527478039247 3.194086676812729 6.5163586359703904 15.626881157862956 1.641097510466351 5.8555313814431429 5.4933965157251832 4.9472640134626982 5.8431885562604293 1.401746910996734 3.3000077046453953 1.070682853925973
leaf_count=570 294 8823 168 641 1804 1618 185 164 662 775 206 364 71 103
internal_value=0.000530106 -0.00407143 -0.00784642 -0.0115329 -0.0150322 -0.00452419 0.015223 0.0127754 0.000355376 -0.00641375 0.00236959 0.00720308 0.015642 0.0113007
internal_weight=121.144 104.408 88.3159 77.2152 68.1656 40.8995 16.0925 9.04962 34.3832 17.3545 11.8611 17.0286 11.1008 6.91387
internal_count=16448 16154 15399 15160 14355 5532 755 805 3728 1746 1084 1982 239 309
is_linear=0
shrinkage=0.03


Tree=75
num_leaves=15
num_cat=0
split_feature=30 24 33 53 25 18 18 26 35 53 35 38 53 58
split_gain=17.9896 10.0486 7.75727 9.47655 9.7329 4.52943 4.42198 5.55443 3.92931 2.08453 1.92187 1.77782 1.59182 1.12397
threshold=1.0000000180025095e-35 1.0000000180025095e-35 1.0000000180025095e-35 3.9976927939054847 1.0000000180025095e-35 0.62019230769230782 0.35504201680672276 1.0000000180025095e-35 0.44150000000000006 0.99541586762856193 0.62625000000000008 1.0000000180025095e-35 5.3997877885463827 1.5000000000000002
decision_type=2 2 2 2 2 2 2 2 2 2 2 2 2 2
left_child=1 2 3 4 -1 6 7 11 -3 -4 13 -6 -5 -8
right_child=-2 8 9 12 5 -7 10 -9 -10 -11 -12 -13 -14 -15
leaf_value=-0.029231690377631268 0.027161195941343117 0.025766844010740444 0.020448407837009699 0.020413230745171516 -0.027760555000536626 -0.024624733953532811 0.0022215559728511807 0.016362590796079966 -0.01430833191511977 -0.0049525449339558854 -0.01453586867228757 0.0029946102110325517 -0.0089674730913908724 0.01580679426650607
leaf_weight=25.828929802635685 16.739861134439707 10.038785094860939 7.8750467170029861 7.2691995488712546 8.7516679022228328 7.4679665938019744 11.631189244915737 2.6802567511331281 1.3457524492405344 3.1800956949591637 1.6938775469316159 1.5752070603193704 0.83072133059613396 9.8472667131572944
leaf_count=8878 308 327 175 289 2485 1207 1173 90 185 76 401 253 327 270
internal_value=0.000147101 -0.00481815 -0.00831784 -0.0116886 -0.0153052 -0.00614437 -0.00123964 -0.0140723 0.0195994 0.0135023 0.00650937 -0.0233446 0.0162209 0.00926593
internal_weight=116.756 100.016 88.6314 77.5763 69.4764 43.6474 36.1795 13.0071 11.3845 11.0551 23.1723 10.3269 8.09992 21.4785
internal_count=16444 16136 15624 15373 14757 5879 4672 2828 512 251 1844 2738 616 1443
is_linear=0
shrinkage=0.03


Tree=76
num_leaves=15
num_cat=0
split_feature=52 24 54 37 33 37 52 59 49 53 53 59 10 10
split_gain=10.6908 5.70258 6.06522 10.0374 10.8135 3.5428 3.38133 4.47603 3.03892 1.73433 1.61261 1.36001 1.18997 0.758111
threshold=0.057316312316024874 1.0000000180025095e-35 0.63494323498367855 1.0000000180025095e-35 1.0000000180025095e-35 1.0000000180025095e-35 3.0714478637383658 1.0000000180025095e-35 1.0000000180025095e-35 1.6075917436324201 0.99541586762856193 1.5000000000000002 1.0000000180025095e-35 1.0000000180025095e-35
decision_type=2 2 2 2 2 2 2 2 2 2 2 2 2 2
left_child=-1 2 3 4 11 -3 7 9 -8 -4 13 12 -2 -6
right_child=1 5 6 -5 10 -7 8 -9 -10 -11 -12 -13 -14 -15
leaf_value=-0.026406863299393991 -0.023496708136440076 0.025941431134526755 -0.017072470380471414 0.022565330499638093 0.02281428479384855 -0.012972791258428479 0.023156999060611104 0.017127878914622592 -0.012933774932044381 0.0018743653657669042 -0.004467118592534282 0.0022207034567555441 0.0030185152374201905 -0.00065104588530457384
leaf_weight=11.247432104079051 29.474801086820666 10.279569032136347 7.4521802809322271 6.693994039669632 5.6717540789395553 1.271649532485754 12.873336098389698 7.6093271002173415 1.1379931573756028 7.3916793096577749 2.7424200149253011 1.7914274579379696 1.1522301221266378 1.3481246288865802
leaf_count=4503 7621 343 1478 166 147 174 499 202 101 851 70 74 184 20
internal_value=-0.0011153 0.00229533 -0.00056242 -0.00734698 -0.0129006 0.0203751 0.00844036 0.000851372 0.0189763 -0.00853537 0.0128938 -0.0209661 -0.0223753 0.0191628
internal_weight=108.138 96.8905 85.3393 48.8748 42.1808 11.5512 36.4645 22.4532 14.0113 14.8439 9.7623 32.4185 30.627 7.01988
internal_count=16433 11930 11413 8282 8116 517 3131 2531 600 2329 237 7879 7805 167
is_linear=0
shrinkage=0.03


Tree=77
num_leaves=15
num_cat=0
split_feature=53 41 36 55 59 19 53 33 53 25 19 25 25 35
split_gain=6.95446 4.89194 5.37909 2.72493 4.34389 8.79177 3.69903 2.75732 2.98269 3.39858 2.65078 2.44847 1.74278 1.51364
threshold=0.010649154735001162 1.0000000180025095e-35 1.0000000180025095e-35 2.271423557725051 1.0000000180025095e-35 6.5000000000000009 0.4074831712993664 1.0000000180025095e-35 3.438811922224569 1.5000000000000002 4.5000000000000009 1.5000000000000002 5.5000000000000009 1.0000000180025095e-35
decision_type=2 2 2 2 2 2 2 2 2 2 2 2 2 2
left_child=-1 2 3 4 5 7 -6 8 9 13 11 -8 -11 -2
right_child=1 -3 -4 -5 6 -7 10 -9 -10 12 -12 -13 -14 -15
leaf_value=-0.024653883838221962 -0.013574254648158706 -0.018006414452771371 -0.022694736408650922 0.020965765174070325 -0.016082847634930723 -0.021981352334243448 -0.010789303509781127 0.019431352309721303 0.017160820595437821 0.017419700227832232 0.020941835356722734 0.017383846291805338 -0.010971329395540982 0.010978225430533626
leaf_weight=7.7776121638016766 15.666026990395048 8.133294419734737 4.434871307341381 7.6256387769244602 2.0983820869587388 12.024856689968145 5.0669922558590796 7.8566332571208468 5.8523393156938246 5.9024064023978999 19.967929848935455 2.5733676329255104 1.081647685030475 1.0788460746407498
leaf_count=3211 2376 3154 1150 357 772 3298 289 180 332 302 523 92 305 21
internal_value=-0.000499533 0.00184028 0.00395797 0.00580031 0.00385896 -0.00163536 0.0125333 0.00568299 0.00103218 -0.00397044 0.0156478 0.000337622 0.0115591 -0.0109898
internal_weight=107.141 99.3632 91.2299 86.7951 79.1694 49.4628 29.7067 37.4379 29.5813 23.7289 27.6083 7.64036 6.98405 16.7449
internal_count=16362 13151 9997 8847 8490 6814 1676 3516 3336 3004 904 381 607 2397
is_linear=0
shrinkage=0.03


Tree=78
num_leaves=15
num_cat=0
split_feature=52 36 41 56 20 37 25 52 23 52 53 25 53 53
split_gain=10.1995 5.29871 5.46692 3.42558 7.32106 3.38644 2.432 3.4334 2.89797 1.53056 1.27189 1.4554 1.38566 1.24085
threshold=0.057316312316024874 1.0000000180025095e-35 1.5000000000000002 1.0000000180025095e-35 4.5000000000000009 1.0000000180025095e-35 1.5000000000000002 2.9453808215463142 0.41666666666666674 3.009344842060647 0.56450435462351634 1.0000000180025095e-35 1.4066094126709543 2.5242680868836214
decision_type=2 2 2 2 2 2 2 2 2 2 2 2 2 2
left_child=-1 2 3 4 5 -2 7 10 -8 -10 11 -6 -12 -14
right_child=1 -3 -4 -5 6 -7 8 -9 9 -11 12 -13 13 -15
leaf_value=-0.026000572646774248 -0.020852714036141189 -0.023014273106164301 -0.021817133894761274 0.024331600056294849 0.014771473121687096 0.010861258541331074 -0.012855200196739301 0.015477975928712034 0.025529770366006524 -0.0059911972096829396 -0.013277561559571887 -0.0049527443030880107 0.0073153250520687644 -0.0084359473678668386
leaf_weight=10.286000499036161 10.903358820942229 4.6117588854394844 4.5451222601113832 7.0562812360003582 6.3600648154970241 2.5855269001331171 1.0375898471102107 17.045381835196167 12.19455364742316 0.7897283276543029 7.6830964630935368 4.3263193112798035 9.3382717404747364 5.4919026710558674
leaf_count=4511 2786 1194 2611 256 294 151 110 960 408 156 771 765 768 693
internal_value=-0.000268962 0.00303082 0.00484942 0.0067482 0.00458238 -0.0141563 0.00882396 0.00532329 0.0191377 0.0230688 -0.000473534 0.00726431 -0.00443948 0.001173
internal_weight=104.255 93.969 89.3572 84.8121 77.7558 13.4889 64.2669 50.245 14.0219 12.9843 33.1997 10.6864 22.5133 14.8302
internal_count=16434 11923 10729 8118 7862 2937 4925 4251 674 564 3291 1059 2232 1461
is_linear=0
shrinkage=0.03


Tree=79
num_leaves=15
num_cat=0
split_feature=30 56 27 19 25 25 41 58 53 19 53 53 25 19
split_gain=13.8217 6.10534 4.70778 5.4834 2.66095 2.64993 2.44195 2.24769 2.11139 1.48497 2.20337 1.29789 1.45567 1.29788
threshold=1.0000000180025095e-35 1.0000000180025095e-35 1.0000000180025095e-35 8.5000000000000018 5.5000000000000009 1.5000000000000002 1.5000000000000002 2.5000000000000004 1.7580705148130871 2.5000000000000004 2.5100182450186588 0.034778350081199443 2.5000000000000004 5.5000000000000009
decision_type=2 2 2 2 2 2 2 2 2 2 2 2 2 2
left_child=1 2 3 6 -5 7 8 -4 11 -10 -11 -1 -13 -14
right_child=-2 -3 5 4 -6 -7 -8 -9 9 10 -12 12 13 -15
leaf_value=-0.016702630804162455 0.02624805580275201 0.022597472675342088 -0.026970180645198995 -0.025365041701930737 0.0063260851120467646 0.011715800381799439 -0.018836958012997472 0.0087628785552600827 0.022323768933148459 0.01378984237053402 -0.0071197238950721142 0.0050289985256835512 0.0034553303602312367 -0.015698964136229582
leaf_weight=2.3335951473563901 14.098228329792617 5.2724176095798603 12.767207025666716 9.6331276957644132 2.1308290036395183 0.93076369166374284 2.8977929011452934 0.83650325797498304 4.8966893358156112 7.8923432718729583 6.6641376127954572 21.682556378305893 4.5425220892066118 5.3879502216586843
leaf_count=1085 301 202 3464 4200 355 3 1564 8 165 513 700 2186 658 1010
internal_value=0.000660108 -0.00393818 -0.00612625 -0.00255738 -0.0195396 -0.0205076 0.00153984 -0.0239314 0.00328572 0.0106599 0.00451349 -0.00129802 0.000765267 -0.00782673
internal_weight=101.967 87.8684 82.596 68.0615 11.764 14.5345 56.2976 13.6037 53.3998 19.4532 14.5565 33.9466 31.613 9.93047
internal_count=16414 16113 15911 12436 4555 3475 7881 3472 6317 1378 1213 4939 3854 1668
is_linear=0
shrinkage=0.03


Tree=80
num_leaves=15
num_cat=0
split_feature=53 41 36 40 53 19 59 19 19 59 25 47 3 26
split_gain=6.21882 4.43433 4.90616 1.96953 1.91697 3.21462 5.06675 3.70587 2.54722 1.47437 1.4736 1.26404 1.22849 1.06396
threshold=0.010649154735001162 1.0000000180025095e-35 1.0000000180025095e-35 0.77500000000000013 0.56450435462351634 2.5000000000000004 1.0000000180025095e-35 4.5000000000000009 5.5000000000000009 1.0000000180025095e-35 1.5000000000000002 1.0000000180025095e-35 1.0000000180025095e-35 1.5000000000000002
decision_type=2 2 2 2 2 2 2 2 2 2 2 2 2 2
left_child=-1 2 3 -2 9 -6 8 -8 10 11 -7 -5 -11 -10
right_child=1 -3 -4 4 5 6 7 -9 13 12 -12 -13 -14 -15
leaf_value=-0.023915728762485312 0.021976710953682699 -0.017296598788690051 -0.021771880662631148 0.015540060211264917 0.021329260545164132 -0.0048801528813701475 -0.010073922075977463 0.017329511295687532 -0.018804195126059353 -0.015323958453531168 0.01466718355678979 -0.0096254772945569105 0.010581888940177165 0.0073174658308242839
leaf_weight=6.7952889765147111 4.8413896504789582 7.3001267010113216 4.0444102650508276 20.729315005359247 4.4001867808401576 11.055755152949134 4.6392602893756729 14.022325626341624 13.853305293479931 1.9060005410574368 2.7289579078787929 0.64391820784658094 1.0514614302664995 0.50974675267934877
leaf_count=3181 168 3186 1145 1787 166 1308 301 423 3683 782 207 14 28 4
internal_value=0.000208286 0.00246765 0.00453733 0.00635751 0.00481544 0.0013755 -0.00129732 0.0102013 -0.00909179 0.0114012 0.000357714 0.0140231 -0.00556034 -0.0170961
internal_weight=98.5214 91.7262 84.426 80.3816 75.5402 51.2095 46.8094 18.6616 28.1478 24.3307 13.7847 21.3732 2.95746 14.3631
internal_count=16383 13202 10016 8871 8703 6092 5926 724 5202 2611 1515 1801 810 3687
is_linear=0
shrinkage=0.03


Tree=81
num_leaves=15
num_cat=0
split_feature=30 52 59 19 27 41 38 36 33 15 18 40 23 18
split_gain=11.4123 6.48586 5.12715 6.48961 4.35728 2.45646 2.28708 1.9203 1.91891 2.39717 1.41872 2.70973 0.815093 1.34105
threshold=1.0000000180025095e-35 0.057316312316024874 1.0000000180025095e-35 5.5000000000000009 1.0000000180025095e-35 1.5000000000000002 0.3928571428571429 1.0000000180025095e-35 1.0000000180025095e-35 1.0000000180025095e-35 0.63961038961038974 0.77500000000000013 0.81666666666666676 0.59411764705882364
decision_type=2 2 2 2 2 2 2 2 2 2 2 2 2 2
left_child=1 -1 3 4 5 8 -5 10 9 12 -4 -12 -3 -14
right_child=-2 2 7 6 -6 -7 -8 -9 -10 -11 11 -13 13 -15
leaf_value=-0.025384757232132765 0.024729146171876413 0.0079519862854284581 0.01605281765642199 -0.024842525190519705 -0.018906061015482777 -0.015911969940455524 5.4942893147574227e-05 -0.013392163022312309 0.020224039063045977 0.017052895273470495 0.016471604397160614 -0.016336776285059182 0.0043779575860657975 -0.015137568860158363
leaf_weight=9.089932927512562 12.584379039704798 2.1827518953941807 17.724171782378114 13.805467430851424 5.3184895624872288 1.9936061087064434 4.1925915268948293 1.2637358610518266 8.1454339111223799 5.2940907822921863 2.2677064575254917 2.8397988658398381 4.0904688946902787 5.9016555668786168
leaf_count=4502 300 186 586 5361 1096 1060 518 216 192 185 80 244 668 1289
internal_value=0.000192068 -0.00396822 -0.000781459 -0.00612829 0.00194609 0.00696886 -0.0196173 0.0101224 0.00977317 0.00332316 0.0123978 -0.00123401 -0.00421075 -0.00775076
internal_weight=96.6943 84.1099 75.02 50.9246 32.9265 27.608 17.9981 24.0954 25.6144 17.469 22.8317 5.10751 12.1749 9.99212
internal_count=16483 16183 11681 10555 4676 3580 5879 1126 2520 2328 910 324 2143 1957
is_linear=0
shrinkage=0.03


Tree=82
num_leaves=15
num_cat=0
split_feature=30 24 47 3 52 53 59 53 19 52 36 18 26 44
split_gain=12.6301 7.86088 4.28632 3.07749 2.88928 3.08719 3.6684 3.02166 2.04591 1.95153 2.69576 1.99226 2.5477 1.27304
threshold=1.0000000180025095e-35 1.0000000180025095e-35 1.0000000180025095e-35 1.0000000180025095e-35 0.057316312316024874 0.95502634113867735 1.0000000180025095e-35 1.5665898578755073 2.5000000000000004 2.5242680868836214 1.0000000180025095e-35 0.35504201680672276 1.0000000180025095e-35 11.500000000000002
decision_type=2 2 2 2 2 2 2 2 2 2 2 2 2 2
left_child=1 2 4 -3 -1 9 -7 -8 -4 10 11 12 13 -6
right_child=-2 3 8 -5 5 6 7 -9 -10 -11 -12 -13 -14 -15
leaf_value=-0.02511405098978783 0.025377927431412754 0.024884171678237192 0.0214895742697504 -0.012434650336834574 -0.020911869597158541 -0.02160001505352967 -0.017723748827809947 0.0098261765498143909 -0.011717035691716745 -0.01507390375076683 -0.017865085984693347 0.013312333899666942 0.0151847302493397 0.0091470800094901605
leaf_weight=8.6328031187877041 12.779041907750068 8.0701992064714396 4.3440332440659395 1.1814872799441225 3.9296288370387726 17.976611768477596 3.6422543631633761 7.8184164399281144 0.84004655387252558 4.2118843800853929 2.4995402429485685 14.312246935092842 1.8269941993057726 0.39541367499623437
leaf_count=4466 306 330 168 185 1659 5920 268 309 17 574 766 1363 40 34
internal_value=-0.000145605 -0.00476014 -0.00828171 0.0187552 -0.0104527 -0.00743631 -0.0138377 -0.00026183 0.0143447 -2.89505e-05 0.00371709 0.00770901 -0.00539457 -0.0161404
internal_weight=92.4606 79.6816 70.4299 9.25169 65.2458 56.613 29.4373 11.4607 5.18408 27.1757 22.9638 20.4643 6.15204 4.32504
internal_count=16405 16099 15584 515 15399 10933 6497 577 185 4436 3862 3096 1733 1693
is_linear=0
shrinkage=0.03


Tree=83
num_leaves=15
num_cat=0
split_feature=52 41 35 24 2 33 52 44 53 52 44 55 53 44
split_gain=8.0028 3.66736 2.24946 2.6172 2.91777 4.66521 2.39184 2.09363 1.30988 1.19474 1.71073 2.7259 2.17356 0.963547
threshold=0.057316312316024874 1.0000000180025095e-35 0.62625000000000008 1.0000000180025095e-35 1.0000000180025095e-35 1.0000000180025095e-35 1.4066094126709543 1.0000000180025095e-35 0.99541586762856193 6.2838202790140754 1.0000000180025095e-35 2.698892967555603 0.95502634113867735 6.5000000000000009
decision_type=2 2 2 2 2 2 2 2 2 2 2 2 2 2
left_child=-1 2 3 4 9 6 -6 -8 -7 10 11 12 -2 -9
right_child=1 -3 -4 -5 5 8 7 13 -10 -11 -12 -13 -14 -15
leaf_value=-0.025017401672949666 -0.020575612443068776 -0.016145733233914578 -0.016656514733534116 0.020777158608580423 -0.018558971966782328 0.02172309531996677 -0.016308069557788768 0.0134107777311033 -0.002469571834299075 0.02139680103533332 0.012801766198052766 0.017624105887164284 0.0023041135143178041 -0.0088358515291147403
leaf_weight=8.2811898350482789 4.3602293807780397 6.172271058370824 2.2061813210602841 7.7124861110933116 11.464060036581946 4.7642272356897584 2.2261580781778303 5.9427647837437689 2.3355707610026002 4.5076557323336592 15.511723315226844 3.3809237147215745 8.2116068142931891 0.75499175977893163
leaf_count=4463 1316 2973 596 404 2294 154 691 563 58 189 1257 178 1092 148
internal_value=-7.6677e-05 0.0030695 0.00507131 0.00618168 0.00382723 -0.00340449 -0.0105692 0.00121344 0.014971 0.00924154 0.00632545 -0.000696436 -0.00736605 0.00944795
internal_weight=87.832 79.5509 73.3786 71.1724 63.4599 27.4878 20.388 8.92391 7.0998 35.9721 31.4645 15.9528 12.5718 6.69776
internal_count=16376 11913 8940 8344 7940 3908 3696 1402 212 4032 3843 2586 2408 711
is_linear=0
shrinkage=0.03


Tree=84
num_leaves=15
num_cat=0
split_feature=52 41 24 37 52 33 52 58 52 8 7 53 18 20
split_gain=7.73298 3.78375 2.26185 3.18812 3.28546 3.49583 3.68777 3.22928 2.81552 2.56559 1.81923 1.61095 1.20044 1.2235
threshold=0.057316312316024874 1.0000000180025095e-35 1.0000000180025095e-35 1.0000000180025095e-35 3.0714478637383658 1.0000000180025095e-35 0.62963017883289629 1.0000000180025095e-35 1.4066094126709543 1.0000000180025095e-35 1.0000000180025095e-35 0.95502634113867735 0.78174603174603186 5.5000000000000009
decision_type=2 2 2 2 2 2 2 2 2 2 2 2 2 2
left_child=-1 2 3 4 5 6 7 11 -8 -4 -6 -2 13 -10
right_child=1 -3 9 -5 10 -7 8 -9 12 -11 -12 -13 -14 -15
leaf_value=-0.024695084985430854 -0.019848526935899325 -0.01620114032095428 0.024310230564760383 0.022232405286556289 0.016455170278528535 0.015531075830632318 -0.025139453097860667 0.014932023514017871 0.0041787735119731264 -0.011067087284107437 -0.012165335340249194 0.0018793738133820073 0.012758027759679177 -0.013900873425794808
leaf_weight=7.8672271930263369 3.4255071204388532 6.0903565995977251 7.3049234133213741 5.1238248627632847 12.128354593529362 5.9501046808436504 9.143524154089393 8.9082351565593836 4.2343951303046179 1.0649563972838221 0.85371519427280951 6.3672694202396087 1.4199188051279623 6.8697282997891307
leaf_count=4461 1392 2955 329 153 785 196 2334 459 731 190 165 956 54 1146
internal_value=0.000386747 0.00343694 0.00546925 0.00326363 0.000952764 -0.00288425 -0.00620357 0.00342587 -0.0141018 0.0185426 0.0132003 -0.00779826 -0.00369136 -0.00742093
internal_weight=86.752 78.8848 72.7945 64.4246 59.3008 46.3187 40.3686 18.701 21.6676 8.36988 12.9821 9.79278 12.524 11.1041
internal_count=16306 11845 8890 8371 8218 7268 7072 2807 4265 519 950 2348 1931 1877
is_linear=0
shrinkage=0.03


Tree=85
num_leaves=15
num_cat=0
split_feature=56 40 55 48 49 53 19 36 53 53 44 26 23 53
split_gain=5.0319 3.91874 4.45999 2.88963 2.5937 2.10234 1.78689 1.71707 1.83489 1.97439 2.68463 2.03271 1.3418 1.67349
threshold=1.0000000180025095e-35 0.77500000000000013 2.5540139374371491 1.0000000180025095e-35 1.0000000180025095e-35 0.11165176876591411 2.5000000000000004 1.0000000180025095e-35 0.56450435462351634 1.4066094126709543 5.5000000000000009 1.0000000180025095e-35 0.70833333333333348 2.5467889716101815
decision_type=2 2 2 2 2 2 2 2 2 2 2 2 2 2
left_child=1 -1 3 4 -3 -6 -5 8 -7 10 11 -10 -11 -14
right_child=-2 2 -4 6 5 7 -8 -9 9 12 -12 -13 13 -15
leaf_value=0.02064130208414499 0.022853760351383565 -0.017551760091250378 0.018724927403540127 0.020148179839405624 -0.021117608427488509 0.012438613406866743 -0.011223298622736119 -0.01887215633949341 -0.024924121303227742 -0.014854947414268032 0.010641877339171494 0.00094124016515181473 0.010398357871776832 -0.0082441625690988281
leaf_weight=4.0071228919550768 5.5283831181004635 17.960242438188288 4.8746629434172055 3.7323605157434931 3.9208424290991379 6.7151844089385113 0.8180710170418023 2.7957662957487619 7.0048807903658581 1.373262067441831 2.6278228578157714 3.72421934758313 14.16625126253348 4.2449095157207912
leaf_count=169 252 8370 319 164 1740 411 20 776 1679 166 373 195 1059 616
internal_value=-0.000609675 -0.0028034 -0.00458369 -0.00670895 -0.00842835 -0.00433221 0.0128035 -0.00191244 0.000122118 -0.00293937 -0.011057 -0.0172087 0.00305304 0.00571346
internal_weight=83.494 77.9656 73.9585 69.0838 64.5334 46.5731 4.55043 42.6523 39.8565 33.1413 13.3569 10.7291 19.7844 18.4112
internal_count=16309 16057 15888 15569 15385 7015 184 5275 4499 4088 2247 1874 1841 1675
is_linear=0
shrinkage=0.03


Tree=86
num_leaves=15
num_cat=0
split_feature=24 37 55 33 3 19 27 48 58 10 19 19 58 55
split_gain=3.78961 5.40083 4.94592 7.72502 3.36552 1.94741 2.11389 1.95877 1.58954 1.26427 1.15601 1.06745 0.85707 0.726095
threshold=1.0000000180025095e-35 1.0000000180025095e-35 0.58500099808753236 1.0000000180025095e-35 1.0000000180025095e-35 1.5000000000000002 1.5000000000000002 2.5000000000000004 1.0000000180025095e-35 1.0000000180025095e-35 5.5000000000000009 6.5000000000000009 1.0000000180025095e-35 -0.65135202080771037
decision_type=2 2 2 2 2 2 2 2 2 2 2 2 2 2
left_child=1 2 3 9 -2 -4 7 -7 11 12 -10 -8 -1 -5
right_child=4 -3 5 13 -6 6 8 -9 10 -11 -12 -13 -14 -15
leaf_value=-0.023234642509508414 0.024245765373469359 0.021666033332091404 -0.015470749541046535 0.017820917222348027 -0.014427760055120028 0.020632953425964717 0.00016456690770462254 -0.011016345396128439 -0.0032874557239881922 0.0059208902652537433 0.018749328707696102 -0.01802005818559629 -0.010528404131944866 -0.00052476188917587507
leaf_weight=17.832237384864133 7.1807051524519903 5.7261683046817771 1.9938143150648127 5.3800893956795335 1.1639880350558085 9.2329447098309174 7.6729593895724992 0.79475689958781082 2.724999238504096 1.1140321299899358 3.3300108010880649 2.6407983545796014 13.921550076338461 2.483147620689123
leaf_count=8739 341 177 1019 148 190 606 1064 18 122 181 109 1191 2484 100
internal_value=5.96293e-05 -0.00223643 -0.00477015 -0.0112522 0.0171048 0.00465803 0.00716096 0.0167098 0.000128767 -0.0174942 0.0104781 -0.00666211 -0.0186179 0.0130958
internal_weight=83.1922 74.8475 69.1213 40.7311 8.34469 28.3903 26.3965 10.0277 16.3688 32.8678 6.05501 10.3138 31.7538 7.86324
internal_count=16489 15958 15781 11652 531 4129 3110 624 2486 11404 231 2255 11223 248
is_linear=0
shrinkage=0.03


Tree=87
num_leaves=15
num_cat=0
split_feature=53 56 55 21 36 47 33 49 53 53 59 55 53 55
split_gain=4.45641 3.43061 2.79325 2.67865 2.54328 1.75834 1.8686 4.12336 1.81057 1.23957 1.7488 1.02924 0.938228 0.843914
threshold=0.010649154735001162 1.0000000180025095e-35 2.271423557725051 16.500000000000004 1.0000000180025095e-35 1.0000000180025095e-35 1.0000000180025095e-35 1.0000000180025095e-35 0.11165176876591411 0.56450435462351634 1.0000000180025095e-35 -0.69236810396699655 0.99541586762856193 1.3022852827973452
decision_type=2 2 2 2 2 2 2 2 2 2 2 2 2 2
left_child=-1 2 3 4 5 6 7 -2 -9 -10 13 -12 -8 -11
right_child=1 -3 -4 -5 -6 -7 12 8 9 10 11 -13 -14 -15
leaf_value=-0.022332564140022566 -0.022676618436813165 0.022243650751698402 0.018292756559377458 -0.018957559262176238 -0.019821652148216847 0.017437202260434138 0.018256818584860127 -0.017144576365351133 0.015215406818258247 -0.0098398726912304352 -0.010077020452517672 0.0099835752524542881 -0.0034104773781943108 0.0027964804020107845
leaf_weight=5.2305129286833099 5.3077608479652545 5.052555779926478 5.0055749537423244 5.1612206979189059 3.1292621543980195 4.1143475556746116 4.9502665847539893 2.1848647463484658 4.8991229520179322 10.605315594235437 1.02290434855968 15.188332189805804 1.6794101637788115 6.4807411320507518
leaf_count=3226 2051 255 366 3907 993 185 165 833 371 2580 49 629 46 711
internal_value=0.000187889 0.00230374 0.000278973 -0.00162073 0.000448626 0.0022126 0.000417385 -0.00192223 0.00174714 0.00362703 0.00115648 0.00775011 0.0132498 -0.00525611
internal_weight=80.0122 74.7817 69.7291 64.7235 59.5623 56.4331 52.3187 45.689 40.3813 38.1964 33.2973 16.2112 6.62968 17.0861
internal_count=16367 13141 12886 12520 8613 7620 7435 7224 5173 4340 3969 678 211 3291
is_linear=0
shrinkage=0.03


Tree=88
num_leaves=15
num_cat=0
split_feature=52 41 56 20 35 44 52 60 35 35 44 26 55 18
split_gain=6.65019 3.26383 2.45011 2.34723 1.66745 2.67262 2.39916 3.08276 1.52395 2.17315 1.45768 1.42678 1.09475 1.19879
threshold=0.057316312316024874 1.0000000180025095e-35 1.0000000180025095e-35 3.5000000000000004 0.37565000000000009 1.5000000000000002 1.4066094126709543 1.0000000180025095e-35 0.51715000000000011 0.62625000000000008 6.5000000000000009 1.0000000180025095e-35 2.396616099697257 0.77350427350427364
decision_type=2 2 2 2 2 2 2 2 2 2 2 2 2 2
left_child=-1 2 3 11 5 6 7 -5 -6 -10 -7 -2 13 -8
right_child=1 -3 -4 4 8 10 12 -9 9 -11 -12 -13 -14 -15
leaf_value=-0.023940956144353175 -0.017537247125894804 -0.016105789532544351 0.022260605523357384 0.006558011534966106 -0.019918691967279495 0.023033734317756762 -0.0009321621552828552 -0.018726926604455921 0.017122118862131136 -0.014261716516723314 -0.00012630410683367343 0.0099165061624693299 0.019538145593267831 0.014382839498440096
leaf_weight=6.9071945357718496 5.0571413379511787 5.0417418444412752 5.0574088161811224 7.1464576531434414 2.3546565673314026 9.5769513681880181 13.129711364221299 6.6918151220306754 2.4770718328654766 1.649061528383754 3.0734021818498141 0.82285677641630162 4.3063617177540428 4.9027017309563226
leaf_count=4546 2168 2960 258 912 679 596 1542 1147 83 562 421 5 218 436
internal_value=0.000550806 0.00351245 0.00543377 0.00338242 0.00540061 0.00731147 0.00276615 -0.00648987 -0.00732526 0.00401804 0.0181579 -0.0121536 0.00856213 0.00425196
internal_weight=78.1945 71.2873 66.2456 61.1882 55.3082 48.8274 36.177 13.8383 6.48079 4.12613 12.6504 5.88 22.3388 18.0324
internal_count=16533 11987 9027 8769 6596 5272 4255 2059 1324 645 1017 2173 2196 1978
is_linear=0
shrinkage=0.03


Tree=89
num_leaves=15
num_cat=0
split_feature=30 27 41 36 25 5 13 16 4 48 35 25 56 25
split_gain=8.95451 4.37905 2.99064 2.79698 2.27482 1.90269 1.92344 1.79722 1.81004 0.789901 0.690894 0.509408 0.896598 0.479716
threshold=1.0000000180025095e-35 1.0000000180025095e-35 1.0000000180025095e-35 1.0000000180025095e-35 1.0000000180025095e-35 1.0000000180025095e-35 1.0000000180025095e-35 1.0000000180025095e-35 1.0000000180025095e-35 2.5000000000000004 0.65070000000000017 1.5000000000000002 1.0000000180025095e-35 1.5000000000000002
decision_type=2 2 2 2 2 2 2 2 2 2 2 2 2 2
left_child=1 2 3 5 -3 6 7 8 9 10 13 12 -6 -1
right_child=-2 4 -4 -5 11 -7 -8 -9 -10 -11 -12 -13 -14 -15
leaf_value=0.0077847296013041391 0.024213111990326278 -0.026452630670957232 -0.017723995396507167 -0.018850793427800105 -0.012375776713576933 -0.016868072751969138 -0.014793948847249735 -0.013635006544583165 -0.013045150417577424 -0.0082258810508088562 -0.0070615221266307438 0.010286690477472295 0.0094769104759525324 0.015928773814863562
leaf_weight=22.260663211927749 10.321580061689017 7.7966035291901772 5.2867407716112202 2.9458743722643694 2.6428737104870383 1.5147282037069079 1.830731086549348 1.5888110322994169 1.4599902719492082 0.58401910215616126 0.55998747155535866 0.78944137692451466 0.88871282618492831 16.736140761815477
leaf_count=2385 314 3149 3194 1158 335 648 1197 1201 1002 19 95 3 36 1684
internal_value=0.00067381 -0.00355625 0.000274126 0.00281098 -0.0184546 0.00490254 0.00632135 0.00783153 0.00923921 0.0106304 0.0112913 -0.000219739 -0.00543842 0.0118864
internal_weight=77.2069 66.8853 54.7677 49.4809 12.1176 46.5351 45.0203 43.1896 41.6008 40.1408 39.5568 4.32103 3.53159 38.9968
internal_count=16420 16106 12583 9389 3523 8231 7583 6386 5185 4183 4164 374 371 4069
is_linear=0
shrinkage=0.03


Tree=90
num_leaves=15
num_cat=0
split_feature=30 22 33 53 25 8 53 5 55 35 25 20 52 19
split_gain=8.09659 4.87799 4.50613 3.90211 6.70161 2.92793 2.26372 2.46803 1.52013 1.30726 1.06659 1.15507 1.23013 0.972262
threshold=1.0000000180025095e-35 0.81666666666666676 1.0000000180025095e-35 4.4286732178570221 1.0000000180025095e-35 1.0000000180025095e-35 0.11165176876591411 1.0000000180025095e-35 1.1513862172983296 0.62625000000000008 6.5000000000000009 7.5000000000000009 0.99541586762856193 2.5000000000000004
decision_type=2 2 2 2 2 2 2 2 2 2 2 2 2 2
left_child=1 5 3 4 -3 -1 -6 8 9 10 11 -8 -13 -5
right_child=-2 2 -4 13 6 -7 7 -9 -10 -11 -12 12 -14 -15
leaf_value=0.023439776621666738 0.023589448551312463 -0.027925372632004185 0.01296332469426837 0.018191714909170202 -0.020890819575602255 -0.013809831324528454 0.015080890740998118 -0.022305936364144935 -0.012993953790181329 -0.012530140723041502 -0.0043878869117401596 -0.014939939225071001 0.0092079965616626552 -0.0066965093033779077
leaf_weight=6.2336997874081126 9.1021570060402137 15.345126407861242 6.924957711249589 3.448353487707208 3.9331618605647263 1.0297673760214818 12.656840610317902 1.9859781457926136 2.6279100455576545 1.3320711340638798 3.8211840667645438 1.5287028949824155 2.1840816446347162 0.74823687906609837
leaf_count=338 285 8898 244 325 1833 187 1258 609 310 535 816 209 223 226
internal_value=-0.000111522 -0.00410709 -0.00719896 -0.0104066 -0.0130298 0.0163174 -0.00416096 -0.000337396 0.00303692 0.00593263 0.00817023 0.0112603 -0.00248418 0.0130251
internal_weight=72.9022 63.8001 56.5366 49.6116 45.4151 7.26347 30.0699 26.1368 24.1508 21.5229 20.1908 16.3696 3.71278 4.19659
internal_count=16296 16011 15486 15242 14691 525 5793 3960 3351 3041 2506 1690 432 551
is_linear=0
shrinkage=0.03


Tree=91
num_leaves=15
num_cat=0
split_feature=52 41 24 37 1 33 3 25 52 53 23 52 58 19
split_gain=5.36196 2.49012 1.57019 2.80313 2.88126 4.22032 2.14315 1.40271 1.45457 1.24285 1.18446 1.06612 0.948916 1.20957
threshold=0.057316312316024874 1.0000000180025095e-35 1.0000000180025095e-35 1.0000000180025095e-35 1.0000000180025095e-35 1.0000000180025095e-35 1.0000000180025095e-35 10.500000000000002 1.4066094126709543 0.99541586762856193 0.77500000000000013 6.2838202790140754 1.0000000180025095e-35 5.5000000000000009
decision_type=2 2 2 2 2 2 2 2 2 2 2 2 2 2
left_child=-1 2 3 4 5 7 -4 8 10 -7 -2 12 -6 -14
right_child=1 -3 6 -5 11 9 -8 -9 -10 -11 -12 -13 13 -15
leaf_value=-0.02310754048981507 -0.00015476869151762209 -0.014378693255809717 0.022811418575860273 0.021277162418764761 -0.00072686087073031713 0.020226220738453496 -0.010688790003687141 0.0055653380077759843 -0.0045321148206011212 -0.0043129940418352841 -0.026933050683541775 0.019456148379077436 -0.003350527465507059 0.020055339539779362
leaf_weight=5.9738154365331857 1.7878683552844528 4.8504378141951738 5.6804207800887516 4.460607022047042 14.032000622595666 3.8249129978939882 0.93244030838832248 2.230696818442083 7.938440339639782 1.8456544955261049 7.5592299924464905 3.4514112165197721 2.332106403540819 3.4890023865737021
leaf_count=4455 134 2994 331 164 2778 149 184 305 1837 60 2649 192 128 117
internal_value=0.000141341 0.00292835 0.00475901 0.00271383 0.000231064 -0.0065588 0.0167026 -0.0129922 -0.0157158 0.0131972 -0.0227411 0.00750773 0.00384 0.0122194
internal_weight=70.389 64.4152 59.5648 52.9519 48.4913 25.1868 6.61286 19.5162 17.2855 5.67057 9.3471 23.3045 19.8531 5.82111
internal_count=16477 12022 9028 8513 8349 5134 515 4925 4620 209 2783 3215 3023 245
is_linear=0
shrinkage=0.03


Tree=92
num_leaves=15
num_cat=0
split_feature=30 27 18 36 43 18 56 44 39 44 56 44 37 48
split_gain=7.76684 4.36135 5.74036 2.83283 2.24897 1.84252 1.76485 1.45308 1.37738 1.35162 1.31288 1.0608 1.01512 0.861069
threshold=1.0000000180025095e-35 1.0000000180025095e-35 0.35504201680672276 1.0000000180025095e-35 1.0000000180025095e-35 0.87867647058823539 1.0000000180025095e-35 1.5000000000000002 1.0000000180025095e-35 1.5000000000000002 1.0000000180025095e-35 6.5000000000000009 1.0000000180025095e-35 2.5000000000000004
decision_type=2 2 2 2 2 2 2 2 2 2 2 2 2 2
left_child=1 2 10 4 5 8 7 -3 9 13 12 -11 -1 -4
right_child=-2 6 3 -5 -6 -7 -8 -9 -10 11 -12 -13 -14 -15
leaf_value=-0.025125679166534173 0.023529991980099096 -0.025180801359376295 0.0081515033734302616 -0.017926956738796372 -0.013294410829437558 -0.013007449325448102 0.0087370967132626744 0.007532683559916621 -0.011724660539890436 0.023802152621157778 0.0071647282397808258 0.0019715037338090655 0.003406694197897939 -0.010491039641371378
leaf_weight=7.4983644353924284 8.9534259503707272 9.662555628805416 21.063263114541773 2.5248297813232048 2.6151850466849274 1.461478717799763 0.79533808212727386 0.47984302043914873 0.77489154192153264 9.3409624695777875 0.61739224521443326 2.9001649138517669 0.77278580225538451 0.76168446056544681
leaf_count=4369 301 3455 2662 886 2394 1095 37 1 116 575 48 373 80 20
internal_value=0.000211925 -0.00383172 0.00015557 0.00503183 0.00732475 0.00942675 -0.0193673 -0.0226473 0.0110229 0.0121618 -0.019328 0.0196333 -0.0223156 0.00667482
internal_weight=70.2222 61.2687 50.331 41.4425 38.9176 36.3024 10.9377 10.1424 34.841 34.0661 8.88854 12.2411 8.27115 21.8249
internal_count=16412 16111 12618 8121 7235 4841 3493 3456 3746 3630 4497 948 4449 2682
is_linear=0
shrinkage=0.03


Tree=93
num_leaves=15
num_cat=0
split_feature=52 5 59 52 53 53 49 52 47 52 25 60 33 52
split_gain=5.06612 2.43464 2.00592 2.2345 3.31973 1.01398 1.91906 1.05251 0.916249 0.720447 0.674577 0.845763 0.626775 0.625335
threshold=0.057316312316024874 1.0000000180025095e-35 1.0000000180025095e-35 3.6127552040097792 0.68221640227949176 1.7580705148130871 1.0000000180025095e-35 0.62963017883289629 1.0000000180025095e-35 0.4074831712993664 5.5000000000000009 1.0000000180025095e-35 1.0000000180025095e-35 1.4066094126709543
decision_type=2 2 2 2 2 2 2 2 2 2 2 2 2 2
left_child=-1 2 3 4 12 7 8 9 -7 -6 11 -8 13 -2
right_child=1 -3 -4 -5 5 6 10 -9 -10 -11 -12 -13 -14 -15
leaf_value=-0.022695366290037482 -0.0045369071464187883 -0.020062650516454741 0.012072378293743607 0.015174757038296202 -0.013267104813978962 -0.020103124166114671 -0.0010084836411503586 -0.025250353699018045 0.0055962268820424713 0.0049290630028743518 -0.0088306141343392174 0.017225999530441138 0.015497804878309922 0.0075265517700057278
leaf_weight=5.5984473215648896 4.7352792268502544 1.8869506465271104 19.085332605871372 5.9485735942143938 1.5028244055574775 3.7663070028647763 3.9261263040243648 4.0089245142880827 0.65873565152287472 2.7700337424175814 0.7674039244884624 2.8729592521558516 3.8905174098908892 7.6765158050111495
leaf_count=4479 1478 694 1228 488 981 3348 709 954 18 386 224 207 167 1103
internal_value=0.000507725 0.00318408 0.00450449 0.00071823 -0.0022978 -0.00997618 -0.00339595 -0.0169901 -0.0157263 -0.0036603 0.00559529 0.0088606 0.00729763 0.00293325
internal_weight=69.0949 63.4965 61.6095 42.5242 36.5756 20.2733 11.9915 8.28178 4.42504 4.27286 7.56649 6.79909 16.3023 12.4118
internal_count=16464 11985 11291 10063 9575 6827 4506 2321 3366 1367 1140 916 2748 2581
is_linear=0
shrinkage=0.03


Tree=94
num_leaves=15
num_cat=0
split_feature=30 56 37 52 23 23 54 52 60 52 14 55 2 48
split_gain=7.18558 3.39003 3.44309 3.8463 4.53175 2.47565 1.63937 1.13117 2.43052 2.2867 1.21593 1.04965 0.666241 0.637541
threshold=1.0000000180025095e-35 1.0000000180025095e-35 1.0000000180025095e-35 3.438811922224569 0.81666666666666676 0.81666666666666676 -0.49495072593336481 1.1292754870689443 10.500000000000002 2.5242680868836214 1.0000000180025095e-35 -0.70060577474483832 1.0000000180025095e-35 1.0000000180025095e-35
decision_type=2 2 2 2 2 2 2 2 2 2 2 2 2 2
left_child=1 2 3 4 -1 -4 7 8 10 11 -6 -9 -13 -8
right_child=-2 -3 5 -5 6 -7 13 9 -10 -11 -12 12 -14 -15
leaf_value=0.011298705859726914 0.022588179872153575 0.018770059315227676 -0.013560312736469522 0.011173940021858057 -0.025774238514751923 0.021168268359739287 -0.02387686951372673 -0.0060941316097759641 0.0094605812211186226 -0.018504172515807597 0.00028343914564036286 -0.0060330491699777328 0.015641877860048413 0.00061555142503455496
leaf_weight=4.8967429497279218 7.9122526077553621 3.1024342752061775 1.0350976192858068 5.5386055652052155 6.811757066898279 4.3819527095183721 16.4055594157253 2.6567246671766043 1.7508538205292996 2.826743656944017 1.9196235220879314 0.45398996624862586 5.0515959131880663 0.90443998947739501
leaf_count=396 291 202 177 556 3577 169 7482 672 195 1521 360 161 495 24
internal_value=-0.00110316 -0.00499742 -0.00696228 -0.00953279 -0.0125328 0.0126651 -0.0159484 -0.00906292 -0.0152633 -0.00170901 -0.0210602 0.00660445 0.0127232 -0.0226659
internal_weight=65.6484 57.7361 54.6337 49.2166 43.678 5.41705 38.7813 21.4713 10.4822 10.9891 8.73138 8.16231 5.50559 17.31
internal_count=16278 15987 15785 15439 14883 346 14487 6981 4132 2849 3937 1328 656 7506
is_linear=0
shrinkage=0.03


Tree=95
num_leaves=15
num_cat=0
split_feature=30 24 33 48 25 52 52 8 52 18 18 18 25 8
split_gain=7.3323 4.74738 3.52804 4.02327 3.85434 1.70498 2.16181 1.65774 1.08361 0.743964 1.19267 0.727806 0.611872 0.599268
threshold=1.0000000180025095e-35 1.0000000180025095e-35 1.0000000180025095e-35 1.0000000180025095e-35 1.0000000180025095e-35 1.2127173514992828 0.68221640227949176 1.0000000180025095e-35 2.5467889716101815 0.44949494949494956 0.13809523809523813 0.65686274509803932 6.5000000000000009 1.0000000180025095e-35
decision_type=2 2 2 2 2 2 2 2 2 2 2 2 2 2
left_child=1 2 3 4 -1 6 9 -3 12 10 -6 -4 -7 -8
right_child=-2 7 11 -5 5 8 13 -9 -10 -11 -12 -13 -14 -15
leaf_value=-0.026628547803742551 0.023310532854328436 0.022256835665840434 -0.0055260767631043223 0.014048279733212489 -0.012272861680021655 0.0097080287870314474 -0.025794977865840566 -0.0091409799394515708 -0.010582177037863313 -0.01109964518872655 0.0095706925875174657 0.014420733881164428 -0.0077822476224310233 0.0023166219214092575
leaf_weight=12.460342420788946 7.7362932823598376 5.1899728276766828 0.97759130317717691 3.5796099165454498 1.328857551503466 7.9468431549612415 5.7651284195017061 0.73838748957496125 2.4184887469746164 3.1821266215993091 5.3227716831606813 5.2269453667104244 0.63645705039380107 0.40635841770563264
leaf_count=9148 297 336 48 191 1078 1086 1494 168 549 785 739 198 157 72
internal_value=-0.000780784 -0.00485562 -0.00805124 -0.0111084 -0.0139576 -0.00667864 -0.0123862 0.0170268 0.00225272 -0.00239065 0.00337848 0.0106969 0.00718554 -0.02383
internal_weight=62.9162 55.1799 49.2515 43.047 39.4674 27.007 16.0052 5.92836 11.0018 9.83376 6.65163 6.20454 8.5833 6.17149
internal_count=16346 16049 15545 15299 15108 5960 4168 504 1792 2602 1817 246 1243 1566
is_linear=0
shrinkage=0.03


Tree=96
num_leaves=15
num_cat=0
split_feature=52 36 5 41 7 52 59 53 25 52 24 25 55 23
split_gain=4.49446 2.8842 2.3094 2.26548 1.33514 1.56917 1.61402 1.52955 0.828351 0.709862 1.46303 0.63663 0.946876 0.614947
threshold=0.057316312316024874 1.0000000180025095e-35 1.0000000180025095e-35 1.5000000000000002 1.0000000180025095e-35 1.2127173514992828 1.0000000180025095e-35 0.62963017883289629 6.5000000000000009 0.95502634113867735 1.0000000180025095e-35 11.500000000000002 1.1993847220124871 1.0000000180025095e-35
decision_type=2 2 2 2 2 2 2 2 2 2 2 2 2 2
left_child=-1 2 3 4 5 6 7 -2 13 -8 -11 12 -9 -7
right_child=1 -3 -4 -5 -6 8 9 11 -10 10 -12 -13 -14 -15
leaf_value=-0.021854972950343027 0.0085649224264191838 -0.018920406787055831 -0.018144569102615367 -0.01556560073748201 -0.01295922219996809 -0.00489844552221054 0.016421903858833901 -0.018859486726289534 -0.00507497522125442 -0.011435622776957463 0.014090297573979635 0.0071235135712061724 -0.00034383977643047484 0.015895712447210445
leaf_weight=4.93273811234394 4.6036322919535477 2.7824825047282493 1.65014818945201 2.026763313857372 0.88049087341641907 0.48263565287925914 6.0882821130799112 4.6572091209818574 1.0281707209651347 2.3034819219028577 1.814451267942786 0.50903727218974459 4.0876514503615908 24.303576771460939
leaf_count=4516 715 1214 699 2533 192 85 340 2029 216 265 114 97 949 2472
internal_value=0.0010365 0.00368143 0.0054663 0.00683985 0.00829065 0.00915091 0.0032285 -0.00335563 0.0140426 0.0112532 0.00074106 -0.00975409 -0.0118796 0.0151553
internal_weight=62.1508 57.218 54.4355 52.7854 50.7586 49.8781 24.0637 13.8575 25.8144 10.2062 4.11793 9.2539 8.74486 24.7862
internal_count=16436 11920 10706 10007 7474 7282 4509 3790 2773 719 379 3075 2978 2557
is_linear=0
shrinkage=0.03


Tree=97
num_leaves=15
num_cat=0
split_feature=53 36 41 27 25 13 59 19 53 53 25 19 53 25
split_gain=2.35389 2.01499 1.87952 1.68554 1.59783 1.29384 1.28072 1.39329 5.26847 1.17366 0.967393 0.909157 0.844777 0.688994
threshold=0.010649154735001162 1.0000000180025095e-35 1.0000000180025095e-35 2.5000000000000004 1.5000000000000002 1.0000000180025095e-35 1.0000000180025095e-35 4.5000000000000009 0.58819978801451722 1.6075917436324201 11.500000000000002 3.5000000000000004 5.3997877885463827 1.0000000180025095e-35
decision_type=2 2 2 2 2 2 2 2 2 2 2 2 2 2
left_child=-1 2 3 5 -5 6 7 9 -9 13 -10 -8 -11 -2
right_child=1 -3 -4 4 -6 -7 11 8 10 12 -12 -13 -14 -15
leaf_value=-0.019482372437843284 0.0064078091112428738 -0.018203105529734649 -0.013143339902413578 -0.014726593376985861 0.012078853011061314 -0.012463269468761697 -0.0041421006723569246 0.017252374032832658 -0.018733038206438676 0.018319577330564073 0.006673590223223399 0.016523445568378838 -0.0062708709109705711 -0.0081875489180306595
leaf_weight=3.5011619404540388 4.9450242774910311 2.5704118137364267 4.2992367779952465 5.3266747171874149 1.06623956002295 1.3710621361969959 1.392003790126181 5.0428664310602462 8.1942396329250151 7.4463262369390577 0.54228290257742706 12.889142190455457 0.46286927326582361 3.0141160003840923
leaf_count=3230 458 1191 3161 950 12 1194 163 333 3345 671 108 595 88 840
internal_value=-0.000710365 0.00101824 0.00249798 0.00423997 -0.00844287 0.00631113 0.0074143 0.00343028 -0.00332692 0.00901357 -0.0162066 0.0142478 0.0159053 0.000346322
internal_weight=62.0637 58.5625 55.9921 51.6928 6.39291 45.2999 43.9289 29.6477 13.7794 15.8683 8.73652 14.2811 7.9092 7.95914
internal_count=16339 13109 11918 8757 962 7795 6601 5843 3786 2057 3453 758 759 1298
is_linear=0
shrinkage=0.03


Tree=98
num_leaves=15
num_cat=0
split_feature=30 52 27 41 60 52 24 7 14 37 27 55 24 42
split_gain=6.00072 2.87052 3.56502 2.26345 1.56416 1.00097 1.50104 1.27142 0.8804 0.790279 1.12451 0.686598 0.602239 0.580492
threshold=1.0000000180025095e-35 0.95502634113867735 1.0000000180025095e-35 1.0000000180025095e-35 5.5000000000000009 1.4066094126709543 1.0000000180025095e-35 1.0000000180025095e-35 1.0000000180025095e-35 1.0000000180025095e-35 1.5000000000000002 -0.61622116297079621 1.0000000180025095e-35 1.0000000180025095e-35
decision_type=2 2 2 2 2 2 2 2 2 2 2 2 2 2
left_child=1 4 3 5 8 6 -3 13 9 10 -1 12 -6 -7
right_child=-2 2 -4 -5 11 7 -8 -9 -10 -11 -12 -13 -14 -15
leaf_value=-0.026813984476978199 0.022525817315559256 -0.0093434507315134276 -0.02195900210260052 -0.012115621040061043 -0.012833072165194333 0.014811340870898857 0.013611042475532293 -0.010627569673385255 0.0014195430576530543 0.0010984136987265858 -0.006918602797488559 0.011818958489803676 0.0071943314919002688 -0.0041860298593702407
leaf_weight=7.2276281461818179 7.1822933438234022 4.8500427276594626 2.9268255623173891 3.8161817722721016 1.3727730448590594 17.857642404735095 2.1041023144498467 0.67696205212268878 2.1589522700523949 1.5931571465916938 6.0888121861498803 1.9562304668943387 0.62269801832735527 0.72988255333620955
leaf_count=5555 306 852 732 2951 526 2049 154 197 430 169 1984 232 66 181
internal_value=4.88429e-05 -0.00363963 0.0019291 0.00548256 -0.0117809 0.00872117 -0.000909291 0.0119561 -0.015394 -0.0177086 -0.0198083 0.00375423 -0.00611054 0.0137312
internal_weight=61.1642 53.9819 32.9616 30.0348 21.0203 26.2186 6.95415 19.2645 17.0685 14.9096 13.3164 3.9517 1.99547 18.5875
internal_count=16384 16078 7116 6384 8962 3433 1006 2427 8138 7708 7539 824 592 2230
is_linear=0
shrinkage=0.03


Tree=99
num_leaves=15
num_cat=0
split_feature=30 22 33 60 47 3 18 18 55 55 54 48 55 38
split_gain=6.04514 2.74123 2.52448 2.70355 5.20081 1.47681 1.26049 2.42153 2.18263 1.41471 1.24107 1.20713 0.951163 0.730851
threshold=1.0000000180025095e-35 0.81666666666666676 1.0000000180025095e-35 1.0000000180025095e-35 1.0000000180025095e-35 1.0000000180025095e-35 0.35504201680672276 0.63961038961038974 -1.0000000180025095e-35 -0.54831580864593621 -0.72116704021105715 2.5000000000000004 -0.76144725956454296 1.0000000180025095e-35
decision_type=2 2 2 2 2 2 2 2 2 2 2 2 2 2
left_child=1 5 3 4 -3 -1 8 10 13 -9 12 -6 -8 -5
right_child=-2 2 -4 6 11 -7 7 9 -10 -11 -12 -13 -14 -15
leaf_value=0.02053469060317159 0.022482200476073022 -0.026585328276986928 0.010447243765588964 -0.023328403732566821 0.01775994332358061 -0.0091488637297078117 -0.0045985006823977626 -0.020569760193582417 0.011341233100466917 0.0056297603082768885 0.0006524456203739359 -0.0095264318566075992 0.021589052030770686 0.0022955864022736992
leaf_weight=4.0368506605736902 7.4992781411856404 11.381783737160729 5.6817219965159884 4.2679349194804672 2.6030085380189116 0.73547292395960528 0.7930289928917772 3.6247604180825874 1.346057580376512 1.7139116703765456 9.6607760237529856 0.65449768304824818 4.265461717965084 0.79346751485718403
leaf_count=314 300 9250 248 2486 171 178 333 1052 85 126 1374 16 200 259
internal_value=0.000439522 -0.00348642 -0.00585546 -0.00848909 -0.0179874 0.0146092 -0.00234045 0.00159753 -0.0121154 -0.0129167 0.00777723 0.0107392 0.0173439 -0.0197989
internal_weight=59.058 51.5587 46.7864 41.1047 14.6393 4.77232 26.4654 20.0579 6.40746 5.33867 14.7193 3.25751 5.05849 5.0614
internal_count=16392 16092 15600 15352 9437 492 5915 3085 2830 1178 1907 187 533 2745
is_linear=0
shrinkage=0.03


Tree=100
num_leaves=15
num_cat=0
split_feature=52 5 56 52 54 37 23 53 52 23 44 18 44 44
split_gain=3.18831 2.46376 1.58989 1.44606 1.70648 1.3443 1.92332 1.16116 1.8244 1.7319 1.14073 0.840089 0.826501 0.699792
threshold=0.057316312316024874 1.0000000180025095e-35 1.0000000180025095e-35 3.438811922224569 -0.70764991985603098 1.0000000180025095e-35 0.81666666666666676 0.057316312316024874 0.62963017883289629 0.81666666666666676 1.0000000180025095e-35 0.63961038961038974 1.0000000180025095e-35 1.5000000000000002
decision_type=2 2 2 2 2 2 2 2 2 2 2 2 2 2
left_child=-1 2 3 4 11 7 -7 10 13 -10 -6 12 -2 -9
right_child=1 -3 -4 -5 5 6 -8 8 9 -11 -12 -13 -14 -15
leaf_value=-0.020916427220097969 -0.0064759730982080366 -0.0214285919747326 0.01901884941975529 0.013795087264081898 0.012897285829657225 -0.013267147235517999 0.018508375766513516 -0.0043331733638212709 0.006578001941203164 -0.019792305619178528 -0.010787594218813708 -0.0019194628688577375 0.016106577316279125 0.010071373685190029
leaf_weight=4.2845489517494562 0.62731263827299155 1.9080239754694037 3.2259587198495856 5.3436539812246329 3.2596010102424868 0.90568470302969251 3.003946214914321 6.8286343883082754 1.6873312738025585 11.286445403879037 1.0135834879474712 4.3128330296895001 6.903513858676888 2.636081826989539
leaf_count=4501 257 709 254 568 252 154 131 1990 159 5117 400 751 925 217
internal_value=-0.000694117 0.00164426 0.00328245 0.00149957 -0.000598559 -0.00431891 0.00914859 -0.00679003 -0.00942277 -0.0159421 0.00563115 0.00825457 0.0132613 0.000735797
internal_weight=57.2272 52.9426 51.0346 47.8086 42.465 30.6213 3.90963 26.7117 22.4385 12.9738 4.27318 11.8437 7.53083 9.46472
internal_count=16385 11884 11175 10921 10353 8420 285 8135 7483 5276 652 1933 1182 2207
is_linear=0
shrinkage=0.03


Tree=101
num_leaves=15
num_cat=0
split_feature=52 56 52 37 22 55 52 39 60 52 52 18 18 48
split_gain=2.78013 2.05661 1.95926 2.12308 2.70374 1.61281 2.3147 1.47523 0.838627 0.827142 2.33122 0.810306 0.681589 0.430526
threshold=0.057316312316024874 1.0000000180025095e-35 3.438811922224569 1.0000000180025095e-35 0.81666666666666676 2.5540139374371491 0.62963017883289629 1.0000000180025095e-35 1.5000000000000002 1.8505551827656268 2.5242680868836214 0.53589743589743599 0.7958333333333335 1.0000000180025095e-35
decision_type=2 2 2 2 2 2 2 2 2 2 2 2 2 2
left_child=-1 2 3 4 -2 6 8 -5 -6 12 11 -11 -8 -12
right_child=1 -3 -4 7 5 -7 9 -9 -10 10 13 -13 -14 -15
leaf_value=-0.020534905205747293 0.016784356580514879 0.018923959445247378 0.012938067826430942 0.019409639487555416 -0.003993422807840887 0.011670984535447038 -0.02241966199449082 -0.0098188605556631565 0.010850220197625163 0.014391027116494223 -0.020658767371106168 -0.0038658588117598145 0.00057423911502818244 0.0015722807760699378
leaf_weight=4.0485386100190217 2.4846292035654178 3.1731804315932086 5.8203591141500501 3.655174267711117 8.2600458413071447 1.7775483113946382 10.418588007771179 0.75288397644180793 3.1649532298324621 2.4257015149923955 4.6707246759615373 3.0310538623016328 1.1713227688451286 0.58357972651720036
leaf_count=4485 169 247 625 182 2300 256 3156 176 335 330 3420 470 246 21
internal_value=-0.00128959 0.000939026 -0.000951134 -0.00335486 -0.00579366 -0.00818455 -0.00982582 0.012911 0.0011224 -0.0150655 -0.00704157 0.00593302 -0.0203533 -0.0184369
internal_weight=55.4383 51.3897 48.2166 42.3962 37.9881 35.5035 33.726 4.40806 11.425 22.301 10.7111 5.45676 11.5899 5.2543
internal_count=16418 11933 11686 11061 10703 10534 10278 358 2635 7643 4241 800 3402 3441
is_linear=0
shrinkage=0.03


Tree=102
num_leaves=15
num_cat=0
split_feature=30 24 37 52 2 10 25 56 53 52 25 11 53 52
split_gain=6.24103 2.88887 4.25113 2.48061 2.16531 2.09454 1.41181 1.27883 0.95938 0.877113 0.908287 0.569473 0.557624 0.40277
threshold=1.0000000180025095e-35 1.0000000180025095e-35 1.0000000180025095e-35 3.438811922224569 1.0000000180025095e-35 1.0000000180025095e-35 5.5000000000000009 1.0000000180025095e-35 2.054090377967555 2.5100182450186588 10.500000000000002 1.0000000180025095e-35 3.2468620983371328 2.9057986818614658
decision_type=2 2 2 2 2 2 2 2 2 2 2 2 2 2
left_child=1 2 3 5 -3 6 7 11 -5 10 -8 12 -1 -7
right_child=-2 4 -4 8 -6 13 9 -9 -10 -11 -12 -13 -14 -15
leaf_value=-0.020508389067393707 0.022605184006273787 -0.012736001059285015 0.018377902323303774 -0.0075605098695380553 0.020995382395524075 0.01398149102430119 -0.015511743263011574 0.0078513796479733021 0.014595728831221408 0.01337622015985354 0.0056597989715526584 0.0018065416175309875 -0.0015851456167124299 -0.0047223047959502103
leaf_weight=23.992022026301139 6.9550965684466055 0.84838571678846975 3.3742357846349469 1.1628719646832895 4.2782840193249285 1.6123584990855295 1.9628355230379377 0.68914025276899238 3.1899149070377462 0.94892871176125471 1.9246144771168472 0.85338671840145153 1.8525733521091741 0.33097438642289478
leaf_count=12657 313 184 169 295 344 150 919 40 262 78 312 130 511 42
internal_value=-0.00044006 -0.00463202 -0.0073496 -0.0103991 0.0134057 -0.013084 -0.0149811 -0.017453 0.00815983 2.74358e-05 -0.00666808 -0.0186078 -0.0193632 0.0100165
internal_weight=53.9756 47.0205 41.8939 38.5196 5.12667 34.1668 32.2235 27.3871 4.35279 4.83638 3.88745 26.698 25.8446 1.94333
internal_count=16406 16093 15565 15396 528 14839 14647 13338 557 1309 1231 13298 13168 192
is_linear=0
shrinkage=0.03


Tree=103
num_leaves=15
num_cat=0
split_feature=56 18 21 18 33 53 18 10 25 35 37 25 25 55
split_gain=2.20828 2.11159 1.44 1.2873 0.918366 1.19705 1.72488 1.18119 1.41738 0.764012 0.922768 0.636408 0.979505 0.778738
threshold=1.0000000180025095e-35 0.32291666666666669 15.500000000000002 0.87867647058823539 1.0000000180025095e-35 3.2468620983371328 0.63961038961038974 1.0000000180025095e-35 1.5000000000000002 0.37565000000000009 1.0000000180025095e-35 1.5000000000000002 6.5000000000000009 2.396616099697257
decision_type=2 2 2 2 2 2 2 2 2 2 2 2 2 2
left_child=1 2 -1 4 5 6 9 8 -8 11 -11 13 -13 -3
right_child=-2 3 -4 -5 -6 -7 7 -9 -10 10 -12 12 -14 -15
leaf_value=-0.021075617884791779 0.018344561233552277 -0.0042340599480062873 0.0037996253978422076 -0.015675722324184471 0.011595253906654467 0.011756644035823247 -0.019859634233895359 0.0077011277043273121 0.0079032504246343161 -0.016116722489562561 0.0052470698519535312 0.016998601706286767 -0.0039209569751138262 0.012163476295177337
leaf_weight=5.8515917109616558 2.953799021895974 8.0537348504003692 2.1201784762088209 2.1064725768810595 5.293937425594776 4.3350531260948619 7.1113632327469496 1.1081028579501442 0.89183966745622445 1.9406578422640444 2.0074817695422098 4.6181499492085996 1.9797755104955284 1.5189743164228264
leaf_count=3661 259 2507 1505 2463 230 589 2677 169 68 906 218 476 444 137
internal_value=-0.000812295 -0.00264346 -0.0150246 0.000353103 0.00194677 -0.000141484 -0.00254597 -0.012074 -0.0158043 0.0024706 -0.00714223 0.00534542 0.0112696 2.0293e-05
internal_weight=51.8911 48.9373 7.97177 40.9655 38.8591 33.5651 29.2301 9.11131 8.0032 20.1188 3.94814 16.1706 6.59793 9.57271
internal_count=16309 16050 5166 10884 8421 8191 7602 2914 2745 4688 1124 3564 920 2644
is_linear=0
shrinkage=0.03


Tree=104
num_leaves=15
num_cat=0
split_feature=30 52 54 56 40 19 55 33 44 18 37 55 18 59
split_gain=4.73068 3.947 2.13356 2.10732 1.94799 1.69059 1.72465 1.38847 1.40501 1.26489 1.21691 0.619228 0.613208 0.599163
threshold=1.0000000180025095e-35 1.0680049290841331 -0.61997034148718144 1.0000000180025095e-35 0.77500000000000013 2.5000000000000004 -0.55280349022233521 1.0000000180025095e-35 10.500000000000002 0.48529411764705888 1.0000000180025095e-35 -0.84372214070747542 0.86190476190476206 1.5000000000000002
decision_type=2 2 2 2 2 2 2 2 2 2 2 2 2 2
left_child=1 3 9 4 -1 12 -7 8 10 -3 13 -11 -4 -6
right_child=-2 2 5 -5 7 6 -8 -9 -10 11 -12 -13 -14 -15
leaf_value=0.01123881442436272 0.021737793143736819 -0.003073141148579977 0.014566295670645208 0.012683748444891086 -0.024307482969488019 0.001768120888976729 -0.020604960118415606 0.006768268538221222 0.0049633300690839818 -0.0034364480785449339 0.0014736778113475645 0.019358276798918946 -0.0060621697276480218 -0.00075190647970428313
leaf_weight=1.1634404771030009 6.0807922310195854 2.7834371596109149 3.2302022334188218 1.425169770605861 14.812904785358119 5.8042284096009089 4.0181418303400269 1.1809113943018008 1.3982747438712966 0.58359184884466131 1.8017353060422472 8.8372402577369922 0.5009790806507225 1.1695618734229363
leaf_count=97 304 650 370 131 8629 993 2560 68 244 155 189 1259 589 268
internal_value=0.00043356 -0.00297845 0.00493664 -0.0115448 -0.0140908 -0.00316207 -0.00932171 -0.0164136 -0.018345 0.0131096 -0.0204941 0.0175917 0.0106476 -0.0228591
internal_weight=54.7906 48.7098 25.7578 22.952 21.5268 13.5536 9.82237 20.3634 19.1825 12.2043 17.7842 9.42083 3.73118 15.9825
internal_count=16506 16202 6576 9626 9495 4512 3553 9398 9330 2064 9086 1414 959 8897
is_linear=0
shrinkage=0.03


Tree=105
num_leaves=15
num_cat=0
split_feature=56 20 44 35 31 18 48 18 38 26 44 19 19 44
split_gain=2.0202 3.12064 2.75624 3.77542 1.58141 2.4776 2.42293 1.82248 1.09095 1.20268 1.02443 0.895023 0.626919 0.437125
threshold=1.0000000180025095e-35 4.5000000000000009 1.5000000000000002 0.37565000000000009 1.0000000180025095e-35 0.45993589743589752 1.0000000180025095e-35 0.69615384615384623 0.3928571428571429 1.0000000180025095e-35 6.5000000000000009 2.5000000000000004 4.5000000000000009 11.500000000000002
decision_type=2 2 2 2 2 2 2 2 2 2 2 2 2 2
left_child=1 8 4 10 5 -3 7 -7 9 13 -4 -8 -6 -1
right_child=-2 2 3 -5 12 6 11 -9 -10 -11 -12 -13 -14 -15
leaf_value=-0.024400226874449399 0.018121016848762134 0.011201598245252341 0.02601567240205898 -0.011622050450499593 0.012885486678243579 -0.0049786123257109316 0.016357140766035189 -0.025272530942098255 0.0029282580681628998 0.0068889462165678157 -0.0022923455487126039 -0.0081128727653391568 -0.0067787977134311887 0.00015270037744855781
leaf_weight=6.7399862011952774 2.8551361458376041 4.0568134477653137 6.8795461074332689 2.6229762026341632 4.6683896623144383 9.6415275756153331 2.1822578092105682 6.733533575985347 1.7970388180692678 0.51698505133390416 0.96979812261997711 0.54982234770432103 0.52202537210541766 0.67847617756342504
leaf_count=5188 258 1208 396 892 329 2343 168 4658 465 4 167 18 259 129
internal_value=-0.000378514 -0.00214003 0.00186624 0.013668 -0.00310593 -0.0064818 -0.010942 -0.0151661 -0.0157162 -0.019678 0.0227629 0.0100851 0.00957235 -0.0225991
internal_weight=51.4143 48.5592 38.8267 10.4723 28.3544 23.164 19.1071 16.3751 9.73249 7.93545 7.84934 2.73208 5.19042 7.41846
internal_count=16482 16224 10438 1455 8983 8395 7187 7001 5786 5321 563 186 588 5317
is_linear=0
shrinkage=0.03


Tree=106
num_leaves=15
num_cat=0
split_feature=52 5 36 41 44 39 44 7 52 56 44 52 21 58
split_gain=2.84972 2.26439 2.27315 1.63057 1.26539 2.02997 1.20965 1.32756 0.742344 0.72568 0.607125 0.421613 0.640291 0.496912
threshold=0.057316312316024874 1.0000000180025095e-35 1.0000000180025095e-35 1.0000000180025095e-35 1.5000000000000002 1.0000000180025095e-35 6.5000000000000009 1.0000000180025095e-35 6.2838202790140754 1.0000000180025095e-35 10.500000000000002 1.4066094126709543 14.500000000000002 1.5000000000000002
decision_type=2 2 2 2 2 2 2 2 2 2 2 2 2 2
left_child=-1 2 3 4 8 6 7 -6 9 11 -8 -2 13 -13
right_child=1 -3 -4 -5 5 -7 10 -9 -10 -11 -12 12 -14 -15
leaf_value=-0.019636415404558263 -0.0037862084771357906 -0.01976311684230379 -0.016965212563174018 -0.01089930915474196 0.025920683883893195 -0.012598063034523222 -0.0080204815299300368 -0.0067728098650175379 0.015810449282323006 0.014271399133126058 0.009048011411521225 -0.0048378012686010104 0.01109133185562858 0.0088787420009139948
leaf_weight=3.5404677198093841 11.754318580031404 1.7074298562365573 2.1610289854870635 2.7872352073609354 8.4378122714697312 0.78689959261100817 1.3510989985661592 0.4424887547502302 2.1051301225088528 1.6758250780403603 2.3938872849976178 7.1142254180158471 3.9845156547962679 1.2509756996296344
leaf_count=4486 3161 692 1191 2899 599 165 503 139 184 104 392 1398 496 31
internal_value=0.000810952 0.00304638 0.00467289 0.00642383 0.00804247 0.0150389 0.0182486 0.0233461 0.00389608 0.00185496 0.0022417 -3.55771e-05 0.00356439 -0.00146917
internal_weight=51.4933 47.9529 46.2454 44.0844 41.2972 13.4122 12.6253 8.8803 27.885 25.7799 3.74499 24.104 12.3497 8.3652
internal_count=16440 11954 11262 10071 7172 1798 1633 738 5374 5190 895 5086 1925 1429
is_linear=0
shrinkage=0.03


Tree=107
num_leaves=15
num_cat=0
split_feature=52 56 52 40 33 55 25 52 52 52 55 55 54 25
split_gain=2.50938 1.42898 1.23577 1.17911 1.4377 0.835871 1.44036 1.00437 2.25899 1.08131 0.82426 0.780183 0.661493 0.371564
threshold=0.057316312316024874 1.0000000180025095e-35 5.3997877885463827 0.77500000000000013 1.0000000180025095e-35 2.271423557725051 1.0000000180025095e-35 1.4066094126709543 0.68221640227949176 2.5467889716101815 -0.61622116297079621 -0.75565333025338421 -0.55200674685647488 1.5000000000000002
decision_type=2 2 2 2 2 2 2 2 2 2 2 2 2 2
left_child=-1 2 3 -2 5 6 -5 8 10 11 -8 -9 -13 -12
right_child=1 -3 -4 4 -6 -7 7 9 -10 -11 13 12 -14 -15
leaf_value=-0.019356938889421128 0.014806024272646347 0.017816837333260015 0.015914592110651909 -0.014196361068411906 0.010487143583646875 0.0097497525965211471 -0.0058135704135742709 -0.0062183989796021528 -0.018063058117392245 -0.0093653234070669618 -0.00025918577249195706 0.019259072828545745 0.00041886565987855055 0.014882436199012465
leaf_weight=3.4248026697023297 1.8638883573003102 2.7359487435314795 2.2178869042545548 10.40542613895377 4.6267089743632814 1.5434879322419863 3.1710025417560246 0.97309363930253212 5.5302122634020634 1.6654670819989403 1.9964295133831926 3.9111241076025176 2.4682636987126894 2.8112066724570468
leaf_count=4509 157 256 201 5829 246 289 961 345 1751 532 275 328 454 325
internal_value=-1.90376e-05 0.00217091 0.000434897 -0.00110495 -0.00254691 -0.00477522 -0.00597522 -0.0013298 -0.00615868 0.0057087 0.00405914 0.0103958 0.0138094 0.0103658
internal_weight=49.3449 45.9201 43.1842 40.9663 39.1024 34.4757 32.9322 22.5268 13.5089 9.01795 7.97864 7.35248 6.37939 4.80764
internal_count=16458 11949 11693 11492 11335 11089 10800 4971 3312 1659 1561 1127 782 600
is_linear=0
shrinkage=0.03


Tree=108
num_leaves=15
num_cat=0
split_feature=36 20 25 39 1 25 18 18 18 25 55 25 58 55
split_gain=1.54238 1.70887 2.35133 1.99226 1.12866 1.09561 1.02974 1.13164 1.43443 0.999784 0.819953 1.3218 0.774993 1.47858
threshold=1.0000000180025095e-35 3.5000000000000004 1.5000000000000002 1.0000000180025095e-35 1.0000000180025095e-35 1.0000000180025095e-35 0.87083333333333346 0.77350427350427364 0.69615384615384623 6.5000000000000009 -0.54831580864593621 1.0000000180025095e-35 1.5000000000000002 2.271423557725051
decision_type=2 2 2 2 2 2 2 2 2 2 2 2 2 2
left_child=1 4 6 9 -1 -6 7 8 12 -4 11 -9 13 -3
right_child=-2 2 3 -5 5 -7 -8 10 -10 -11 -12 -13 -14 -15
leaf_value=-0.017207905837562713 -0.017265876299123267 -0.0080010296855329739 0.021690054218840515 -0.012771851026360517 -0.01066730393378762 0.014007062316446724 -0.014745955247627705 0.011367785471467119 -0.015081701691431967 0.00071404280493168393 0.01780232967563888 -0.014006775736500205 0.010439462811039893 0.01305960277386907
leaf_weight=4.3923485896957564 2.1809207072365089 8.7243890245445161 8.7734960506204462 0.805600870051422 1.0623323298350442 1.5895409123040736 2.130658843292621 1.9541978747583926 3.9331106046447522 2.6963641567272143 3.2639328499208196 1.4717522300197743 4.41528028063476 2.2084052082500412
leaf_count=3510 1188 3464 782 143 1066 94 2727 129 1117 563 546 653 177 337
internal_value=0.000240127 0.00171137 0.00417595 0.014094 -0.010215 0.00378602 -0.000805044 0.00131126 -0.00250716 0.0175971 0.0103606 -0.000677777 0.00208242 -0.0023851
internal_weight=49.6023 47.4214 40.3772 12.2755 7.04422 2.65187 28.1017 25.9711 19.2812 11.4699 6.68988 3.42595 15.3481 10.9328
internal_count=16496 15308 10638 1488 4670 1160 9150 6423 5095 1345 1328 782 3978 3801
is_linear=0
shrinkage=0.03


Tree=109
num_leaves=15
num_cat=0
split_feature=52 36 56 53 47 58 55 53 53 24 52 52 55 53
split_gain=2.25135 1.82532 1.25382 1.58219 1.41723 2.52077 0.919293 0.614077 0.773994 0.513144 0.500657 1.38451 0.50086 0.438673
threshold=0.057316312316024874 1.0000000180025095e-35 1.0000000180025095e-35 0.56450435462351634 1.0000000180025095e-35 1.0000000180025095e-35 -0.65837347491044029 1.7580705148130871 2.5100182450186588 1.0000000180025095e-35 0.68221640227949176 1.2127173514992828 -0.61622116297079621 1.5665898578755073
decision_type=2 2 2 2 2 2 2 2 2 2 2 2 2 2
left_child=-1 2 3 -2 5 6 7 -5 -9 10 12 -12 -7 -13
right_child=1 -3 -4 4 -6 9 -8 8 -10 -11 11 13 -14 -15
leaf_value=-0.018993869154297485 0.01028738745626513 -0.017392700352608346 0.017983218393924662 -0.010569697616220328 0.014043632035333873 -0.0059791141799410029 -0.01676016648714693 0.013110366355389766 -0.0083637715349354248 0.014036423872878231 -0.014356764159865303 -0.0048427526835273915 0.01187662573485517 0.011836039060047984
leaf_weight=3.2530706470133728 11.016535776638191 2.1486678126384495 2.7904106474015853 1.0551925282925361 2.2721777600236228 0.57358856976497952 9.8423060059722101 2.1799328138586138 0.7088534012727904 2.0657541293185195 3.0416822765837424 0.75897767604328725 3.0494034937291854 2.638039327779552
leaf_count=4470 1748 1192 271 702 183 136 6156 160 189 175 576 69 218 140
internal_value=-0.000398959 0.00173531 0.00346025 0.00160377 -0.00224697 -0.00457924 -0.0125823 -2.49398e-05 0.00657509 0.00501177 0.00113871 -0.00365545 0.00792854 0.00769591
internal_weight=47.3946 44.1415 41.9929 39.2024 28.1859 25.9137 13.7863 3.94398 2.88879 12.1274 10.0617 6.4387 3.62299 3.39702
internal_count=16385 11915 10723 10452 8704 8521 7207 1051 349 1314 1139 785 354 209
is_linear=0
shrinkage=0.03


Tree=110
num_leaves=15
num_cat=0
split_feature=30 27 19 59 52 44 41 18 44 59 33 22 18 53
split_gain=4.24429 2.51234 2.74562 1.58581 1.30356 1.23887 1.12729 1.05826 1.00806 1.16898 0.644127 1.08342 1.04217 0.323924
threshold=1.0000000180025095e-35 1.0000000180025095e-35 5.5000000000000009 1.0000000180025095e-35 1.4066094126709543 11.500000000000002 1.5000000000000002 0.30384615384615393 1.5000000000000002 1.5000000000000002 1.0000000180025095e-35 0.81666666666666676 0.63961038961038974 2.5100182450186588
decision_type=2 2 2 2 2 2 2 2 2 2 2 2 2 2
left_child=1 2 4 5 10 -4 -6 -5 9 -3 11 -1 -13 -9
right_child=-2 8 3 7 6 -7 -8 13 -10 -11 -12 12 -14 -15
leaf_value=0.0099513423590092773 0.021161239746415688 -0.022841770152107466 -0.01964128865701292 -0.012058409884370931 0.015367165832527849 0.0084031727796513023 -0.0085567215796642036 0.010828574355119908 0.0069656097652621013 0.0066505700919207069 0.0090644373926115143 0.0030693681872433118 -0.019607618792905297 -0.002743674014899603
leaf_weight=1.1894374859984971 5.6030608089640728 6.4390502368769367 7.2659107503714022 1.5411674692004451 11.525577966647685 0.5285483990155625 0.74777963559608984 4.2656483629252762 0.47561994940042485 0.5130923707038163 1.6001540268771348 2.1555769818369317 2.8826626460941043 1.2008269675425252
leaf_count=151 298 3471 6041 889 1375 100 1081 366 2 17 100 445 1871 98
internal_value=0.00046925 -0.00310073 0.000578446 -0.00859306 0.0074986 -0.016412 0.0129148 0.00181681 -0.0168444 -0.0196656 -0.00189359 -0.00622815 -0.0117902 0.00791083
internal_weight=47.9341 42.3311 34.9033 14.8021 20.1012 7.79446 12.2734 7.00764 7.42776 6.95214 7.82783 6.22768 5.03824 5.46648
internal_count=16305 16007 12517 7494 5023 6141 2456 1353 3490 3488 2567 2467 2316 464
is_linear=0
shrinkage=0.03


Tree=111
num_leaves=15
num_cat=0
split_feature=36 18 5 60 49 19 19 55 7 60 22 60 55 19
split_gain=1.6646 1.14665 1.28008 1.50215 2.43976 1.3642 2.81373 2.15358 0.68985 0.542845 0.914626 0.76038 0.752688 0.566088
threshold=1.0000000180025095e-35 0.12916666666666668 1.0000000180025095e-35 1.0000000180025095e-35 1.0000000180025095e-35 2.5000000000000004 1.5000000000000002 2.271423557725051 1.0000000180025095e-35 6.5000000000000009 1.0000000180025095e-35 11.500000000000002 1.477697169468871 4.5000000000000009
decision_type=2 2 2 2 2 2 2 2 2 2 2 2 2 2
left_child=1 -1 3 5 -5 6 -3 -7 9 10 -6 -11 13 -12
right_child=-2 2 -4 4 8 7 -8 -9 -10 11 12 -13 -14 -15
leaf_value=-0.014425513756793523 -0.018262810840937491 -0.014181338383731382 -0.015646275591968111 -0.012180815788646836 -0.0065347978292439463 -0.012708981438118465 0.019817566276119962 0.013111478518204539 -0.0067257026038224548 -0.0084187184816833394 0.0047475095345473478 0.011385148628079701 -0.0010318293991349683 0.02231498432063686
leaf_weight=1.7826097146898963 2.1805439514282616 1.7386346537241504 1.2221871631045349 2.5992497743573066 0.58390883123502924 10.63511133182328 3.8845314950740431 2.0208081612945525 0.44064768392126907 1.74751918320544 3.3860621057101516 1.2824441914563065 1.6305034089600674 10.548155135067644
leaf_count=2710 1195 2385 631 1330 135 5185 454 313 101 507 425 137 213 650
internal_value=-0.000152197 0.00151841 0.00282841 0.00409606 0.00901522 -0.00218266 0.00834276 -0.00735953 0.0126904 0.0137296 0.015701 0.00115743 0.0171842 0.0191777
internal_weight=45.6829 43.5024 41.7198 40.4976 22.2185 18.2791 5.62317 12.6559 19.6192 19.1786 16.1486 3.02996 15.5647 13.9342
internal_count=16371 15176 12466 11835 3498 8337 2839 5498 2168 2067 1423 644 1288 1075
is_linear=0
shrinkage=0.03


Tree=112
num_leaves=15
num_cat=0
split_feature=30 27 18 26 44 9 37 20 56 35 44 20 44 53
split_gain=3.43314 2.00485 2.76813 1.39313 0.983249 1.16827 1.2965 0.869128 0.854908 0.625423 0.618037 0.606915 0.568776 0.367635
threshold=1.0000000180025095e-35 1.0000000180025095e-35 0.46410256410256417 1.0000000180025095e-35 11.500000000000002 1.0000000180025095e-35 1.0000000180025095e-35 12.500000000000002 1.0000000180025095e-35 0.62625000000000008 1.5000000000000002 5.5000000000000009 1.5000000000000002 0.11165176876591411
decision_type=2 2 2 2 2 2 2 2 2 2 2 2 2 2
left_child=1 2 4 -3 5 6 8 9 -1 10 13 -5 -13 -4
right_child=-2 3 7 11 -6 -7 -8 -9 -10 -11 -12 12 -14 -15
leaf_value=-0.02241811793061586 0.020425314149631064 -0.02250149514421541 -0.0019127827247837556 0.011228128257609762 0.0086322744612001411 0.0071675554597574812 0.0030673080071888948 -0.0081741685855497501 0.0051077756358397734 -0.0071261112432170438 0.018502056381268527 -0.013286515758415374 0.0069644651969825713 0.0083143716761696993
leaf_weight=7.04868901542795 5.2997669409960499 4.1557638227532143 3.3464117729599918 1.0725511224009099 1.0195839644875366 1.307804378418951 2.1858245889889076 1.2935950040555315 0.40598822198808182 0.58737343404209141 4.9350977027206673 1.2159735751920377 0.47600761055946339 10.726409852126379
leaf_count=5434 304 3084 1577 44 174 279 252 2318 61 301 626 328 2 1516
internal_value=0.00149092 -0.00188889 0.00145129 -0.0145174 -0.00916039 -0.0118948 -0.0152679 0.00780024 -0.0201557 0.00951417 0.0106578 0.00189189 -0.0069028 0.00594703
internal_weight=45.0768 39.7771 32.8568 6.9203 11.9679 10.9483 9.6405 20.8889 7.45468 19.5953 19.0079 2.76453 1.69198 14.0728
internal_count=16300 15996 12538 3458 6200 6026 5747 6338 5495 4020 3719 374 330 3093
is_linear=0
shrinkage=0.03


Tree=113
num_leaves=15
num_cat=0
split_feature=30 55 47 36 18 25 31 18 18 18 9 25 55 21
split_gain=4.35328 2.74527 2.73122 1.36141 0.955584 1.34404 1.24765 2.21153 0.936754 0.641486 0.660775 0.586334 0.428441 0.42518
threshold=1.0000000180025095e-35 -0.54831580864593621 1.0000000180025095e-35 1.0000000180025095e-35 0.25833333333333336 1.5000000000000002 1.0000000180025095e-35 0.64495798319327746 0.46410256410256417 0.22649572649572652 1.0000000180025095e-35 1.0000000180025095e-35 -0.65683667544064961 14.500000000000002
decision_type=2 2 2 2 2 2 2 2 2 2 2 2 2 2
left_child=1 3 9 4 -1 6 7 11 13 -3 -11 -6 -13 -7
right_child=-2 2 -4 -5 5 8 -8 -9 -10 10 -12 12 -14 -15
leaf_value=-0.011426412730708119 0.020563721176517342 -0.0047647280629424128 0.008714844148676907 -0.015599378342320832 -0.00744162378550143 -0.0021079147419692315 0.0093179307688534673 -0.019993226596593153 0.020549608457739062 -0.027056248007152946 0.0024395797992201409 -0.0037111536260816362 0.014305217377175414 0.011087877914572882
leaf_weight=1.5590650119702392 5.349886927753686 2.9105347792647063 2.3694272921420625 1.8357065342133854 0.63513012847397643 4.7153822671098151 4.2051569986215327 3.8807800837967079 4.3452593639376573 6.7925423270062311 0.40133906883420412 0.65845301694935221 2.808484389242949 1.4468945936241651
leaf_count=1431 312 2871 183 1008 403 1195 433 2278 400 5475 96 103 117 120
internal_value=-0.000712292 -0.00453221 -0.015017 0.00119287 0.00355529 0.00542649 -0.00144106 -0.00783994 0.012349 -0.0211024 -0.025238 0.00644222 0.0107776 0.00294811
internal_weight=43.914 38.5642 12.4738 26.0903 24.2546 22.6955 12.188 7.98285 10.5075 10.1044 7.19388 4.10207 3.46694 6.16228
internal_count=16425 16113 8625 7488 6480 5049 3334 2901 1715 8442 5571 623 220 1315
is_linear=0
shrinkage=0.03


Tree=114
num_leaves=15
num_cat=0
split_feature=30 54 37 19 58 49 19 33 25 18 23 23 33 26
split_gain=3.81967 1.87712 1.70445 2.23208 1.92685 1.24891 1.30439 0.919923 0.91667 0.901199 0.747289 0.637723 0.73947 0.667469
threshold=1.0000000180025095e-35 -0.62293216066487767 1.0000000180025095e-35 2.5000000000000004 2.5000000000000004 1.0000000180025095e-35 5.5000000000000009 1.0000000180025095e-35 10.500000000000002 0.86190476190476206 0.81666666666666676 0.81666666666666676 1.0000000180025095e-35 1.0000000180025095e-35
decision_type=2 2 2 2 2 2 2 2 2 2 2 2 2 2
left_child=1 5 3 9 11 7 -7 -1 -8 -3 -4 -5 13 -13
right_child=-2 2 10 4 -6 6 8 -9 -10 -11 -12 12 -14 -15
leaf_value=-0.015270218652483208 0.020287403683533659 0.012486658244356047 -0.0074993416671898724 0.0018169076083491731 0.0028840868565047514 0.01541216132329179 -0.008933458937946382 0.0067435406786123331 0.010736086383107144 -0.0090048746548983764 0.015214344340966988 -0.027666896132526764 0.0013831280968407648 -0.0034393517097435072
leaf_weight=2.6720266396587276 4.9974148590117684 2.9380656898429218 0.50623480638023477 0.70127513477928438 3.1099098482955005 6.8349157216143777 4.0870843633019831 1.264248105697334 1.3423707193578591 1.0001164872810475 1.9520191121846429 9.0023140776465773 0.83110334398225028 1.8143080155132345
leaf_count=2858 310 481 137 107 668 843 1569 94 156 1430 113 7172 44 321
internal_value=-0.000170496 -0.00373579 -0.00913761 -0.0121191 -0.0168371 0.00375482 0.00824925 -0.00830997 -0.00248938 0.00583415 0.00927095 -0.0215133 -0.0229784 -0.024774
internal_weight=43.0534 38.056 21.8553 19.3971 15.4589 16.2006 12.2644 3.93627 5.42946 3.93818 2.45825 12.349 11.6477 10.8166
internal_count=16303 15993 10473 10223 8312 5520 2568 2952 1725 1911 250 7644 7537 7493
is_linear=0
shrinkage=0.03


Tree=115
num_leaves=15
num_cat=0
split_feature=52 36 5 39 44 52 44 52 53 58 19 44 21 34
split_gain=2.04719 1.94756 1.24752 1.19888 1.52487 1.01054 0.821122 0.667812 1.15378 0.653775 0.619287 0.553201 0.363659 0.272432
threshold=0.057316312316024874 1.0000000180025095e-35 1.0000000180025095e-35 1.0000000180025095e-35 1.5000000000000002 2.6561704564304831 6.5000000000000009 3.438811922224569 0.95502634113867735 1.5000000000000002 4.5000000000000009 11.500000000000002 12.500000000000002 1.5000000000000002
decision_type=2 2 2 2 2 2 2 2 2 2 2 2 2 2
left_child=-1 2 3 4 7 6 -6 8 12 -10 -11 -8 -2 -14
right_child=1 -3 -4 -5 5 -7 11 -9 9 10 -12 -13 13 -15
leaf_value=-0.017686023792846558 -0.00013984001959270546 -0.017198598538273595 -0.013850551672061416 -0.013505507350196889 0.023338786578663659 -0.0050333466269944409 -0.0050329996522228216 0.011590212900345202 -0.01006306592042369 -0.0057015356568201328 0.010540247782348616 0.011808092835702872 0.013004028856161884 -0.0019916013101152191
leaf_weight=2.7477529684256288 3.847634767473215 1.975195021717808 1.1523756886890613 0.85918963147560035 6.674110708787337 1.0662313591747068 2.074742743512616 4.0811165914055882 7.4833961971162335 2.4842484978726134 2.155356296338141 1.2706824872875584 4.9793682990712114 0.72074675152543921
leaf_count=4458 1236 1186 674 170 583 301 713 567 4691 301 74 162 1118 91
internal_value=0.00106014 0.00308893 0.00491196 0.00615444 0.00728485 0.0156752 0.0183498 0.00280357 0.000309364 -0.00546631 0.00274585 0.00338838 0.00731948 0.0110831
internal_weight=43.5721 40.8244 38.8492 37.6968 36.8376 11.0858 10.0195 25.7519 21.6708 12.123 4.6396 3.34543 9.54775 5.70012
internal_count=16325 11867 10681 10007 9837 1759 1458 8078 7511 5066 375 875 2445 1209
is_linear=0
shrinkage=0.03


Tree=116
num_leaves=15
num_cat=0
split_feature=52 36 5 58 53 47 21 10 47 20 52 60 35 21
split_gain=1.72948 1.41518 1.11773 1.23516 2.00412 1.64075 0.939515 0.550138 0.49314 0.458177 0.356261 0.678085 0.502642 0.333794
threshold=0.057316312316024874 1.0000000180025095e-35 1.0000000180025095e-35 1.5000000000000002 0.56450435462351634 1.0000000180025095e-35 10.500000000000002 1.0000000180025095e-35 1.0000000180025095e-35 8.5000000000000018 0.56450435462351634 1.5000000000000002 1.0000000180025095e-35 14.500000000000002
decision_type=2 2 2 2 2 2 2 2 2 2 2 2 2 2
left_child=-1 2 3 4 8 6 -6 10 13 -5 11 -8 -12 -2
right_child=1 -3 -4 9 5 -7 7 -9 -10 -11 12 -13 -14 -15
leaf_value=-0.017703734982797266 0.0044233891843185489 -0.016095873295019578 -0.014277466802142095 0.014080008668722844 0.0031479023424403475 0.012233357073734283 -0.010293066872265048 0.0041669839799168508 -0.0060305945814910032 -0.0005824616410466404 -0.022304960687625431 0.0091499923033122339 0.00031022405102145475 0.017341765264254395
leaf_weight=2.7444733419397371 5.5858371667563915 1.8051601747283701 1.176525395043426 9.3568895093048905 2.8267051140719532 1.7992847133427865 2.4202156683022591 0.56203606791677962 0.3971179239451893 2.1218082551495163 5.091478224756429 0.70202196016907681 0.94846924929879595 3.4245562932337634
leaf_count=4526 1372 1193 716 848 907 171 1453 71 16 242 4480 8 164 327
internal_value=-0.000596027 0.00145179 0.00311446 0.00443083 0.000290548 -0.00646393 -0.0104574 -0.0142746 0.0099207 0.0116854 -0.0159498 -0.00405567 -0.0195599 0.0115915
internal_weight=40.9626 38.2181 36.4129 35.2364 23.7577 14.3502 12.5509 9.72422 9.40751 11.4787 9.16219 3.12224 6.03995 9.01039
internal_count=16494 11968 10775 10059 8969 7254 7083 6176 1715 1090 6105 1461 4644 1699
is_linear=0
shrinkage=0.03


Tree=117
num_leaves=15
num_cat=0
split_feature=30 52 27 59 19 24 52 48 52 21 36 36 52 24
split_gain=3.65264 2.18098 1.58905 1.53951 1.33502 0.797735 0.892018 0.632112 0.613539 0.608343 0.68014 0.423691 0.387629 0.280499
threshold=1.0000000180025095e-35 1.0680049290841331 1.0000000180025095e-35 1.0000000180025095e-35 5.5000000000000009 1.0000000180025095e-35 0.68221640227949176 2.5000000000000004 2.5100182450186588 15.500000000000002 1.0000000180025095e-35 1.0000000180025095e-35 0.057316312316024874 1.0000000180025095e-35
decision_type=2 2 2 2 2 2 2 2 2 2 2 2 2 2
left_child=1 3 4 -1 7 6 12 9 11 10 -3 -6 -5 -10
right_child=-2 2 -4 5 8 -7 -8 -9 13 -11 -12 -13 -14 -15
leaf_value=-0.017669507871463038 0.020064707468271884 0.016353725300513905 -0.015580451362949076 -0.0070501779056519696 0.007027353246568958 0.012036737252068766 -0.015174318468527336 -0.0066644243478360494 -0.015511694477700207 -0.0049590859220604534 -0.0057059366519296596 -0.0080530384314894329 0.0075503801781035629 0.0029894158531960616
leaf_weight=9.9551329002861184 4.7418642269913098 10.178979963879101 1.6243100418942038 0.5944022703042714 3.2260471452318593 1.3981063317041842 2.1450122929236386 0.43454930325970131 1.7623643658298531 0.63259792080498378 0.42793869206798341 0.57770511819398951 3.1592905830475502 0.21665649535134424
leaf_count=8073 302 1401 659 788 560 183 263 16 2090 1113 243 407 249 21
internal_value=-0.00031335 -0.00388101 0.00302651 -0.0110417 0.00618141 -0.000143277 -0.00534697 0.0114112 -0.00459569 0.0130113 0.0146997 0.00275114 0.00359136 -0.0130017
internal_weight=41.075 36.3331 19.0811 17.2519 17.4568 7.29681 5.89871 11.6741 5.78277 11.2395 10.6069 3.80375 3.75369 1.97902
internal_count=16368 16066 6510 9556 5851 1483 1300 2773 3078 2757 1644 967 1037 2111
is_linear=0
shrinkage=0.03


Tree=118
num_leaves=15
num_cat=0
split_feature=30 10 58 19 54 37 19 44 53 20 40 53 53 11
split_gain=3.77934 1.69701 1.94139 2.19602 1.64948 1.891 1.23347 1.65866 0.810633 0.712489 1.04168 0.62176 0.55068 0.405194
threshold=1.0000000180025095e-35 1.0000000180025095e-35 1.5000000000000002 2.5000000000000004 -0.84818165509989341 1.0000000180025095e-35 1.5000000000000002 1.0000000180025095e-35 0.62963017883289629 7.5000000000000009 0.77500000000000013 1.6444966750710746 1.7580705148130871 1.0000000180025095e-35
decision_type=2 2 2 2 2 2 2 2 2 2 2 2 2 2
left_child=1 2 3 6 -5 13 -1 -8 -4 -10 -11 -7 -13 -6
right_child=-2 -3 8 4 5 11 7 -9 9 10 -12 12 -14 -15
leaf_value=-0.01280955146122785 0.019739877666626597 0.012832312741969014 -0.0099022515301988891 0.0048402833148654973 -0.026735453944427823 0.010749908701981907 0.018490054597412011 -0.0089556858907183755 0.010897229089570698 0.010424829738996669 -0.013345557072903896 -0.014787700229315234 0.0055039201813379852 0.00042940749023676235
leaf_weight=1.4461255575733982 4.4802998183295122 2.4744402605574569 1.724549547623609 1.8424895061471005 10.298704716260541 1.0882314541377138 3.2350763086578809 1.6716576845210509 6.5762777988566068 1.0234729768708348 1.8990757605060935 0.8532076427945865 0.70076324348337948 0.44962250173557627
leaf_count=2378 300 216 1298 552 9085 95 464 741 629 93 280 138 60 105
internal_value=-0.00148743 -0.00509717 -0.00710899 -0.0120207 -0.0175994 -0.0209147 0.00236701 0.00925396 0.002727 0.00634339 -0.00416779 0.00126462 -0.00768931 -0.02571
internal_weight=39.764 35.2837 32.8093 21.5859 15.233 13.3905 6.35286 4.90673 11.2234 9.49883 2.92255 2.6422 1.55397 10.7483
internal_count=16434 16134 15918 13618 10035 9483 3583 1205 2300 1002 373 293 198 9190
is_linear=0
shrinkage=0.03


Tree=119
num_leaves=15
num_cat=0
split_feature=52 39 22 52 18 33 25 52 49 19 19 52 52 27
split_gain=1.54005 1.52915 1.16587 0.611723 1.06605 2.22361 0.888405 0.721909 0.590515 0.386366 0.358471 0.258055 0.215782 0.179101
threshold=0.057316312316024874 1.0000000180025095e-35 0.81666666666666676 3.6127552040097792 0.63961038961038974 1.0000000180025095e-35 1.0000000180025095e-35 2.5467889716101815 1.0000000180025095e-35 12.500000000000002 4.5000000000000009 2.9057986818614658 3.0714478637383658 4.0000000000000009
decision_type=2 2 2 2 2 2 2 2 2 2 2 2 2 2
left_child=-1 2 -2 4 6 -6 9 8 -8 10 -4 -7 -11 -10
right_child=1 -3 3 -5 5 11 7 -9 13 12 -12 -13 -14 -15
leaf_value=-0.017003629156242803 0.017201056313364698 -0.01808816149980412 0.0017578539650475108 0.010711752150921955 -0.016612521667929481 0.0123788177844005 -0.006956854490280555 -0.0079571929129376318 0.011167717656441659 -0.0044441526683603998 -0.013423713869543993 -0.0027898899965241334 0.0085487473883789408 -0.0014349975928056339
leaf_weight=2.5026978546666205 2.6975945387966922 1.3138522274966806 1.4030084922560551 3.0988085309509179 6.2267805177398241 2.3622886529192333 0.59860776268760574 1.0870585662487418 12.529849344311511 0.34092134107777361 2.6755416299711214 0.49444191926158954 0.89461611732258461 0.63435633113840673
leaf_count=4481 339 339 382 514 3409 166 894 418 2079 771 2257 35 144 151
internal_value=-0.000423551 0.00154482 0.00321773 0.00111784 -0.000519195 -0.0080865 0.00331183 0.00687498 0.00890747 -0.00580239 -0.00934123 0.00968568 0.00443263 0.0104513
internal_weight=38.8604 36.3577 35.0439 32.3463 29.2475 9.08351 20.164 14.8499 13.7628 5.31409 4.07855 2.85673 1.23554 13.1642
internal_count=16379 11898 11559 11220 10706 3610 7096 3542 3124 3554 2639 201 915 2230
is_linear=0
shrinkage=0.03


Tree=120
num_leaves=15
num_cat=0
split_feature=56 10 33 53 19 53 25 25 1 19 36 34 25 19
split_gain=1.26203 1.19637 0.869001 1.11058 1.09503 0.808399 0.673696 0.668467 0.670395 0.751417 0.430432 0.602585 0.461209 0.327615
threshold=1.0000000180025095e-35 1.0000000180025095e-35 1.0000000180025095e-35 3.2468620983371328 3.5000000000000004 0.99541586762856193 1.5000000000000002 10.500000000000002 1.0000000180025095e-35 6.5000000000000009 1.0000000180025095e-35 1.0000000180025095e-35 1.5000000000000002 12.500000000000002
decision_type=2 2 2 2 2 2 2 2 2 2 2 2 2 2
left_child=1 2 3 4 6 -4 -1 8 9 10 11 -6 -13 -10
right_child=-2 -3 5 -5 7 -7 -8 -9 13 -11 -12 12 -14 -15
leaf_value=-0.020053077427087618 0.015179256180989158 0.01256185098984958 0.015040362957601019 0.0080794089722635437 0.0071187608937501963 -0.0068211997792927363 0.0047500061500327755 0.0085775590467417045 -0.0022247133882519698 -0.015582361516687718 -0.011207189201219487 -0.014192205567464783 0.0041770866851066823 0.0090834161797871456
leaf_weight=5.4345408868539442 1.9414804547559459 2.2672043136262792 1.9474478051997715 2.8906258152128421 4.645691174649988 1.004570154706016 0.36456241272389878 1.6126730936521187 5.2049499652930526 5.9696287797560217 1.0770275980758013 0.99633518194605108 0.88840606901794672 1.4803440010000484
leaf_count=3931 241 214 150 827 966 71 34 309 1786 6030 695 463 128 543
internal_value=-0.00103913 -0.00267596 -0.00435604 -0.00594473 -0.00785539 0.00785059 -0.0176756 -0.00398946 -0.00567039 -0.00910445 -0.00183558 0.00197523 -0.0078408 0.00179435
internal_weight=37.7255 35.784 33.5168 30.5648 27.6742 2.95202 5.7991 21.8751 20.2624 13.5771 7.60746 6.53043 1.88474 6.68529
internal_count=16388 16147 15933 15712 14885 221 3965 10920 10611 8282 2252 1557 591 2329
is_linear=0
shrinkage=0.03


Tree=121
num_leaves=15
num_cat=0
split_feature=30 10 55 48 26 24 52 21 18 49 35 38 31 48
split_gain=2.91202 1.89287 1.59378 1.60232 1.7605 0.887306 0.676074 1.09916 0.707006 0.682365 0.674679 0.542314 0.701932 0.527883
threshold=1.0000000180025095e-35 1.0000000180025095e-35 -0.54831580864593621 1.0000000180025095e-35 1.0000000180025095e-35 1.0000000180025095e-35 0.99541586762856193 14.500000000000002 0.48529411764705888 1.0000000180025095e-35 0.44150000000000006 1.0000000180025095e-35 1.0000000180025095e-35 2.5000000000000004
decision_type=2 2 2 2 2 2 2 2 2 2 2 2 2 2
left_child=1 2 5 4 -4 6 7 11 -8 -10 -7 12 -1 -5
right_child=-2 -3 3 13 -6 10 8 -9 9 -11 -12 -13 -14 -15
leaf_value=-0.01883388534632106 0.019727522231526289 0.016093290874549394 -0.024860894923344565 0.01266028778444309 0.0019842360876892386 0.016438925839104283 -0.0064052212254002185 0.0081499404876001942 -0.004734511137310978 0.012100616935014808 -0.0061742047600082993 0.0028178190057334589 0.0037238294988142942 -0.0067492218648216697
leaf_weight=4.9428684946615302 4.28574757836759 2.4975332844769573 6.0987826861673948 1.4016665825620283 2.6356374948518351 2.3957043635891746 3.4179558754549344 1.5640419935662064 1.8673928923381025 4.9805773412517738 0.44867182266898442 1.1076150099106596 0.80088335566688318 0.45541982259601343
leaf_count=3435 300 215 8046 172 379 337 951 404 689 754 150 375 220 18
internal_value=0.000899784 -0.00238157 -0.00467742 -0.0131558 -0.0178999 0.000258023 -0.00246947 -0.00792362 0.00256449 0.00747732 0.0117955 -0.0126053 -0.0155391 0.00686889
internal_weight=38.9005 34.6148 32.1172 10.5915 8.73442 21.5257 18.6813 8.41541 10.2659 6.84797 2.84438 6.85137 5.74375 1.85709
internal_count=16445 16145 15930 8615 8425 7315 6828 4434 2394 1443 487 4030 3655 190
is_linear=0
shrinkage=0.03


Tree=122
num_leaves=15
num_cat=0
split_feature=30 52 52 53 25 49 25 58 24 35 25 55 26 53
split_gain=3.1749 1.77638 2.19054 1.55847 1.43994 0.979056 1.01292 0.976982 0.756641 0.636745 0.714608 0.603653 0.763007 0.398671
threshold=1.0000000180025095e-35 1.0680049290841331 2.1647983306263359 5.2036832726553373 11.500000000000002 1.0000000180025095e-35 5.5000000000000009 3.5000000000000004 1.0000000180025095e-35 0.37565000000000009 1.0000000180025095e-35 -0.54831580864593621 1.0000000180025095e-35 0.62963017883289629
decision_type=2 2 2 2 2 2 2 2 2 2 2 2 2 2
left_child=1 4 5 8 7 -3 9 11 -4 10 -7 -1 -13 -9
right_child=-2 2 3 -5 -6 6 -8 13 -10 -11 -12 12 -14 -15
leaf_value=-0.007337517660674751 0.019152838110816046 -0.0046329174232639034 -0.01818276179480709 0.0096472348536472876 0.010702836470931881 0.0012323857689899756 -0.0066665396207497779 -0.0065879200929682856 0.0057575715982771895 0.00041042895598242208 0.025800945731235397 -0.027068818191109303 -0.0018540904941861268 0.0098612276286218943
leaf_weight=8.1129470041050791 4.1294598234817377 2.0897705301758842 5.2229073365597278 1.6348865533800561 1.0989924694003992 1.5363485321577171 0.76506271198741149 0.48678572522476216 0.45622793212532986 1.682814264524495 4.2401906761224382 4.2105077891028513 1.68439419218339 1.266022333235014
leaf_count=3970 310 949 3891 399 141 418 266 760 39 376 223 4336 293 98
internal_value=-0.000871298 -0.00418732 0.00241324 -0.00881723 -0.0106128 0.0105156 0.0145181 -0.013137 -0.0152609 0.017641 0.0212641 -0.015564 -0.0221589 0.00421664
internal_weight=38.6173 34.4879 17.6282 7.31402 16.8596 10.3142 8.22442 15.7607 5.67914 7.45935 5.77654 14.0078 5.8949 1.75281
internal_count=16469 16159 6561 4329 9598 2232 1283 9457 3930 1017 641 8599 4629 858
is_linear=0
shrinkage=0.03


Tree=123
num_leaves=15
num_cat=0
split_feature=30 24 37 33 52 54 56 37 52 18 54 52 54 54
split_gain=3.48514 1.68157 2.67596 1.88641 1.52141 0.981785 0.920836 0.830751 0.634444 0.303088 0.221358 0.124434 0.0651652 0.287034
threshold=1.0000000180025095e-35 1.0000000180025095e-35 1.0000000180025095e-35 1.0000000180025095e-35 4.5822232970114634 -0.80483263461672416 1.0000000180025095e-35 1.0000000180025095e-35 0.95502634113867735 0.65686274509803932 -0.87369970142365816 2.5467889716101815 1.5970991209565848 1.9177223553578659
decision_type=2 2 2 2 2 2 2 2 2 2 2 2 2 2
left_child=1 2 3 4 5 8 12 -3 -1 -5 -10 -12 -7 -14
right_child=-2 7 -4 9 -6 6 -8 -9 10 -11 11 -13 13 -15
leaf_value=-0.011467594276025055 0.018970899297266957 0.016648133401092738 0.015260822861239238 -0.004420921797402947 0.0077988073095943602 -0.021918876102170391 0.0058010888507649102 -0.0073163151007453646 -0.0032298934745817799 0.0098113461859086291 0.01101989831130438 -0.0016107633445063239 0.0013531369961799649 -0.012484556208255698
leaf_weight=1.2004096009332088 4.1121959120500824 2.4180824109353121 2.1965079731307915 0.55167766520753447 1.4637227041530412 13.451634284734622 0.46823282958939572 0.53007600514683861 0.70226220536278594 2.8534577093087137 1.6341537974367382 0.30368006504431821 1.6678028250898926 1.3591332632204283
leaf_count=1782 304 325 170 46 348 11025 42 178 236 193 159 87 714 748
internal_value=-0.00195164 -0.0057314 -0.0081412 -0.0111035 -0.0141609 -0.016256 -0.0190712 0.0111237 -0.00155666 0.0067229 0.00595016 0.00922774 -0.0203293 -0.00735523
internal_weight=34.913 30.8008 27.8527 25.6562 22.251 20.7873 16.9468 2.94816 3.84051 3.40514 2.6401 1.93783 16.4786 3.02694
internal_count=16357 16053 15550 15380 15141 14793 12529 503 2264 239 482 246 12487 1462
is_linear=0
shrinkage=0.03


Tree=124
num_leaves=15
num_cat=0
split_feature=30 54 52 25 47 37 52 40 31 19 36 40 49 7
split_gain=3.01171 1.10941 1.24298 1.67828 1.11798 0.961405 0.947332 0.862914 0.837799 0.466222 0.366714 0.357678 0.230263 0.309913
threshold=1.0000000180025095e-35 -0.49495072593336481 1.0680049290841331 10.500000000000002 1.0000000180025095e-35 1.0000000180025095e-35 1.6075917436324201 0.77500000000000013 1.0000000180025095e-35 2.5000000000000004 1.0000000180025095e-35 0.77500000000000013 1.0000000180025095e-35 1.0000000180025095e-35
decision_type=2 2 2 2 2 2 2 2 2 2 2 2 2 2
left_child=1 2 3 7 5 11 10 -1 -9 -6 -4 -3 -8 -14
right_child=-2 4 6 -5 9 -7 12 8 -10 -11 -12 -13 13 -15
leaf_value=0.0069209689319518998 0.01869898075765123 0.0030459946172401824 0.017983438267862098 0.011885433938936582 0.011959353954114659 0.0050804525794484259 -0.0070907318500741893 -0.019573017181810759 0.0041066691070135884 -0.0064184833777831884 -0.0032061838085419283 -0.017810871880068722 0.005008138452693948 -0.0077633903511891934
leaf_weight=0.58836445584893216 3.7516850533429524 0.22048731800168475 3.1838499446748743 1.5166740995628059 1.2757012592628605 1.1754604518646381 1.3649300830729769 5.7510874797735614 0.88755379129725032 0.43614877341315139 0.22755693984800007 9.7258469736261759 5.1817282667616382 0.33891241223318491
leaf_count=85 317 23 418 230 164 140 1629 3910 251 19 169 7921 1013 92
internal_value=-0.00146105 -0.00479786 -5.31741e-06 -0.00745953 -0.0109489 -0.0141712 0.00650817 -0.0132155 -0.0161893 0.00634155 0.0159074 -0.016916 -0.000680949 0.00236804
internal_weight=35.626 31.8743 19.0407 8.74368 12.8336 11.1218 10.297 7.22701 6.63864 1.71185 3.41141 9.94633 6.88557 5.52064
internal_count=16381 16064 7797 4476 8267 8084 3321 4246 4161 183 587 7944 2734 1105
is_linear=0
shrinkage=0.03


Tree=125
num_leaves=15
num_cat=0
split_feature=30 40 20 21 55 31 60 48 20 60 20 55 38 24
split_gain=2.71273 0.929751 0.792233 1.04649 0.826143 0.664007 0.729296 1.48867 0.609989 0.559701 0.550354 0.861338 0.579469 0.658673
threshold=1.0000000180025095e-35 0.77500000000000013 10.500000000000002 14.500000000000002 -0.54379469608321662 1.0000000180025095e-35 1.0000000180025095e-35 1.0000000180025095e-35 7.5000000000000009 5.5000000000000009 4.5000000000000009 0.42579027935517261 0.3928571428571429 1.0000000180025095e-35
decision_type=2 2 2 2 2 2 2 2 2 2 2 2 2 2
left_child=1 -1 3 5 -4 6 7 -3 10 -5 11 12 13 -8
right_child=-2 2 4 9 -6 -7 8 -9 -10 -11 -12 -13 -14 -15
leaf_value=0.01178251469416048 0.01820249526406682 -0.020731417024675177 0.011782558771372702 -0.02133825758329928 -0.008577767369249369 0.0069435298682006307 -0.018771877862609126 0.0068540298122312382 -0.011343772008908803 0.0019479039906797311 0.0064095033079238526 0.010057709123622895 0.0036377154214015947 0.0051304326567963949
leaf_weight=1.2501915155444283 3.7849549974780521 3.8312316376977966 2.9153171363286678 3.6617236711899741 1.0798832596192358 2.7312647862709118 2.6916095228225445 1.3778388849459586 2.3186203615914556 0.73586819886986621 6.9108692040026654 0.91710443189367641 1.2362571095582096 0.40893230214714993
leaf_count=158 315 4201 845 2381 2843 435 2121 161 785 313 1352 42 382 86
internal_value=-0.000838813 -0.00402302 -0.00534324 -0.00717674 0.00525362 -0.00374066 -0.00572607 -0.0135576 -0.00160614 -0.0180509 0.00158949 -0.00476977 -0.0100901 -0.0148438
internal_weight=35.8517 32.0667 30.8165 26.8213 3.9952 22.4237 19.6925 5.20907 14.4834 4.39759 12.1648 5.2539 4.3368 3.10054
internal_count=16420 16105 15947 12259 3688 9565 9130 4362 4768 2694 3983 2631 2589 2207
is_linear=0
shrinkage=0.03


Tree=126
num_leaves=15
num_cat=0
split_feature=30 54 53 54 6 33 44 33 18 24 53 18 26 22
split_gain=2.42509 1.03149 1.46038 0.939824 0.957456 0.744178 0.932364 0.637687 0.628085 0.626612 0.606536 0.560161 0.793484 0.344224
threshold=1.0000000180025095e-35 -0.62293216066487767 3.438811922224569 -0.65060519653594373 1.0000000180025095e-35 1.0000000180025095e-35 1.5000000000000002 1.0000000180025095e-35 0.35504201680672276 1.0000000180025095e-35 1.5665898578755073 0.22649572649572652 1.0000000180025095e-35 1.0000000180025095e-35
decision_type=2 2 2 2 2 2 2 2 2 2 2 2 2 2
left_child=1 3 5 4 7 6 11 9 -8 10 -1 12 -3 -11
right_child=-2 2 -4 -5 -6 -7 8 -9 -10 13 -12 -13 -14 -15
leaf_value=-0.018416769934556241 0.018188855754363683 -0.011594542507312398 0.01012004937211396 0.014827245386850466 0.0097861668885794745 0.0062873365104169892 -0.011853016760389915 0.0052350365379340725 0.0039496381996273573 -0.0062883103891821007 0.0011296373509712358 -0.02106088940432238 0.010082952900140236 0.0097215372346378705
leaf_weight=3.6460326571250317 3.8420221933629355 1.209906794232664 2.1125671966874497 2.464608106500239 2.9851432083232785 0.99207351729273874 1.5373963109595941 1.9866943359374998 4.4936927772650961 0.32506817672401667 1.6180244010320164 6.4946341520262649 0.92272936971858133 0.92989204893819966
leaf_count=2924 321 2320 582 509 1098 74 1263 149 883 47 597 5460 40 127
internal_value=0.000361535 -0.00274865 -0.00721053 0.00312253 -0.00121389 -0.0104315 -0.0121821 -0.00620252 -0.00202726 -0.0100989 -0.0137519 -0.0175635 -0.00187475 0.00425882
internal_weight=35.5605 31.7185 17.763 13.9555 11.4909 15.6504 14.6584 8.50571 6.03109 6.51902 5.26406 8.62727 2.13264 1.25496
internal_count=16394 16073 10622 5451 4942 10040 9966 3844 2146 3695 3521 7820 2360 174
is_linear=0
shrinkage=0.03


Tree=127
num_leaves=15
num_cat=0
split_feature=52 36 5 39 25 25 52 53 52 21 33 58 21 53
split_gain=1.03611 1.25055 0.877042 0.640313 0.574092 1.00205 0.832309 0.59409 0.951438 0.622844 0.839371 1.43623 0.419401 0.323915
threshold=0.057316312316024874 1.0000000180025095e-35 1.0000000180025095e-35 1.0000000180025095e-35 1.5000000000000002 6.5000000000000009 2.6561704564304831 0.95502634113867735 3.438811922224569 14.500000000000002 1.0000000180025095e-35 1.0000000180025095e-35 14.500000000000002 1.4066094126709543
decision_type=2 2 2 2 2 2 2 2 2 2 2 2 2 2
left_child=-1 2 3 4 7 6 -6 9 12 10 11 -2 13 -9
right_child=1 -3 -4 -5 5 -7 -8 8 -10 -11 -12 -13 -14 -15
leaf_value=-0.015339333911538019 -0.015598945990838976 -0.015805303028763401 -0.013167757388654397 -0.010604172438053821 0.01986173663961072 -0.0032694522401461924 -0.0045752677959517594 -0.0085144412492873921 0.010650404559785285 0.014261283308440656 0.011619692902058082 0.011236171883988406 -0.014226176126079121 0.0023440797801534195
leaf_weight=2.0210887819630434 2.8778154324536609 1.688025892319273 0.9833550371840819 0.69773069693473999 4.9817474957817449 2.5346626724494854 0.73512798344017927 1.8302212176204173 1.8957513126661059 3.3396686903870432 1.4825591770932076 1.0971370816696433 2.2122742033243412 5.3032017986406572
leaf_count=4459 1885 1203 687 170 583 925 262 586 281 590 141 83 3219 1272
internal_value=-0.000984598 0.000788787 0.00265365 0.00400558 0.00504229 0.0108598 0.016348 0.0018786 -0.00256212 0.00697663 -0.000110298 -0.00691032 -0.00664723 -0.00169629
internal_weight=33.6804 31.6593 29.9713 28.9879 28.2902 8.25154 5.71688 20.0386 11.2414 8.79718 5.45751 3.97495 9.3457 7.13342
internal_count=16346 11887 10684 9997 9827 1770 845 8057 5358 2699 2109 1968 5077 1858
is_linear=0
shrinkage=0.03


Tree=128
num_leaves=15
num_cat=0
split_feature=56 52 40 33 18 20 36 53 53 35 55 18 52 53
split_gain=1.25648 1.19349 1.10668 0.908654 0.738757 0.718005 0.746954 1.00335 0.495518 0.433425 0.409342 0.378946 0.250402 0.222775
threshold=1.0000000180025095e-35 3.438811922224569 0.77500000000000013 1.0000000180025095e-35 0.63961038961038974 4.5000000000000009 1.0000000180025095e-35 0.95502634113867735 0.99541586762856193 1.0000000180025095e-35 0.92440438347645926 0.54356060606060608 1.8505551827656268 5.2036832726553373
decision_type=2 2 2 2 2 2 2 2 2 2 2 2 2 2
left_child=1 2 -1 4 5 9 7 -7 -5 10 -4 -9 -13 -6
right_child=-2 -3 3 8 13 6 -8 11 -10 -11 -12 12 -14 -15
leaf_value=0.011405222519262612 0.014223226586188742 0.0098280638348863109 -0.018109214593427004 0.010850963446624907 -0.018743715965650165 0.013836187141756145 -0.013265282479526845 -0.0089234205346411036 -0.006193429946643049 0.0011878627469967954 0.001724449103924779 0.0059228333539276031 -0.0055037903968052377 0.0010125970244995479
leaf_weight=1.1876141957473105 1.714587494265287 2.9288014467456369 4.0020655180560523 2.0023011076264079 5.805443180470319 2.8093730680848203 1.1735044786037185 3.0255573111498961 0.86775036237668235 1.4378880750009555 0.72364293856662687 3.14441012320458 0.77269061635888636 0.33772187943395682
leaf_count=153 252 624 4476 174 4927 332 747 1921 68 586 657 524 602 273
internal_value=-0.00252675 -0.00430105 -0.00638495 -0.00794846 -0.00986981 -0.00550587 -0.000401533 0.00314051 0.0052705 -0.0122387 -0.0154624 -0.003314 0.00257038 -0.0176757
internal_weight=31.9334 30.2188 27.29 26.1023 23.2323 17.0891 10.9255 9.75203 2.87005 6.1636 4.72571 6.94266 3.9171 6.14317
internal_count=16316 16064 15440 15287 15045 9845 4126 3379 242 5719 5133 3047 1126 5200
is_linear=0
shrinkage=0.03


Tree=129
num_leaves=15
num_cat=0
split_feature=56 20 35 25 7 35 35 5 25 25 33 53 53 20
split_gain=1.02231 1.1305 0.567367 0.87814 0.540235 0.490914 0.580007 0.448186 0.398298 0.639711 0.394154 0.696438 0.347036 0.200298
threshold=1.0000000180025095e-35 3.5000000000000004 0.37565000000000009 1.5000000000000002 1.0000000180025095e-35 0.51715000000000011 0.62625000000000008 1.0000000180025095e-35 6.5000000000000009 11.500000000000002 1.0000000180025095e-35 3.9976927939054847 0.99541586762856193 10.500000000000002
decision_type=2 2 2 2 2 2 2 2 2 2 2 2 2 2
left_child=1 -1 3 10 7 -4 -7 8 -5 -10 11 13 -12 -3
right_child=-2 2 5 4 -6 6 -8 -9 9 -11 12 -13 -14 -15
leaf_value=-0.014212762741923931 0.014612490939848267 -0.0074161887010020296 -0.015485953675691926 0.018238558397126008 -0.0061243969358499521 0.010475457298547083 -0.0086288592394289203 -0.0047738912237202114 -0.0095698253044796608 0.010879304931329326 0.010774695510592557 0.0089129468292807306 -0.0041243654437472079 0.00086335343115388221
leaf_weight=3.5169931224954807 1.8018288086168457 10.533085346112793 1.3337697679089608 4.0590399998618514 0.39329197807819571 1.0274565313011406 0.76660244386584953 0.26995701646956138 0.85890169517369919 0.65807395527372137 2.0175971128046508 1.7171987273031835 0.86535583075601596 2.838268998770217
leaf_count=4616 261 4744 686 397 136 80 589 119 378 73 170 582 64 3503
internal_value=-0.000122299 -0.00181987 0.000634623 0.00238086 0.0105074 -0.00853875 0.00206675 0.0129022 0.0147923 0.000443224 -0.00121016 -0.00325595 0.006445 -0.00577507
internal_weight=32.6574 30.8556 27.3386 24.2108 6.23926 3.12783 1.79406 5.84597 5.57602 1.51698 17.9715 15.0886 2.88295 13.3714
internal_count=16398 16137 11521 10166 1103 1355 669 967 848 451 9063 8829 234 8247
is_linear=0
shrinkage=0.03


Tree=130
num_leaves=15
num_cat=0
split_feature=30 44 18 9 37 56 18 44 11 18 22 44 20 18
split_gain=1.97986 1.11795 1.07812 1.31215 1.46013 1.36095 1.04649 0.605376 0.599995 0.380641 0.38978 0.371281 0.368425 0.298361
threshold=1.0000000180025095e-35 11.500000000000002 0.77350427350427364 1.0000000180025095e-35 1.0000000180025095e-35 1.0000000180025095e-35 0.87083333333333346 5.5000000000000009 1.0000000180025095e-35 0.65686274509803932 0.81666666666666676 1.0000000180025095e-35 4.5000000000000009 0.74166666666666681
decision_type=2 2 2 2 2 2 2 2 2 2 2 2 2 2
left_child=1 2 3 4 5 7 -4 8 13 11 -11 -5 -9 -1
right_child=-2 -3 6 9 -6 -7 -8 12 -10 10 -12 -13 -14 -15
leaf_value=-0.021661790388469108 0.017371707308729355 0.014132644027286508 0.011094439202630327 -0.0046820495026539087 0.006860438263706181 0.0092487491879071331 -0.010189675581103936 -0.0095096503882884705 0.0024627967170099316 0.0061753441623074974 -0.010655994067276011 0.01231784444953654 0.0046443723977548784 -0.0018085523997568209
leaf_weight=9.8715611157022121 3.3396573634818187 1.4269509755831666 5.1818183534778646 0.36030226030561552 2.4923707195848683 0.86691700015217144 1.1599634295998837 0.94089503654686391 0.7009066049067777 0.50514926109462976 0.79437156362109795 3.0301468705729349 1.9352477934735359 1.1315708567417466
leaf_count=8701 306 183 1372 353 328 138 2724 727 156 70 287 202 437 409
internal_value=0.0004686 -0.00234619 -0.00401806 -0.0069804 -0.010458 -0.0137184 0.00569174 -0.0160349 -0.0186931 0.00547131 -0.00433598 0.00944439 -0.00198725 -0.0202123
internal_weight=33.7378 30.3982 28.9712 22.6294 17.9395 15.4471 6.34178 14.5802 11.704 4.68997 1.29952 3.39045 2.87614 11.0031
internal_count=16393 16087 15904 11808 10896 10568 4096 10430 9266 912 357 555 1164 9110
is_linear=0
shrinkage=0.03


Tree=131
num_leaves=15
num_cat=0
split_feature=30 60 33 53 36 53 53 55 52 18 53 22 39 53
split_gain=1.82933 1.03048 1.71939 1.89579 1.25083 1.2666 1.19297 0.887471 0.580989 0.448163 0.361038 0.348473 0.238315 0.2708
threshold=1.0000000180025095e-35 1.0000000180025095e-35 1.0000000180025095e-35 5.2036832726553373 1.0000000180025095e-35 0.11165176876591411 0.95502634113867735 -0.54943866764432625 2.9057986818614658 0.36038961038961043 0.99541586762856193 0.81666666666666676 1.0000000180025095e-35 1.4066094126709543
decision_type=2 2 2 2 2 2 2 2 2 2 2 2 2 2
left_child=1 2 3 -1 5 11 8 9 -7 -8 -4 -3 13 -11
right_child=-2 4 10 -5 -6 6 7 -9 -10 12 -12 -13 -14 -15
leaf_value=-0.022830504464850656 0.016997123283789821 0.0038773517027468111 0.011469694321755021 0.0076417243003873677 -0.015011492650601392 0.018135159416033726 -0.0054215528554320061 -0.010638771722057619 -0.0046474269260916102 -0.0022500423224493917 -0.003826612670709292 -0.014635657020102439 -0.0037990617681706185 0.011780992770026998
leaf_weight=5.3278984856733604 3.241048957919701 0.29006625153124344 1.9503847137093546 1.3584395577490793 1.4702404796262261 5.8438464684149976 1.2583825747278812 2.4476195385213861 0.34367417667817779 0.80327367715653952 0.93489720264915366 1.7302482834784376 0.27632055862341065 5.3308812635368668
leaf_count=8944 306 53 178 465 1199 1247 440 589 83 309 70 1879 101 568
internal_value=0.000621316 -0.00215457 -0.00929484 -0.0163055 0.0018342 0.00453 0.00752755 0.000530434 0.0160436 0.00555848 0.00697585 -0.0113711 0.00849057 0.00984215
internal_weight=32.6072 29.3662 9.57162 6.68634 19.7946 18.3243 16.304 10.1165 6.18752 7.66886 2.88528 2.02031 6.41048 6.13415
internal_count=16431 16125 9657 9409 6468 5269 3337 2007 1330 1418 248 1932 978 877
is_linear=0
shrinkage=0.03


Tree=132
num_leaves=15
num_cat=0
split_feature=56 18 19 19 25 37 9 53 35 22 53 53 53 25
split_gain=0.94209 0.564761 0.703116 0.69926 0.678778 0.667922 0.846429 0.539194 0.536218 0.49377 0.46512 0.365791 0.781542 0.270478
threshold=1.0000000180025095e-35 0.24264705882352944 10.500000000000002 5.5000000000000009 1.5000000000000002 1.0000000180025095e-35 1.0000000180025095e-35 0.95502634113867735 0.37565000000000009 0.81666666666666676 1.8505551827656268 0.23617901029877106 0.11165176876591411 10.500000000000002
decision_type=2 2 2 2 2 2 2 2 2 2 2 2 2 2
left_child=1 -1 3 4 10 6 13 -4 -6 -7 11 12 -3 -5
right_child=-2 2 7 5 8 9 -8 -9 -10 -11 -12 -13 -14 -15
leaf_value=-0.011821248708847161 0.014222507611465431 -0.007725461407826496 0.017066300165822775 -0.018788269305190248 0.015288310827657024 -0.0073567850083318242 0.0043446677568248927 -0.0049840188991432041 -0.0037682533028126197 0.011056137115659866 0.0051863285438357477 -0.0099797021513744876 0.0094269196963390287 -0.0009546488929385895
leaf_weight=2.3265036316079266 1.7132868197513733 3.0776821457184358 1.335514284466625 3.9876782880601223 2.561542062729131 0.45649358630180348 1.4579235515557227 0.38408408088434942 0.94057701944257122 1.2559843929484484 4.3175743681204031 4.1983771348022856 2.5220546093187295 1.1331111636245621
leaf_count=4139 267 2895 245 2774 322 119 316 1157 553 82 2015 966 328 233
internal_value=-8.50248e-05 -0.00174229 -0.0001529 -0.00177623 0.00168042 -0.00802034 -0.011711 0.0121095 0.0106609 0.00482877 -0.00159418 -0.00495472 0.000447596 -0.0162186
internal_weight=31.6684 29.9551 27.6286 25.909 17.6178 8.29119 6.57871 1.7196 3.50212 1.71248 14.1157 9.79811 5.59974 5.12079
internal_count=16411 16144 12005 10603 7079 3524 3323 1402 875 201 6204 4189 3223 3007
is_linear=0
shrinkage=0.03


Tree=133
num_leaves=15
num_cat=0
split_feature=36 25 20 53 58 19 31 53 19 53 37 53 19 21
split_gain=0.750657 0.77731 1.46051 0.760341 0.527406 1.148 0.707121 1.21545 0.819993 0.606142 0.550223 0.334387 0.208751 0.173836
threshold=1.0000000180025095e-35 1.5000000000000002 3.5000000000000004 1.6444966750710746 1.5000000000000002 4.5000000000000009 1.0000000180025095e-35 3.438811922224569 12.500000000000002 2.5242680868836214 1.0000000180025095e-35 1.7580705148130871 2.5000000000000004 14.500000000000002
decision_type=2 2 2 2 2 2 2 2 2 2 2 2 2 2
left_child=1 4 -3 -4 6 -6 7 8 10 13 -1 -5 -9 -8
right_child=-2 2 3 11 5 -7 9 12 -10 -11 -12 -13 -14 -15
leaf_value=-0.017790052177975503 -0.014111515204684401 -0.01043995420777644 0.017880780605454196 -0.0086401767964880104 -0.009417756345337782 0.013639174020398945 0.012496365955906292 0.011278553496396703 0.0044422164072304912 -0.00822331210311519 0.0044451715655915835 0.0048100856904613638 -0.0027039548237691828 -0.0012728138574867184
leaf_weight=7.4389216893396313 1.4067194129602274 1.8160840466298385 4.6726003417716111 0.53566457497072439 1.529624729126225 2.6830140167148784 2.026262567815138 1.2370225662743894 1.22533991853561 0.70994047677231709 0.33748493064194907 2.8410594099696027 0.45354718020826101 0.60829171611112531
leaf_count=8333 1186 1979 807 140 301 152 190 318 1553 571 20 527 326 32
internal_value=-0.000799794 0.0007592 0.00681383 0.0120096 -0.00286357 0.00493048 -0.00552585 -0.00892872 -0.0130162 0.00462328 -0.0161131 0.000256163 0.00809486 0.0101399
internal_weight=29.5216 28.1149 9.86541 8.04932 18.2494 4.21264 14.0368 10.6923 9.00175 3.34449 7.77641 3.37672 1.69057 2.63455
internal_count=16435 15249 3453 1474 11796 453 11343 10550 9906 793 8353 667 644 222
is_linear=0
shrinkage=0.03


Tree=134
num_leaves=15
num_cat=0
split_feature=56 20 36 25 39 10 48 31 19 53 41 19 53 58
split_gain=0.778278 0.839912 0.692939 0.622777 0.734223 0.679052 0.488347 0.516395 0.898862 0.693893 0.383545 0.350061 0.280285 0.351635
threshold=1.0000000180025095e-35 3.5000000000000004 1.0000000180025095e-35 1.5000000000000002 1.0000000180025095e-35 1.0000000180025095e-35 1.0000000180025095e-35 1.0000000180025095e-35 4.5000000000000009 0.99541586762856193 1.0000000180025095e-35 2.5000000000000004 0.58819978801451722 1.5000000000000002
decision_type=2 2 2 2 2 2 2 2 2 2 2 2 2 2
left_child=1 -1 3 5 10 6 7 8 -3 -9 -5 -8 -10 -14
right_child=-2 2 -4 4 -6 -7 11 9 12 -11 -12 -13 13 -15
leaf_value=-0.012349328266896324 0.013439621124826332 -0.013967534333619502 -0.012432725155800956 0.013359230431859187 -0.0083049473265766754 0.0098874360652077675 0.011719616556715721 0.01261508037526674 0.0080990733320510464 -0.0075177373393908731 -0.0038687023638818378 -0.0051009115582149253 -0.0082207947904342424 0.0048027419677816839
leaf_weight=3.2453300636334523 1.5486639201408241 6.359792701245178 1.2344892576511473 6.2697946918779044 0.56146469258237619 2.2805218767607576 1.1964551736600686 1.4185494710691267 1.348638327734079 1.045718331239186 0.46040604844165489 0.33586224727332581 2.1509569131303583 1.6367590311565434
leaf_count=4654 265 4887 1100 1071 162 209 171 147 259 427 102 18 2848 77
internal_value=0.000126459 -0.00137924 0.000751555 0.00227165 0.00857615 -0.000920669 -0.00346018 -0.00539298 -0.00787651 0.00453117 0.0115644 0.00723214 0.00146617 -0.00287812
internal_weight=31.0934 29.5447 26.2994 25.0649 7.29167 17.7733 15.4927 13.9604 11.4961 2.46427 6.7302 1.53232 5.13635 3.78772
internal_count=16397 16132 11478 10378 1335 9043 8834 8645 8071 574 1173 189 3184 2925
is_linear=0
shrinkage=0.03


Tree=135
num_leaves=15
num_cat=0
split_feature=30 25 33 53 49 5 39 13 53 52 56 56 53 53
split_gain=1.56457 1.03688 1.0715 1.65641 1.05874 0.684716 0.53485 0.500973 0.457635 0.386872 0.355373 0.296469 0.219785 0.131212
threshold=1.0000000180025095e-35 1.0000000180025095e-35 1.0000000180025095e-35 5.2036832726553373 1.0000000180025095e-35 1.0000000180025095e-35 1.0000000180025095e-35 1.0000000180025095e-35 0.99541586762856193 2.9057986818614658 1.0000000180025095e-35 1.0000000180025095e-35 2.4860854977526912 3.1687635061542383
decision_type=2 2 2 2 2 2 2 2 2 2 2 2 2 2
left_child=1 2 3 10 11 6 7 9 -4 12 -1 -3 -6 -14
right_child=-2 4 8 -5 5 -7 -8 -9 -10 -11 -12 -13 13 -15
leaf_value=-0.022194788729107129 0.016327169820435583 -0.014591849231508996 0.010403043490342455 0.0076216082301726624 0.012331374597022956 -0.0098503476150845933 -0.0075369479310282827 -0.0064570250334267708 -0.0065000773750237221 -0.0039921723324582853 0.0024796002757763113 0.0033570243475213556 -0.0047941991833466329 0.0043574237135111642
leaf_weight=4.8406445906948701 3.0474106837064019 1.7578590344637661 1.7886307560838761 1.316883132982184 11.475237461636416 0.68025982759718395 0.55631433459348123 0.5298053213409738 0.65608151792548586 0.7175172506686075 0.16241553053259838 0.24611533037386824 0.55080034775892173 1.1665885937982237
leaf_count=8888 308 2303 172 487 2140 428 228 852 61 165 3 47 159 155
internal_value=0.000983251 -0.00180856 -0.00920013 -0.0145656 0.0024182 0.00536787 0.00713608 0.00854951 0.00498312 0.00986091 -0.0209144 -0.0118117 0.0110407 0.000422104
internal_weight=29.4926 26.4452 8.76466 6.31994 17.6805 15.6765 14.9963 14.4399 2.44471 13.9101 5.00306 2.00397 13.1926 1.71739
internal_count=16396 16088 9611 9378 6477 4127 3699 3471 233 2619 8891 2350 2454 314
is_linear=0
shrinkage=0.03


Tree=136
num_leaves=15
num_cat=0
split_feature=52 36 52 52 55 52 49 25 52 22 22 49 22 53
split_gain=0.850955 0.856634 0.734921 0.925991 0.644049 0.632709 0.574366 0.55729 0.452232 0.856944 0.39372 0.303571 0.423978 0.229647
threshold=0.057316312316024874 1.0000000180025095e-35 2.1647983306263359 3.438811922224569 1.929387024237178 1.2127173514992828 1.0000000180025095e-35 5.5000000000000009 0.68221640227949176 0.81666666666666676 0.81666666666666676 1.5000000000000002 0.81666666666666676 0.58819978801451722
decision_type=2 2 2 2 2 2 2 2 2 2 2 2 2 2
left_child=-1 2 5 4 10 8 -7 -8 11 -10 -4 -2 -13 -11
right_child=1 -3 3 -5 -6 6 7 -9 9 13 -12 12 -14 -15
leaf_value=-0.014029959239504527 0.00021465682693708264 -0.013255119995394752 0.003615070175097209 0.0068877147023958347 0.0057717842527355272 -0.004309305632401372 0.017491974055715866 -0.0041743101958143427 0.0095377937803311514 0.0018247644629363544 -0.016849595938690436 -0.0052468716879820925 0.013538017175748613 -0.012720719554091816
leaf_weight=1.6939955704801857 5.445523602029434 1.3412551762739884 0.26589139713905785 2.5457844415213913 0.62384657215443429 0.76635038683889334 5.0673154666146729 0.46885193741763931 1.0450126718496902 0.64242759472108391 3.7265316379780407 0.25017966143786941 2.7801536748738727 3.2311731590016279
leaf_count=4518 2404 1212 29 598 192 480 637 138 183 222 3653 33 642 1507
internal_value=-0.000462122 0.00122805 0.00281979 -0.0045671 -0.0110567 0.00567915 0.0122125 0.0150362 0.00141777 -0.00472346 -0.014735 0.00520298 0.0105177 -0.0105085
internal_weight=29.8943 28.2003 26.859 7.16205 4.61627 19.697 6.30252 5.53617 13.3945 4.91861 3.99242 8.47586 3.03033 3.8736
internal_count=16448 11930 10718 4472 3874 6246 1255 775 4991 1912 3682 3079 675 1729
is_linear=0
shrinkage=0.03


Tree=137
num_leaves=15
num_cat=0
split_feature=30 40 47 60 55 53 53 60 55 21 53 48 55 22
split_gain=1.81777 0.743938 0.581097 0.618912 0.957823 0.463989 0.685462 0.651873 0.466237 0.306292 0.282084 0.280503 0.266004 0.257357
threshold=1.0000000180025095e-35 0.77500000000000013 1.0000000180025095e-35 1.0000000180025095e-35 -0.65459379401234574 0.11165176876591411 0.95502634113867735 1.5000000000000002 -0.55280349022233521 14.500000000000002 1.4066094126709543 2.5000000000000004 -0.65560174430346652 0.81666666666666676
decision_type=2 2 2 2 2 2 2 2 2 2 2 2 2 2
left_child=1 -1 3 4 -3 13 7 8 -7 10 -8 -4 -9 -5
right_child=-2 2 11 5 -6 6 9 12 -10 -11 -12 -13 -14 -15
leaf_value=0.010781758800611434 0.01608496112172934 0.0017553207283516022 0.011281527414229126 0.003022890812874358 -0.018651691314440149 -0.0026808780219233852 -0.0077422786012411472 0.0036860082681710532 0.018683676634884072 -0.011585026396337053 0.0027380878991225318 -0.0043437665196503364 -0.0079988768450393877 -0.014272060771393726
leaf_weight=1.085427466314292 2.9379597608931354 2.540792906482249 1.1255661486648012 0.22092741180676956 4.6577233263233166 0.62128312168351874 1.4144822363450638 2.0307000377506488 1.7915007407718793 1.9324936329066984 5.2379006990522612 0.28317511733621348 1.2556313343229701 1.6256845727984934
leaf_count=167 304 1413 172 47 8030 234 492 1047 68 624 1141 17 725 1872
internal_value=-0.000739602 -0.00367239 -0.00506564 -0.00634795 -0.0126333 -0.00245886 2.77405e-05 0.00683554 0.0144607 -0.00492929 -0.00076486 0.00743488 -0.00211568 -0.011707
internal_weight=28.7612 25.8233 24.7379 23.3291 7.19852 16.1306 14.284 5.69912 2.41278 8.58488 6.65238 1.40874 3.28633 1.84661
internal_count=16353 16049 15882 15693 9443 6250 4331 2074 302 2257 1633 189 1772 1919
is_linear=0
shrinkage=0.03


Tree=138
num_leaves=15
num_cat=0
split_feature=30 27 20 59 7 41 35 25 49 25 35 35 52 20
split_gain=1.459 0.717487 0.916539 0.715473 0.605357 0.635833 0.66237 0.592283 0.450477 0.542674 0.305869 0.438232 0.296517 0.257245
threshold=1.0000000180025095e-35 1.0000000180025095e-35 3.5000000000000004 1.0000000180025095e-35 1.0000000180025095e-35 1.0000000180025095e-35 0.37565000000000009 1.5000000000000002 1.0000000180025095e-35 1.0000000180025095e-35 0.51715000000000011 0.62625000000000008 0.11165176876591411 6.5000000000000009
decision_type=2 2 2 2 2 2 2 2 2 2 2 2 2 2
left_child=1 2 -1 7 5 6 8 -3 9 12 -8 -12 -4 -5
right_child=-2 3 4 13 -6 -7 10 -9 -10 -11 11 -13 -14 -15
leaf_value=-0.011953579556768035 0.016376083063498616 -0.019063287703739336 -0.0047472397848754523 0.008845784218961119 -0.010670408105524772 -0.0078528940525854577 -0.01100381384902104 0.0048500052201938893 0.011748969296025041 -0.0090016017406544298 0.0098919001069854434 -0.0072291853534925147 0.0099755626349203631 -0.0048526594838579247
leaf_weight=2.1184063590990361 2.8695096159353843 2.7907739762231354 0.3700617339782285 0.93353096267674096 0.61153250519418989 1.4184129069253675 0.905816466241958 0.30131608247756947 10.818721227798958 1.387772542555467 0.94025319488719084 0.60710996194393374 2.2965369456360349 0.48375927918823436
leaf_count=3574 296 3433 1004 63 194 3109 670 1 1763 985 86 564 583 64
internal_value=0.00128077 -0.00143751 0.00110939 -0.0101807 0.00352461 0.0049718 0.00672571 -0.0157433 0.00899186 0.000183957 -0.00488138 0.00288592 0.00677348 0.00406654
internal_weight=28.8535 25.984 21.4746 4.50938 19.3562 18.7447 17.3263 3.09209 14.8731 4.05437 2.45318 1.54736 2.6666 1.41729
internal_count=16389 16093 12532 3561 8958 8764 5655 3434 4335 2572 1320 650 1587 127
is_linear=0
shrinkage=0.03


Tree=139
num_leaves=15
num_cat=0
split_feature=30 54 53 37 22 33 58 55 52 2 52 22 52 59
split_gain=1.25757 0.890281 1.0392 0.877551 1.12902 0.920787 0.794781 0.573912 0.877632 0.477815 0.338601 0.236803 0.274095 0.284526
threshold=1.0000000180025095e-35 -0.62293216066487767 3.438811922224569 1.0000000180025095e-35 0.81666666666666676 1.0000000180025095e-35 2.5000000000000004 -0.61622116297079621 2.1245140192200878 1.0000000180025095e-35 0.62963017883289629 0.81666666666666676 1.6444966750710746 1.5000000000000002
decision_type=2 2 2 2 2 2 2 2 2 2 2 2 2 2
left_child=1 7 3 4 -3 6 -6 11 9 -9 -8 -1 13 -13
right_child=-2 2 -4 -5 5 -7 10 8 -10 -11 -12 12 -14 -15
leaf_value=0.006457567810311214 0.014958739614189052 0.0085980932257878583 0.0086433328463735651 0.0065037790558589194 -0.021438068549300682 0.0052910248512439079 0.0063501814335778601 -0.0039541486217700393 -0.0075392662535876077 0.018288549886541047 -0.0079187318534999357 -0.010403511925340813 0.0024811088829762773 0.0040195719326213851
leaf_weight=0.73100607667583961 2.5368716574739656 0.78383046120870759 1.7739056969876408 1.3475292493239983 7.353661353808997 0.89834130660165179 1.2440464581159179 0.30016533936578005 0.6668030723085393 3.1536599194223527 0.78172482254740305 3.1301827418283215 2.7321728280512616 0.45507705987256475
leaf_count=193 293 120 591 224 8980 72 464 231 609 617 156 2902 824 145
internal_value=0.000351324 -0.00209729 -0.00669159 -0.00977918 -0.0124549 -0.0151996 -0.0177471 0.00386703 0.0106283 0.0156143 -0.000354578 -0.00156125 -0.00381879 -0.00778899
internal_weight=27.889 25.3521 14.183 12.4091 11.0616 10.2778 9.37943 11.1691 4.12063 3.45383 2.02577 7.04844 6.31743 3.58526
internal_count=16421 16128 10607 10016 9792 9672 9600 5521 1457 848 620 4064 3871 3047
is_linear=0
shrinkage=0.03


Tree=140
num_leaves=15
num_cat=0
split_feature=30 56 33 25 47 37 24 20 22 6 25 9 27 20
split_gain=1.59391 0.752604 0.872365 1.07309 1.4789 0.499053 0.751613 0.82547 0.656074 0.62191 0.65739 0.462347 0.518703 0.31594
threshold=1.0000000180025095e-35 1.0000000180025095e-35 1.0000000180025095e-35 1.0000000180025095e-35 1.0000000180025095e-35 1.0000000180025095e-35 1.0000000180025095e-35 10.500000000000002 0.81666666666666676 1.0000000180025095e-35 6.5000000000000009 1.0000000180025095e-35 1.5000000000000002 6.5000000000000009
decision_type=2 2 2 2 2 2 2 2 2 2 2 2 2 2
left_child=1 2 3 4 -1 6 7 9 -7 11 -11 12 -5 -14
right_child=-2 -3 -4 5 -6 8 -8 -9 -10 10 -12 -13 13 -15
leaf_value=-0.022140200724936034 0.015812891704951128 0.01127140931915736 0.0079237506348936483 -0.021368576867745733 0.0058356376377073386 -0.0075304325978079803 0.010263401923637696 0.0082116922792682991 0.01352878894316103 0.010047360037152411 -0.0079243834083532055 -0.00051711000641421778 0.0060630802437596151 -0.0080631044103265694
leaf_weight=4.3740972531959548 2.8169433855218804 1.1581171881407488 2.7182280292036003 3.6231698804767749 1.3628162078093735 0.50375566704315144 1.0101127994712449 1.3210610645182903 1.7786218314431599 1.5658554366382307 1.7894058629171921 2.124547578569036 0.96726785149076 0.77479071583366022
leaf_count=9277 314 202 252 3706 185 170 163 223 174 250 824 329 119 212
internal_value=-9.34087e-05 -0.00291675 -0.00442075 -0.00655059 -0.0157039 -0.00174382 -0.00413215 -0.00660763 0.00753456 -0.00941032 0.00108281 -0.0133485 -0.0169094 -0.00117119
internal_weight=27.8888 25.0718 23.9137 21.1955 5.73691 15.4586 13.1762 12.1661 2.28238 10.845 3.35526 7.48978 5.36523 1.74206
internal_count=16400 16086 15884 15632 9462 6170 5826 5663 344 5440 1074 4366 4037 331
is_linear=0
shrinkage=0.03


Tree=141
num_leaves=15
num_cat=0
split_feature=52 36 52 52 55 23 54 54 19 22 55 19 19 32
split_gain=0.77178 0.90104 0.815061 0.728016 0.474987 0.425647 0.382714 0.446342 0.309728 0.272359 0.203117 0.176663 0.165337 0.153067
threshold=0.057316312316024874 1.0000000180025095e-35 2.1647983306263359 5.3997877885463827 1.929387024237178 1.0000000180025095e-35 1.9887816150826596 -0.81013244253164418 2.5000000000000004 0.81666666666666676 -0.7083132918257643 2.5000000000000004 11.500000000000002 1.0000000180025095e-35
decision_type=2 2 2 2 2 2 2 2 2 2 2 2 2 2
left_child=-1 2 5 4 8 -2 7 -7 -4 -10 -11 -9 13 -13
right_child=1 -3 3 -5 -6 6 -8 11 9 10 -12 12 -14 -15
leaf_value=-0.012867408449463559 -0.0051471483843227644 -0.012921034892256269 0.0022776922866216496 0.0092798765525975192 0.0054379077077949403 -0.0028451589467800827 -0.0044614177618537212 0.00034927893195067252 0.0028252074581210196 0.00049255813379660155 -0.017270239995925706 0.01271641439211986 -0.0019559193127823373 -0.0014668846898146062
leaf_weight=1.4645750545678335 1.0974978745944195 1.2721130537975103 0.66947721016185724 0.95092579443007696 0.59863318450516079 1.6555369192792699 0.87037955534469702 1.471225597153526 0.20373767591081549 0.52800725490669709 3.3410692267716517 12.547815213903954 0.24439077921852081 0.31052298714348658
leaf_count=4531 360 1210 791 198 201 752 571 615 28 187 3117 3327 480 179
internal_value=0.000521647 0.002155 0.00385458 -0.00448329 -0.00879439 0.00689592 0.0081269 0.00921741 -0.0116711 -0.013959 -0.0155044 0.0107656 0.0117341 0.0122225
internal_weight=27.2259 25.7613 24.4892 6.29185 5.34092 18.1974 17.0999 16.2295 4.74229 4.07281 3.86908 14.574 13.1027 12.8583
internal_count=16547 12016 10806 4522 4324 6284 5924 5353 4123 3332 3304 4601 3986 3506
is_linear=0
shrinkage=0.03


Tree=142
num_leaves=15
num_cat=0
split_feature=30 52 19 25 58 37 33 55 52 23 41 55 53 9
split_gain=1.05805 0.591366 0.513199 0.925413 0.53688 0.402479 0.301373 0.290328 0.274351 0.47862 0.321819 0.274428 0.305825 0.235119
threshold=1.0000000180025095e-35 0.56450435462351634 5.5000000000000009 10.500000000000002 1.5000000000000002 1.0000000180025095e-35 1.0000000180025095e-35 1.5993400782570755 1.4066094126709543 0.81666666666666676 1.5000000000000002 -0.76144725956454296 0.11165176876591411 1.0000000180025095e-35
decision_type=2 2 2 2 2 2 2 2 2 2 2 2 2 2
left_child=1 6 7 4 5 -4 -1 8 9 -3 11 -10 -13 -6
right_child=-2 2 3 -5 13 -7 -8 -9 10 -11 -12 12 -14 -15
leaf_value=-0.011529043899848013 0.014423607427709186 0.007765505497999709 -0.018864051649117839 0.0093592166635679524 -0.0044065017522161506 0.00039873389482475067 0.0038573360829860358 -0.0053089495856938652 -0.0015166049250315897 -0.0074645254553509016 -0.0046191575238708187 -0.002374950790034424 0.014232221224886647 0.0064917228862571537
leaf_weight=4.3119889656518415 2.2068458917783564 1.4222773944784424 2.3616596880237903 1.6320660841884089 2.1342389577184804 1.1529475710995032 0.38624345371499647 0.81766124530986495 1.0434098094701756 2.0753140192391584 0.34380852102913184 0.55966523439565286 5.1463880662777228 1.1371466165874156
leaf_count=6747 286 242 3977 332 483 192 36 261 495 931 1071 259 948 78
internal_value=0.000473886 -0.00177428 0.000756156 -0.00430792 -0.00897718 -0.0146921 -0.00949006 0.00457802 0.00606339 -0.000699319 0.00881837 0.0104023 0.0124097 0.000407475
internal_weight=26.7317 24.5248 19.8266 8.41806 6.78599 3.51461 4.69823 11.4085 10.5909 3.49759 7.09327 6.74946 5.70605 3.27139
internal_count=16338 16052 9269 5062 4730 4169 6783 4207 3946 1173 2773 1702 1207 561
is_linear=0
shrinkage=0.03


Tree=143
num_leaves=15
num_cat=0
split_feature=30 58 33 47 38 25 23 25 48 18 56 25 25 9
split_gain=1.64755 0.880781 1.06714 1.05175 0.728752 0.764615 0.507732 0.710185 0.256646 0.235358 0.23339 0.169083 0.133111 0.133101
threshold=1.0000000180025095e-35 1.0000000180025095e-35 1.0000000180025095e-35 1.0000000180025095e-35 1.0000000180025095e-35 1.5000000000000002 0.81666666666666676 10.500000000000002 2.5000000000000004 0.65686274509803932 1.0000000180025095e-35 2.5000000000000004 3.5000000000000004 1.0000000180025095e-35
decision_type=2 2 2 2 2 2 2 2 2 2 2 2 2 2
left_child=1 2 3 4 5 -1 -3 10 -5 -4 13 -7 -6 -8
right_child=-2 6 9 8 12 11 7 -9 -10 -11 -12 -13 -14 -15
leaf_value=-0.023557274359681874 0.015102453659678447 0.010367040337221118 -0.0046171738681103133 0.01016306831872023 0.004270225177203507 0.0048873334254329595 -0.010387974196415586 0.010261229865640504 -0.0044684547393315753 0.0084271207922281578 0.0043101608189778607 -0.0053588217929467349 -0.0047581388437060333 -0.00044027487017706966
leaf_weight=5.6689703212177882 2.5285826459294176 2.3414955012849532 0.3107234908966342 0.96462001767940886 1.3111923031974582 0.66129024142719561 3.8824455085996288 1.1770856383518546 0.29613256547600031 2.1792254910105839 0.3287819621618836 1.263933484755398 0.65062838939775236 1.7551873211341442
leaf_count=10427 300 376 40 170 615 273 2126 144 19 206 42 955 411 254
internal_value=-0.00168073 -0.00461085 -0.00909388 -0.012776 -0.0158893 -0.0192975 0.00216689 -0.00220066 0.00609352 0.00546773 -0.00661811 -0.00114241 0.00038555 -0.00821721
internal_weight=25.3203 22.7917 13.3067 10.8168 9.55601 7.59419 9.485 7.1435 1.26075 2.48995 5.96641 1.92522 1.96182 5.63763
internal_count=16358 16058 13116 12870 12681 11655 2942 2566 189 246 2422 1228 1026 2380
is_linear=0
shrinkage=0.03


Tree=144
num_leaves=15
num_cat=0
split_feature=10 56 20 37 33 44 35 48 19 44 19 20 22 34
split_gain=0.736554 0.760383 0.840499 0.690389 0.337384 0.517772 0.6935 0.518693 0.923274 0.462759 0.274729 0.225695 0.141948 0.141556
threshold=1.0000000180025095e-35 1.0000000180025095e-35 4.5000000000000009 1.0000000180025095e-35 1.0000000180025095e-35 1.5000000000000002 0.37565000000000009 1.0000000180025095e-35 4.5000000000000009 6.5000000000000009 2.5000000000000004 5.5000000000000009 0.81666666666666676 1.5000000000000002
decision_type=2 2 2 2 2 2 2 2 2 2 2 2 2 2
left_child=1 2 3 -1 5 7 9 8 11 -7 -9 -4 -13 -2
right_child=13 -3 4 -5 -6 6 -8 10 -10 -11 -12 12 -14 -15
leaf_value=-0.017076473940239357 0.013208723804578208 0.01153645675527166 0.0013530025062329747 0.0048700284567222618 0.0074550137467615085 0.01374783859168281 -0.0070872129632666148 0.010351017682563714 0.0020320707812903596 -0.0051635658744263431 -0.0046701920655546729 0.0014010954075023676 -0.01701224231398402 -0.0010853271574662907
leaf_weight=3.882412138766095 1.6951967860513826 1.2126481438754115 0.39873554930090715 0.6995165959233417 1.8934733564965434 3.0024986200151047 1.5116581303154815 0.98780663614161202 4.1816914239097969 0.38117607566528011 0.30767963128164411 0.093109854962683758 4.5189225210269726 0.4076473822351544
leaf_count=5563 188 256 198 162 215 382 916 168 3311 153 16 6 4808 34
internal_value=-0.000568252 -0.00245849 -0.00413686 -0.0132642 -0.000591177 -0.00232533 0.00458141 -0.00576654 -0.00823427 0.0104906 0.00611428 -0.0149375 -0.0163291 0.0112594
internal_weight=25.1742 23.0713 21.8587 4.58193 17.2768 15.3833 4.89533 10.4879 9.19246 3.38367 1.29549 5.01077 4.61203 2.10284
internal_count=16376 16154 15898 5725 10173 9958 1451 8507 8323 535 184 5012 4814 222
is_linear=0
shrinkage=0.03


Tree=145
num_leaves=15
num_cat=0
split_feature=30 54 53 49 31 20 35 60 37 59 22 22 54 55
split_gain=1.12062 1.10403 0.961319 0.527451 0.599701 0.599426 0.484575 0.478796 0.433634 0.449882 0.283461 0.186937 0.175001 0.147695
threshold=1.0000000180025095e-35 -0.49495072593336481 3.438811922224569 1.0000000180025095e-35 1.0000000180025095e-35 3.5000000000000004 0.37565000000000009 1.0000000180025095e-35 1.0000000180025095e-35 1.5000000000000002 0.81666666666666676 0.81666666666666676 -0.61666137880160699 -0.66922022776623979
decision_type=2 2 2 2 2 2 2 2 2 2 2 2 2 2
left_child=1 3 8 4 11 -5 7 13 9 10 -3 -1 -9 -7
right_child=-2 2 -4 5 -6 6 -8 12 -10 -11 -12 -13 -14 -15
leaf_value=0.002133848487395344 0.015046106890468508 0.0025414735966722769 0.007598959050663572 -0.0067808358059787835 0.0064938626672046123 0.0035192138262402288 -0.0042608791918663427 0.015560588191818922 0.0033221209242082998 0.0034192020144645403 -0.017474750197835925 -0.013930782181391649 0.0016510981174212385 -0.006141727983283907
leaf_weight=0.21585751042584789 2.4647674842271945 0.1843935329234262 1.2945564795518292 1.1741737068005011 1.0621582402309286 1.1102950369095195 1.1730728184629686 5.8509676987741814 0.66157831798773248 0.4766555503811104 6.0690347464987973 1.6508436086296623 1.4833776247542143 0.74174822754139125
leaf_count=70 300 28 457 1425 244 312 557 747 131 68 7557 3844 350 324
internal_value=0.00126042 -0.00128725 -0.00871284 0.00368927 -0.00532488 0.00642696 0.008779 0.0109082 -0.0125795 -0.0145456 -0.0164117 -0.0119303 0.0137039 -0.00152991
internal_weight=25.6135 23.1487 8.68622 14.4625 2.92886 11.5336 10.3595 9.18639 7.39166 6.73008 6.25343 1.8667 7.33435 1.85204
internal_count=16414 16114 8241 7873 4158 3715 2290 1733 7784 7653 7585 3914 1097 636
is_linear=0
shrinkage=0.03


Tree=146
num_leaves=15
num_cat=0
split_feature=30 33 25 48 49 5 39 22 48 18 18 22 18 20
split_gain=1.2184 0.600357 0.953156 1.1893 0.685552 0.457065 0.427155 0.259494 0.229171 0.186512 0.23247 0.278968 0.39041 0.67931
threshold=1.0000000180025095e-35 1.0000000180025095e-35 1.0000000180025095e-35 1.0000000180025095e-35 1.0000000180025095e-35 1.0000000180025095e-35 1.0000000180025095e-35 0.81666666666666676 2.5000000000000004 0.14835164835164838 0.26969696969696971 0.81666666666666676 0.78174603174603186 7.5000000000000009
decision_type=2 2 2 2 2 2 2 2 2 2 2 2 2 2
left_child=1 2 3 7 -4 6 9 -1 -5 -6 -11 -12 13 -13
right_child=-2 -3 4 8 5 -7 -8 -9 -10 10 11 12 -14 -15
leaf_value=0.0019986154019262336 0.015297634101526764 0.0082673932605402903 -0.01123071829960174 0.010049141692857215 -0.0038137848082035225 -0.0089916224174764539 -0.0077092154358461258 -0.020183898902963841 -0.0040785379232687853 0.014513691622376803 0.011636725072347425 0.0031628616549577012 0.010617670718850182 -0.011996718189712204
leaf_weight=0.14903840667103319 2.4599402847234151 2.662089147954247 1.7027652173492231 0.94993645045906283 0.3385466535983096 0.64827860672085158 0.54360326346068255 3.6863822868363076 0.26688472693786025 1.3957606117764942 1.2897178562125091 6.9346101699484333 1.0140973018715165 1.8285767549532463
leaf_count=9 301 261 2318 180 821 436 231 9279 17 236 280 1659 28 431
internal_value=0.000884932 -0.0017144 -0.00360937 -0.0127732 0.000450549 0.00309867 0.00478139 -0.0189324 0.00634128 0.00628182 0.00704553 0.00402639 0.00121686 -0.00164184
internal_weight=25.8702 23.4103 20.7482 5.05224 15.696 13.9932 13.3449 3.83542 1.21682 12.8013 12.4628 11.067 9.77728 8.76319
internal_count=16487 16186 15925 9485 6440 4122 3686 9288 197 3455 2634 2398 2118 2090
is_linear=0
shrinkage=0.03


Tree=147
num_leaves=15
num_cat=0
split_feature=52 52 21 55 40 19 44 59 56 27 59 55 55 55
split_gain=0.634727 0.631351 0.820381 0.728819 0.434724 0.365346 0.259189 0.294234 0.237681 0.228476 0.217165 0.186928 0.166908 0.147517
threshold=0.057316312316024874 0.62963017883289629 14.500000000000002 2.271423557725051 0.77500000000000013 5.5000000000000009 1.5000000000000002 1.0000000180025095e-35 1.0000000180025095e-35 1.0000000180025095e-35 1.0000000180025095e-35 -0.83842447840919998 -0.61678136115431603 1.477697169468871
decision_type=2 2 2 2 2 2 2 2 2 2 2 2 2 2
left_child=-1 6 5 4 -4 9 7 -2 -6 11 -7 -3 -8 -9
right_child=1 2 3 -5 8 10 12 13 -10 -11 -12 -13 -14 -15
leaf_value=-0.012323771182266935 -0.0035345061125517017 -0.0030871209695271049 0.0039336533942716393 0.0066729361058067522 -0.018218106060830821 -0.0079804317506831039 -0.00028353321041035335 0.010688182817972861 0.0021270577510105132 -0.0036152533137696926 0.0028028250831990138 0.0084638576206816519 0.015874094548126536 -0.0022529953152759983
leaf_weight=1.353835761725352 2.6791179504725764 0.43335227984062363 0.29314140882343087 0.65210795865277749 3.39303156430833 2.0367124424301433 0.59811833403364323 1.0383858166169373 0.14283013436943282 0.84300803116639134 1.5327850944013333 7.0637263801909258 1.7458766358467981 0.2737876935279927
leaf_count=4506 2310 398 34 250 3908 1695 222 102 6 535 325 1879 153 53
internal_value=-8.26981e-05 0.00158437 -0.00165106 -0.0103339 -0.0145261 0.00263206 0.00834277 0.00180489 -0.0169247 0.00569858 -0.00400627 0.00728667 0.0135188 0.00825802
internal_weight=24.0798 22.726 16.3907 4.48111 3.829 11.9096 6.33529 3.99129 3.53586 8.34009 3.5695 7.49708 2.34399 1.31217
internal_count=16376 11870 9030 4198 3948 4832 2840 2465 3914 2812 2020 2277 375 155
is_linear=0
shrinkage=0.03


Tree=148
num_leaves=15
num_cat=0
split_feature=30 54 49 56 18 60 33 59 35 18 54 35 60 35
split_gain=1.14263 1.16723 0.551574 0.546551 0.500605 0.66075 0.396345 0.371636 0.272389 0.333359 0.163455 0.0994576 0.0968486 0.0932976
threshold=1.0000000180025095e-35 -0.62293216066487767 1.0000000180025095e-35 1.0000000180025095e-35 0.48529411764705888 10.500000000000002 1.0000000180025095e-35 1.0000000180025095e-35 0.51715000000000011 0.77350427350427364 -0.71075025204272657 0.37565000000000009 1.0000000180025095e-35 0.62625000000000008
decision_type=2 2 2 2 2 2 2 2 2 2 2 2 2 2
left_child=1 2 -1 6 5 -4 7 8 9 -3 -7 12 -6 -10
right_child=-2 3 4 -5 11 10 -8 -9 13 -11 -12 -13 -14 -15
leaf_value=-0.0056023745647333142 0.014432832686027153 -0.019558983004009666 -0.0087802205781193892 0.0069091913033680046 0.0016358477046458935 -0.0019203341032642399 0.0035996672499602222 -0.0017268317067399973 0.0047993275421350503 -0.0019282287695134136 0.012415721502508562 -0.00097649814018242178 0.014716656755365617 -0.0037677807806943886
leaf_weight=2.132023403377393 2.4216361978324121 4.3540389336412737 2.1244274003256565 0.57783346285577941 1.1611947565761509 0.33311835820495617 0.86576500476803708 3.2864736243500374 0.36723184073343862 1.6985151541048251 0.74757356452755608 0.2058174350822809 3.7400075159384869 0.27889888026402332
leaf_count=2954 323 6868 1545 94 351 131 93 864 35 2325 48 119 344 320
internal_value=0.000454095 -0.00217303 0.00464163 -0.0081644 0.00784613 -0.00126426 -0.00991745 -0.0114946 -0.0147879 -0.0163191 0.00961886 0.0123105 0.0129898 0.0010486
internal_weight=24.2946 21.8729 10.4442 11.4288 8.31214 3.20512 10.8509 9.98516 6.69868 6.05255 1.08069 5.10702 4.9012 0.646131
internal_count=16414 16091 5492 10599 2538 1724 10505 10412 9548 9193 179 814 695 355
is_linear=0
shrinkage=0.03


Tree=149
num_leaves=15
num_cat=0
split_feature=56 40 55 54 33 54 52 52 38 27 48 52 55 33
split_gain=0.6546 0.413107 0.545658 0.676885 0.64102 0.566899 0.358985 0.387043 0.28027 0.156987 0.169368 0.203409 0.133899 0.132215
threshold=1.0000000180025095e-35 0.77500000000000013 0.92440438347645926 -0.70764991985603098 1.0000000180025095e-35 -0.72465516457552515 1.1292754870689443 2.5242680868836214 0.3928571428571429 2.5000000000000004 2.5000000000000004 0.057316312316024874 -0.61868004919256303 1.0000000180025095e-35
decision_type=2 2 2 2 2 2 2 2 2 2 2 2 2 2
left_child=1 -1 3 5 8 6 13 -8 -5 10 11 -4 -7 -3
right_child=-2 2 9 4 -6 12 7 -9 -10 -11 -12 -13 -14 -15
leaf_value=0.0088635212054264736 0.01194772698157765 -0.010634068091229743 -0.0035235173243153188 -0.015805661513407929 0.004507126024326122 -0.001366882864859196 0.0079361149539865852 -0.0067352971004292122 -0.001537011257265902 -0.0020206793287657569 -0.0036616077280472157 0.0094402086139224548 0.01379690595097881 0.001874407841922744
leaf_weight=0.816041321726522 1.2716986123705272 2.2889190313362637 0.26151603463949813 6.1609834186601731 1.1903820025036118 0.23580768475221703 2.2104958391719269 0.78307086729910214 2.0095025734990486 2.2186789207553375 0.23650396638549853 3.5442515477116103 0.85406358933688398 0.27945718821138132
leaf_count=157 264 2489 988 7696 123 193 566 364 804 828 16 1652 114 36
internal_value=-0.000736366 -0.00233168 -0.00343834 -0.00616886 -0.0106306 0.00111599 -0.00352632 0.00293781 -0.0132887 0.00334787 0.00598801 0.00764247 0.0117549 -0.0090483
internal_weight=24.3614 23.0897 22.2736 16.0127 9.36087 6.65181 5.56194 2.99357 8.17049 6.26095 4.04227 3.80577 1.08987 2.56838
internal_count=16290 16026 15869 12385 8623 3762 3455 930 8500 3484 2656 2640 307 2525
is_linear=0
shrinkage=0.03


Tree=150
num_leaves=15
num_cat=0
split_feature=30 54 53 49 53 53 26 37 22 22 54 36 53 52
split_gain=1.28938 0.998697 0.889347 0.544497 0.506195 0.370588 0.336563 0.317314 1.07487 0.450735 0.235635 0.204476 0.181549 0.235219
threshold=1.0000000180025095e-35 -0.61997034148718144 3.438811922224569 1.0000000180025095e-35 0.99541586762856193 0.11165176876591411 1.0000000180025095e-35 1.0000000180025095e-35 0.81666666666666676 0.81666666666666676 1.9177223553578659 1.0000000180025095e-35 1.4066094126709543 1.0680049290841331
decision_type=2 2 2 2 2 2 2 2 2 2 2 2 2 2
left_child=1 3 6 -1 5 -5 7 8 -3 -9 -8 -7 -6 -14
right_child=-2 2 -4 4 12 11 10 9 -10 -11 -12 -13 13 -15
leaf_value=-0.0059573259867973126 0.015249998286326073 0.0074069142165110371 0.0075140073032196157 -0.0037317888920485932 -0.0066455167509145647 0.016758939470206589 0.0059952877396181204 -0.0090450412053703546 -0.018183144022087702 0.0084810687328241742 -0.0062106134140970607 -0.0020062174084716712 -0.0038052482298358021 0.007061763457501165
leaf_weight=2.1281154278076464 2.3606988531537345 0.64890489849494848 1.441303253130173 0.27775025826849775 0.67147275156457897 3.2442320396366999 1.122926381678554 0.4917912240489386 6.6640813897720319 0.81288857036270179 0.62786807878001116 0.14123457384994242 1.482873838824162 2.1534205430361908
leaf_count=3022 316 123 575 556 246 730 162 124 9265 98 195 180 420 467
internal_value=0.000265785 -0.00248939 -0.00784531 0.00403529 0.00736295 0.0132596 -0.0108502 -0.0128655 -0.0148094 0.000398812 0.000640443 0.0155218 -0.000265711 0.00285245
internal_weight=24.2696 21.9089 11.8098 10.0991 7.97098 3.66322 10.3685 8.61767 7.31299 1.30468 1.75079 3.38547 4.30777 3.63629
internal_count=16479 16163 10542 5621 2599 1466 9967 9610 9388 222 357 910 1133 887
is_linear=0
shrinkage=0.03


Tree=151
num_leaves=15
num_cat=0
split_feature=30 44 18 59 44 10 33 48 23 36 55 38 18 48
split_gain=0.841244 0.706534 0.885111 1.24294 0.574899 0.655816 0.857013 0.871133 0.561317 0.522864 0.346496 0.276761 0.19168 0.174709
threshold=1.0000000180025095e-35 11.500000000000002 0.48529411764705888 1.0000000180025095e-35 1.5000000000000002 1.0000000180025095e-35 1.0000000180025095e-35 1.0000000180025095e-35 0.77500000000000013 1.0000000180025095e-35 -0.578296154562982 0.55000000000000016 0.53137254901960795 2.5000000000000004
decision_type=2 2 2 2 2 2 2 2 2 2 2 2 2 2
left_child=1 2 3 11 5 6 7 8 -4 -6 -5 -1 -10 -9
right_child=-2 -3 4 10 9 -7 -8 13 12 -11 -12 -13 -14 -15
leaf_value=-0.020005813051264847 0.013436022685775775 0.012166657930789583 0.0028576915199542991 -0.0040376631931920174 0.013864594271716619 0.0089968544449409854 0.0081459634839670236 0.0096778121349818114 0.00052381459741432195 -0.0056719560075502622 0.0092200778450944685 0.0012277417701230622 -0.018275180201917748 -0.0032860455288162161
leaf_weight=3.6860733175490266 2.1171826253412283 1.1619236413534952 0.93801118110423765 1.9737437510193561 2.7051569333998482 1.8054688047413954 1.5606539223808793 0.89853669540025272 0.40964726107630411 0.44415230651793525 1.4400158360804196 0.36623114913527377 4.4864722796592105 0.2193999623414129
leaf_count=6043 303 183 153 1071 381 207 190 176 321 524 183 201 6467 17
internal_value=0.000957594 -0.00125407 -0.00299507 -0.0100545 0.00171258 -0.00201999 -0.00562365 -0.00984408 -0.0138986 0.00997648 0.00289495 -0.0183152 -0.0170066 0.00665775
internal_weight=24.2127 22.0955 20.9336 7.46606 13.4675 10.3182 8.51272 6.95207 5.83413 3.14931 3.41376 4.0523 4.89612 1.11794
internal_count=16420 16117 15934 7498 8436 7531 7324 7134 6941 905 1254 6244 6788 193
is_linear=0
shrinkage=0.03


Tree=152
num_leaves=15
num_cat=0
split_feature=36 7 39 20 44 56 5 20 20 20 58 48 21 35
split_gain=0.561869 0.446434 0.512691 0.540839 0.888951 0.407478 0.323153 0.133337 0.184789 0.12338 0.164088 0.117551 0.104879 0.0990503
threshold=1.0000000180025095e-35 1.0000000180025095e-35 1.0000000180025095e-35 3.5000000000000004 1.5000000000000002 1.0000000180025095e-35 1.0000000180025095e-35 11.500000000000002 10.500000000000002 7.5000000000000009 1.5000000000000002 1.0000000180025095e-35 22.000000000000004 0.34060000000000007
decision_type=2 2 2 2 2 2 2 2 2 2 2 2 2 2
left_child=1 2 3 5 7 13 -6 8 9 10 -5 12 -11 -1
right_child=-2 -3 -4 4 6 -7 -8 -9 -10 11 -12 -13 -14 -15
leaf_value=-0.010397238865714946 -0.011091727588625496 -0.009714255057541624 -0.0095525174434346709 -0.00081403959937993502 0.015885107689293597 0.006514915945846942 -0.003313171611315625 -0.0043396020752691205 0.0085107946317856814 -0.005664273733433446 0.0077964203425705493 0.0037349291037342214 0.0028636464805824563 0.0017103938682243409
leaf_weight=2.2463353030398281 1.0398776574220381 0.54923753283219312 0.60916845183237356 3.8134309450470028 5.7492465249015359 0.53991728147957463 0.19508606852468791 1.1270960786023341 1.5785636936561793 3.8760561366907496 1.5290969752823 0.54248444689437736 0.34695652623486228 0.12007888325024385
leaf_count=4526 1195 213 175 2262 1067 124 115 2935 750 2368 73 90 499 8
internal_value=0.00120034 0.00260896 0.00368819 0.00483637 0.00666857 -0.00488688 0.0145796 0.0015257 0.00264285 0.000472019 0.00310274 -0.00252261 -0.00426847 -0.00928084
internal_weight=23.8626 22.8228 22.2735 21.6643 18.758 2.90633 5.94433 12.8137 11.6866 10.108 5.34253 4.7655 4.22301 2.36641
internal_count=16400 15205 14992 14817 10159 4658 1182 8977 6042 5292 2335 2957 2867 4534
is_linear=0
shrinkage=0.03


Tree=153
num_leaves=15
num_cat=0
split_feature=30 10 25 37 24 47 33 23 6 19 55 55 55 21
split_gain=0.816508 0.747868 0.691862 0.660183 1.25178 0.675814 0.751076 0.550186 0.248806 0.226076 0.0931032 0.0879864 0.0477557 0.0368363
threshold=1.0000000180025095e-35 1.0000000180025095e-35 11.500000000000002 1.0000000180025095e-35 1.0000000180025095e-35 1.0000000180025095e-35 1.0000000180025095e-35 0.81666666666666676 1.0000000180025095e-35 2.5000000000000004 -0.61622116297079621 -0.65560174430346652 -0.61308244157716396 14.500000000000002
decision_type=2 2 2 2 2 2 2 2 2 2 2 2 2 2
left_child=1 2 3 4 5 6 8 -5 -1 -7 -8 -4 -12 -3
right_child=-2 13 11 7 -6 9 10 -9 -10 -11 12 -13 -14 -15
leaf_value=-0.016489506085551196 0.013304452387340675 0.00037925865724542534 -0.0010710330774648185 -0.0069368168413744052 0.011267794010381686 0.0094103819553260377 0.0059476282938707116 0.01275930165880816 -0.0030128209658274309 -0.0043126965461958433 -0.0047878677095728158 0.011900908787226275 0.0018886782036611784 0.012202478551426345
leaf_weight=9.1082377402417531 2.0028761537978417 0.39753858365293027 0.19730519270524383 0.46981356418109488 1.1954064961755655 0.85858150362037189 1.2051324205240233 1.4239271725527949 2.5512330743731573 0.28770041465759277 0.19308175728656352 0.83382957556750514 0.28450958384201008 1.3063165640051009
leaf_count=10829 295 136 105 189 292 171 155 170 3754 20 10 82 53 86
internal_value=0.000883062 -0.00142449 -0.00354405 -0.00533315 -0.00740587 -0.0101265 -0.0119933 0.00681973 -0.0144135 0.00541407 0.00349672 0.0103498 -0.00249657 0.0111383
internal_weight=22.3155 20.3126 18.6088 17.5776 15.6839 14.4885 13.3422 1.89374 11.6595 1.14628 1.68272 1.03113 0.477591 1.70386
internal_count=16347 16052 15830 15643 15284 14992 14801 359 14583 191 218 187 63 222
is_linear=0
shrinkage=0.03


Tree=154
num_leaves=15
num_cat=0
split_feature=56 52 53 59 55 21 33 37 53 20 52 23 20 44
split_gain=0.516952 0.348722 0.475454 0.592998 0.977487 0.471047 0.593448 0.640189 0.385441 0.273273 0.247513 0.331436 0.222421 0.126764
threshold=1.0000000180025095e-35 0.057316312316024874 0.95502634113867735 1.0000000180025095e-35 0.94434472028298722 14.500000000000002 1.0000000180025095e-35 1.0000000180025095e-35 0.62963017883289629 11.500000000000002 1.0680049290841331 0.81666666666666676 3.5000000000000004 1.0000000180025095e-35
decision_type=2 2 2 2 2 2 2 2 2 2 2 2 2 2
left_child=1 -1 5 4 -4 6 7 8 -3 12 11 -5 -7 -6
right_child=-2 2 3 10 13 9 -8 -9 -10 -11 -12 -13 -14 -15
leaf_value=-0.011046911816632659 0.011208937619377189 -0.015765391557958395 -0.016617296251655617 0.0056808240064962403 0.0052649050403348772 -0.0024571909959852246 0.0097267162228929782 0.0078508128792825933 0.00082451453848702227 -0.0024260839623585851 0.0081113375286016292 -0.0075539526360855281 0.015438412370287915 -0.0037118369527974109
leaf_weight=1.139835708137986 1.1480190674774338 2.0282366515093622 3.4709258679722534 1.1855230805813335 2.5851091671574982 0.15384021755744548 1.1459557409398256 0.69818676682189096 1.558591981687641 0.51569075165025413 2.0686459635326173 1.8420600677782204 2.4018765899381833 0.41018843428173557
leaf_count=4497 259 2056 4952 146 1146 391 163 120 1218 109 250 349 503 247
internal_value=-0.000216375 -0.00174772 -0.000266024 -0.0039552 -0.00894355 0.00454873 -0.00118287 -0.00626723 -0.010842 0.0111532 0.00311092 -0.00217328 0.0137554 0.00304165
internal_weight=22.3527 21.2047 20.0648 11.5625 6.46622 8.50238 5.43097 4.28502 3.58683 3.07141 5.09623 3.02758 2.55572 2.9953
internal_count=16406 16147 11650 7090 6345 4560 3557 3394 3274 1003 745 495 894 1393
is_linear=0
shrinkage=0.03


Tree=155
num_leaves=15
num_cat=0
split_feature=30 18 58 18 55 35 23 18 55 26 52 55 25 25
split_gain=0.782974 0.550403 1.05217 0.595046 0.474205 0.415628 0.36794 0.600619 0.354385 0.288657 0.22723 0.225937 0.201657 0.151273
threshold=1.0000000180025095e-35 0.77350427350427364 1.0000000180025095e-35 0.86190476190476206 -0.70292780030734525 0.51715000000000011 0.81666666666666676 0.26969696969696971 -0.61622116297079621 1.0000000180025095e-35 1.2127173514992828 -0.54831580864593621 2.5000000000000004 10.500000000000002
decision_type=2 2 2 2 2 2 2 2 2 2 2 2 2 2
left_child=1 2 4 11 -1 9 -4 8 -8 -6 13 -3 -12 -9
right_child=-2 3 6 -5 5 -7 7 10 -10 -11 12 -13 -14 -15
leaf_value=-5.3273317301625881e-05 0.012867573053845897 0.00067823908793254283 0.010260284415559923 -0.0073027555906428994 -0.019236400756011809 0.0023690171204501773 -0.0044770063997729972 -0.012642301183733268 0.013109182978820856 0.0010588140281850966 0.0062069109293128484 0.014905227754795854 -0.0047663579939047152 0.00090700980376000643
leaf_weight=2.6396613718316102 1.9646923836553458 1.6439804172259758 1.9938527766644254 0.72567115397396253 3.9479531485012593 0.60990739687258599 0.34638479763816521 1.7574634693592091 1.245188989603774 0.48073004781326734 0.98198060120921615 1.7560510087569117 1.0875356733449733 0.60927272986737069
leaf_count=1743 297 785 376 2741 6824 271 895 610 630 210 60 518 296 76
internal_value=0.000646641 -0.00163258 -0.00419118 0.00629338 -0.0109374 -0.0150041 0.00316028 -0.00115931 0.00892004 -0.0173893 -0.00642358 0.0108252 0.00093195 -0.0103364
internal_weight=21.7903 19.8256 15.6999 4.1257 7.67825 5.03859 8.02168 6.02783 1.59157 4.42868 4.43625 3.40003 2.06952 2.36674
internal_count=16332 16035 11991 4044 9048 7305 2943 2567 1525 7034 1042 1303 356 686
is_linear=0
shrinkage=0.03


Tree=156
num_leaves=15
num_cat=0
split_feature=52 52 36 55 39 44 20 52 21 20 60 22 60 55
split_gain=0.514217 0.48818 0.637904 0.599482 0.41541 0.427825 0.532632 0.307553 0.438607 0.308429 0.412412 0.183487 0.142011 0.239643
threshold=0.057316312316024874 2.5242680868836214 1.0000000180025095e-35 1.3022852827973452 1.0000000180025095e-35 1.5000000000000002 3.5000000000000004 1.4066094126709543 12.500000000000002 7.5000000000000009 1.0000000180025095e-35 0.81666666666666676 1.0000000180025095e-35 -0.65459379401234574
decision_type=2 2 2 2 2 2 2 2 2 2 2 2 2 2
left_child=-1 2 4 11 5 7 -7 9 -9 12 -11 -3 -2 -14
right_child=1 3 -4 -5 -6 6 -8 8 -10 10 -12 -13 13 -15
leaf_value=-0.010921878025753142 -0.0022681180573916617 0.0023704386903904491 -0.0096215366554779306 0.0053947875765939781 -0.0070716901304161426 -0.0037802702206099705 0.015270433415994314 -0.0028945612514210592 0.012944879780173297 0.0042072514909065103 -0.012087980544784703 -0.013188191396515943 -0.0042324179843878772 0.0097203906586818423
leaf_weight=1.1192487305852434 1.3665612094555455 0.16753799701109562 0.87350830910145205 1.6112760282558154 0.4674302367493518 0.78071306057972911 5.1496656568851904 1.5733651854825441 2.0866992286537425 0.9548105685535121 1.7873028878384503 2.4455625647678962 0.27022543489147244 1.7411634679010601
leaf_count=4487 1741 32 1184 646 165 782 967 609 476 347 836 3544 175 376
internal_value=0.000566665 0.00205758 0.00429893 -0.00546382 0.00602644 0.00717073 0.0124416 0.00240495 0.00751909 -0.0017522 -0.00703256 -0.0115954 0.00355549 0.00667027
internal_weight=22.3951 21.2758 17.0514 4.22438 16.1779 15.7105 5.93038 9.78013 3.66006 6.12006 2.74211 2.6131 3.37795 2.01139
internal_count=16367 11880 7658 4222 6474 6309 1749 4560 1085 3475 1183 3576 2292 551
is_linear=0
shrinkage=0.03


Tree=157
num_leaves=15
num_cat=0
split_feature=30 54 49 47 58 33 35 18 60 60 60 18 22 54
split_gain=0.662001 0.653598 0.593367 0.475641 0.630823 0.416938 0.404825 0.235491 0.192628 0.202143 0.191492 0.160925 0.193394 0.160038
threshold=1.0000000180025095e-35 -0.61997034148718144 1.0000000180025095e-35 1.0000000180025095e-35 1.5000000000000002 1.0000000180025095e-35 0.51715000000000011 0.25833333333333336 1.5000000000000002 2.5000000000000004 1.0000000180025095e-35 0.45993589743589752 0.81666666666666676 -0.88545333030122475
decision_type=2 2 2 2 2 2 2 2 2 2 2 2 2 2
left_child=1 2 -1 4 5 6 8 -4 -3 -10 -9 -6 -13 -12
right_child=-2 3 7 -5 11 -7 -8 10 9 -11 13 12 -14 -15
leaf_value=-0.0059238670620886339 0.013323066699315446 -0.019197388961976203 -0.0034292473632926384 0.0069050363628193646 0.0059103554190681482 0.003155562801334522 0.0025791839860888231 -0.00095569129266543339 0.0048226095902591136 -0.0070057737971720288 -0.0020550649924202737 0.0044150004814372742 -0.0075745364955018121 0.012325072253713121
leaf_weight=1.8709679912281023 1.9225279410602514 3.3135376486316073 0.38152113840988011 1.0215614653425298 2.1149522197229094 0.75632991141173977 0.61844192301214196 0.96169685903441848 0.50523992236412574 0.96011163201183081 0.19471572137263038 0.4216610750881955 0.82918748288648181 5.7736796078970665
leaf_count=3010 307 7806 762 198 742 86 357 462 143 859 109 70 295 1231
internal_value=0.00206665 -0.000156132 0.00513052 -0.00484524 -0.00708611 -0.0116771 -0.0140468 0.00862403 -0.0163245 -0.00249789 0.009907 0.00253134 -0.00330318 0.0114579
internal_weight=21.6461 19.7236 9.18258 10.541 9.51946 6.15366 5.39733 7.31161 4.77889 1.46535 6.93009 3.3658 1.25085 5.9684
internal_count=16437 16130 5574 10556 10358 9251 9165 2564 8808 1002 1802 1107 365 1340
is_linear=0
shrinkage=0.03


Tree=158
num_leaves=15
num_cat=0
split_feature=30 56 19 27 37 25 53 53 23 53 21 21 53 25
split_gain=0.960086 0.430802 0.534459 0.486041 0.452593 0.441757 0.169318 0.145245 0.133435 0.272511 0.126677 0.13818 0.112459 0.100927
threshold=1.0000000180025095e-35 1.0000000180025095e-35 5.5000000000000009 1.0000000180025095e-35 1.0000000180025095e-35 1.5000000000000002 2.054090377967555 5.3997877885463827 0.77500000000000013 0.62963017883289629 12.500000000000002 15.500000000000002 3.2468620983371328 10.500000000000002
decision_type=2 2 2 2 2 2 2 2 2 2 2 2 2 2
left_child=1 2 3 6 12 -5 8 -8 -1 10 -10 -12 13 -4
right_child=-2 -3 4 5 -6 -7 7 -9 9 -11 11 -13 -14 -15
leaf_value=0.0053777551126813769 0.013204960785030114 0.0087507598124174028 -0.013957743978399169 -0.013444659916110999 0.0032050294476890576 0.0054070512727411148 0.0096164172076063145 -0.0026415646071970577 -0.0025518175107535372 -0.0095415826364360704 0.0072796450165692576 -0.0030826895659008687 0.00055538021373981758 -0.00063718942169249237
leaf_weight=1.1733477569941886 2.0779906504321835 0.80128466000314702 5.0202220494029453 1.4467944770221937 1.3380096182227132 0.36872733011841763 2.4648241280883672 0.18163991595065443 1.937960966432011 0.76396642238978518 2.0236423310088871 0.34899541858612781 0.43654474397044385 0.76546419208898431
leaf_count=252 315 193 8138 1997 247 3 1462 228 1656 434 876 78 264 270
internal_value=-0.000129635 -0.002698 -0.00401399 0.000498265 -0.00917309 -0.00878861 0.00365932 0.00800021 0.000326553 -0.00203152 0.00190164 0.0050426 -0.011967 -0.0128118
internal_weight=21.1494 19.0714 18.2701 10.7099 7.56024 1.81552 8.89438 2.64646 6.24791 5.07457 4.3106 2.37264 6.22223 5.78569
internal_count=16413 16098 15905 6986 8919 2000 4986 1690 3296 3044 2610 954 8672 8408
is_linear=0
shrinkage=0.03


Tree=159
num_leaves=15
num_cat=0
split_feature=44 19 55 44 31 10 47 18 55 8 41 38 22 22
split_gain=0.338936 0.357849 0.721402 0.379659 0.514276 0.338125 0.472758 0.450122 0.432811 0.177319 0.15058 0.148489 0.607676 0.208421
threshold=11.500000000000002 5.5000000000000009 0.58500099808753236 1.5000000000000002 1.0000000180025095e-35 1.0000000180025095e-35 1.0000000180025095e-35 0.63961038961038974 -0.54831580864593621 1.0000000180025095e-35 1.5000000000000002 0.3928571428571429 0.81666666666666676 0.81666666666666676
decision_type=2 2 2 2 2 2 2 2 2 2 2 2 2 2
left_child=1 3 11 4 5 6 7 -1 -7 -5 -6 12 -3 -13
right_child=-2 2 -4 9 10 8 -8 -9 -10 -11 -12 13 -14 -15
leaf_value=0.0008227421731445433 0.01010101594882881 0.0059057076635743548 0.0063349991639736957 0.012327621427975799 0.0098251849313361686 -0.0066531918305790579 0.0055456281563003957 -0.014756453723985078 0.011521176259935199 -0.0011306048660068011 -0.0026994761054367875 -0.0066279741415400245 -0.014515601416200402 0.0052293451532150377
leaf_weight=2.1410993462122914 0.98000654752831806 0.49120260006748484 2.1899317401148437 1.8027747235610143 2.0862692733498993 0.37226435571210459 0.88383824261836696 3.3076782395946793 0.76127881463617064 0.7410476692020892 0.183036387861648 0.4350181167392293 4.2671961275518644 0.95295343299221691
leaf_count=766 190 120 1812 365 310 140 181 4697 2 579 65 161 6614 431
internal_value=0.000628507 -0.000675247 -0.00487736 0.0024611 -0.000736009 -0.00453116 -0.00707134 -0.0100574 0.00511563 0.00963509 0.00802362 -0.00944679 -0.0112837 -0.000205794
internal_weight=21.5956 20.6156 8.3363 12.2793 9.73546 7.46616 6.33262 5.44878 1.13354 2.54382 2.26931 6.14637 4.7584 1.38797
internal_count=16433 16243 9138 7105 6161 5786 5644 5463 142 944 375 7326 6734 592
is_linear=0
shrinkage=0.03


Tree=160
num_leaves=15
num_cat=0
split_feature=52 36 52 52 53 52 55 23 52 55 24 55 18 53
split_gain=0.422743 0.510394 0.651356 0.490549 0.330442 0.357163 0.285676 0.280118 0.341188 0.260847 0.277124 0.184759 0.202495 0.113664
threshold=0.057316312316024874 1.0000000180025095e-35 2.1647983306263359 5.2036832726553373 0.95502634113867735 1.2127173514992828 -0.62018645611626211 0.81666666666666676 0.68221640227949176 1.8980279528803401 1.0000000180025095e-35 -0.6527709120439894 0.81534090909090928 0.58819978801451722
decision_type=2 2 2 2 2 2 2 2 2 2 2 2 2 2
left_child=-1 2 4 9 6 7 13 -6 -9 10 11 -4 -13 -2
right_child=1 -3 3 -5 5 -7 -8 8 -10 -11 -12 12 -14 -15
leaf_value=-0.010488904152480133 0.0039622084584564976 -0.010450629813822819 4.8971919394402464e-05 0.0068483264041048712 0.0045437835058714689 0.0076838944167779127 0.01400543623565768 0.0010585101540784912 -0.012698419226080603 0.0035277210063311636 0.0034452032999172685 -0.017115923290909378 0.0012803026865322636 -0.0041488950189085636
leaf_weight=1.0508552173632804 2.007562760569277 0.94476650703290843 0.81516461809951613 0.80345241987379257 1.5234258383861741 2.6146622233791277 3.6910423944355002 2.5712086635467117 1.3954373937667695 0.37176504926173937 0.25028165488038201 2.3246462441093172 0.31411935218056886 0.60923705727327604
leaf_count=4464 897 1202 322 359 356 723 1686 1231 695 211 34 2644 909 641
internal_value=-1.83266e-05 0.00141987 0.00292824 -0.00517501 0.00596793 0.00130535 0.0102023 -0.00297305 -0.00641533 -0.00901914 -0.0110737 -0.0130034 -0.0153182 0.00109456
internal_weight=21.2876 20.2368 19.292 4.87943 14.4126 8.10473 6.30784 5.49007 3.96665 4.07598 3.70421 3.45393 2.63877 2.6168
internal_count=16374 11910 10708 4479 6229 3005 3224 2282 1926 4120 3909 3875 3553 1538
is_linear=0
shrinkage=0.03


Tree=161
num_leaves=15
num_cat=0
split_feature=52 36 53 53 52 49 52 52 42 25 22 49 53 22
split_gain=0.566592 0.59145 0.462616 0.420911 0.336309 0.363441 0.24736 0.241279 0.268085 0.255355 0.204274 0.166812 0.163971 0.178793
threshold=0.057316312316024874 1.0000000180025095e-35 0.95502634113867735 1.4066094126709543 2.5242680868836214 1.0000000180025095e-35 0.82752496785079399 1.2127173514992828 1.0000000180025095e-35 6.5000000000000009 0.81666666666666676 1.0000000180025095e-35 5.3997877885463827 1.0000000180025095e-35
decision_type=2 2 2 2 2 2 2 2 2 2 2 2 2 2
left_child=-1 2 4 6 5 -2 -4 -5 9 12 -8 -6 13 -9
right_child=1 -3 3 7 11 -7 10 8 -10 -11 -12 -13 -14 -15
leaf_value=-0.010320092771789443 -0.00047659118520342308 -0.0097320953056231879 0.0026488381680221909 -0.0015604765784396474 0.0046242296412315415 0.015068840679399979 0.0026808667228735484 -0.0021803624433658769 -0.0040256586050236047 -0.0034020082675845038 -0.013139670169528477 -0.0057760092832758059 -0.0022376216588992784 0.013681831214591589
leaf_weight=1.0304922385548732 1.5311420505895563 0.87194038109009753 0.86822379792283699 3.6409678756463091 0.68482005463738438 4.9685590941808186 0.19134120328817528 0.16018218186218369 0.48061498042807205 0.34186656578094687 1.4510224472032855 0.95908669186610496 0.15403445349511447 3.6325535785435932
leaf_count=4502 1415 1210 308 1542 478 1840 38 70 2569 130 762 288 281 951
internal_value=0.00210428 0.00362884 0.00510594 0.000689187 0.00972521 0.0121563 -0.0070663 0.00391711 0.00732438 0.00947212 -0.0108365 -0.00128337 0.0113564 0.0124904
internal_weight=20.9668 19.9364 19.0644 10.9208 8.14361 6.4997 2.51059 8.41022 4.76925 4.28864 1.64236 1.64391 3.94677 3.79274
internal_count=16384 11882 10672 6651 4021 3255 1108 5543 4001 1432 800 766 1302 1021
is_linear=0
shrinkage=0.03


Tree=162
num_leaves=15
num_cat=0
split_feature=30 10 37 23 53 26 23 18 11 47 20 24 53 53
split_gain=0.988523 0.69202 0.578187 1.37953 0.71732 0.523122 0.507333 0.236344 0.201873 0.136602 0.0974635 0.0672728 0.0673343 0.0410051
threshold=1.0000000180025095e-35 1.0000000180025095e-35 1.0000000180025095e-35 0.81666666666666676 3.2468620983371328 1.0000000180025095e-35 0.81666666666666676 0.5590277777777779 1.0000000180025095e-35 1.0000000180025095e-35 10.500000000000002 1.0000000180025095e-35 1.4066094126709543 3.3300921486066026
decision_type=2 2 2 2 2 2 2 2 2 2 2 2 2 2
left_child=1 2 3 11 5 8 -4 -7 -5 13 -3 12 -1 -6
right_child=-2 10 6 4 9 7 -8 -9 -10 -11 -12 -13 -14 -15
leaf_value=-0.0034187102353838254 0.012937690292270904 -0.00098949024057526391 -0.0068268431342887962 -0.016661000013941434 0.0018301154427415789 0.0066664398621405383 0.012070245014852276 -0.0058642251832948253 0.0010989554516422336 0.0075578166120622015 0.011139217287870148 0.011294620747839284 0.0036624317991348593 -0.0044284922150745875
leaf_weight=0.30341987465363041 1.9065070193028066 0.36368416243931179 0.47348863471415814 9.1128925453340326 0.14416737719147998 0.94308258965611524 1.3019190486520535 0.55881588414194994 0.35625455211266022 0.83390878059435636 1.0880220657272728 1.1988636136520654 0.57306786393746734 0.50435929512605071
leaf_count=179 312 159 176 13639 37 194 173 172 120 180 49 331 56 607
internal_value=-0.000943943 -0.00359331 -0.00562977 -0.0076241 -0.0113257 -0.0137189 0.00608381 0.00131769 -0.0159177 0.00409245 0.00928796 0.00924556 0.00053849 -0.00270583
internal_weight=19.6625 17.7559 16.3042 14.5288 12.4535 10.971 1.77541 1.5019 9.46915 1.48244 1.45171 2.07535 0.876488 0.648527
internal_count=16384 16072 15864 15515 14949 14125 349 366 13759 824 208 566 235 644
is_linear=0
shrinkage=0.03


Tree=163
num_leaves=15
num_cat=0
split_feature=30 58 18 37 18 18 24 13 21 18 55 55 18 18
split_gain=0.635772 0.392799 0.672712 0.582743 0.306115 0.302125 0.47528 0.441374 0.230567 0.150001 0.117047 0.097693 0.13319 0.25144
threshold=1.0000000180025095e-35 1.0000000180025095e-35 0.74166666666666681 1.0000000180025095e-35 0.87867647058823539 0.26969696969696971 1.0000000180025095e-35 1.0000000180025095e-35 15.500000000000002 0.77350427350427364 -0.6469712707979336 -0.54831580864593621 0.35504201680672276 0.63961038961038974
decision_type=2 2 2 2 2 2 2 2 2 2 2 2 2 2
left_child=1 2 3 -1 8 7 11 -3 9 -4 -10 12 -7 -14
right_child=-2 5 4 -5 -6 6 -8 -9 10 -11 -12 -13 13 -15
leaf_value=-0.013572709968126472 0.011908366169434035 0.014898602632050317 -0.0016141945888510389 0.0039557500093500104 -0.0065339691830591804 -0.006554530046674412 0.0094961698039937679 -0.0048072305313622381 0.0032086737441537074 0.010455497099695845 -0.0069298713196706031 -0.0087738046104689302 0.005163988975989171 -0.0065397512591631847
leaf_weight=5.1324502491806978 1.7540914239361871 1.1996339528122906 0.54994925911159986 1.2523076475190462 0.54942692190525111 0.54606100918317579 1.0335904082749037 0.37410688644376922 0.25776304685859941 2.9080738264092361 0.39978006566525426 1.0900873195569154 3.1193144809221853 0.51392293057870109
leaf_count=8287 302 340 254 288 2419 234 267 1166 15 1023 731 154 518 261
internal_value=0.000581142 -0.00150644 -0.00481118 -0.0100112 0.00317429 0.00316505 -0.000601822 0.0101454 0.00618332 0.00864786 -0.00353174 -0.00465024 -0.00108306 0.00177441
internal_weight=20.6806 18.9265 11.0498 6.38476 4.66499 7.87672 6.30298 1.57374 4.11557 3.45802 0.657543 5.26939 4.1793 3.63324
internal_count=16259 15957 13017 8575 4442 2940 1434 1506 2023 1277 746 1167 1013 779
is_linear=0
shrinkage=0.03


Tree=164
num_leaves=15
num_cat=0
split_feature=30 25 40 31 53 37 10 25 53 53 21 53 25 21
split_gain=0.712932 0.760292 0.411468 0.478725 0.615954 0.640312 0.389011 0.391779 0.257726 0.137544 0.10724 0.0930399 0.0893844 0.0705386
threshold=1.0000000180025095e-35 11.500000000000002 0.77500000000000013 1.0000000180025095e-35 3.2468620983371328 1.0000000180025095e-35 1.0000000180025095e-35 5.5000000000000009 2.5242680868836214 1.6444966750710746 15.500000000000002 1.7580705148130871 6.5000000000000009 14.500000000000002
decision_type=2 2 2 2 2 2 2 2 2 2 2 2 2 2
left_child=1 2 -1 4 5 6 7 -4 13 -7 -3 -11 -9 -5
right_child=-2 10 3 8 -6 9 -8 12 -10 11 -12 -13 -14 -15
leaf_value=0.0075409212893617827 0.011904131604092868 -0.0002339304401171274 -0.015901544723339003 0.0099342268070264344 0.0056233610865318003 0.0080739405028822219 0.0018683675599617505 0.0033695253297110453 -0.0046742663927597673 -0.00570521233216424 0.014178067726439134 0.0029801063494259658 -0.0040026990792326606 -0.00083570832514950747
leaf_weight=0.65596087707673234 1.7073073056526471 0.48828463957761303 8.2114951950497908 1.2958902150567149 1.4712057485667163 0.72443723096512325 1.1685457102430525 0.9096474657417265 0.5355057075175863 0.38332661383901723 0.59307317403727211 0.39182035252451897 1.0503880150281473 0.30867297742224753
leaf_count=169 305 159 12572 202 821 135 131 430 562 151 20 60 713 35
internal_value=-0.00020609 -0.00240956 -0.00443962 -0.00568295 -0.00759107 -0.00965903 -0.0119088 -0.0135385 0.0045799 0.00443694 0.0117424 -0.00233123 -0.000607483 0.00854826
internal_weight=19.8956 18.1883 17.1069 16.4509 14.3109 12.8397 11.3401 10.1715 2.14007 1.49958 1.08136 0.775147 1.96004 1.60456
internal_count=16465 16160 15981 15812 15013 14192 13846 13715 799 346 179 211 1143 237
is_linear=0
shrinkage=0.03


Tree=165
num_leaves=15
num_cat=0
split_feature=59 33 47 54 25 18 35 54 54 51 13 35 25 54
split_gain=0.468224 0.438355 0.437549 0.296151 0.190929 0.249056 0.17742 0.15491 0.744144 0.153506 0.148493 0.144297 0.113659 0.0904728
threshold=1.0000000180025095e-35 1.0000000180025095e-35 1.0000000180025095e-35 1.8570294456452341 2.5000000000000004 0.71130952380952395 0.51715000000000011 -0.64716052635830568 -0.65060519653594373 1.0000000180025095e-35 1.0000000180025095e-35 0.62625000000000008 4.5000000000000009 -0.64377223135984529
decision_type=2 2 2 2 2 2 2 2 2 2 2 2 2 2
left_child=1 2 3 6 5 10 7 8 -1 -9 -2 -8 -6 -14
right_child=4 -3 -4 -5 12 -7 11 9 -10 -11 -12 -13 13 -15
leaf_value=-0.0098383747188907963 0.011125946481981962 0.0057152781728452874 0.0057853723477206114 0.0024400706491774019 -0.0061784613755311354 -0.003133689872225964 0.0057647744217334288 -0.014978348002963229 0.01029460255040757 0.0010014773178342305 -0.0022916744094777664 -0.0046766052090751473 -0.0029173601240987624 0.004833483268029579
leaf_weight=2.4520971417696278 3.4686435815237924 1.7908607537392534 0.93790735409129489 1.2605409648567718 0.42960443891206557 0.68448965097195458 0.46060960553586472 4.4160078733693817 0.71327586026017975 0.32878063159296278 0.16263688151957456 0.35980656462197658 0.59208426646364398 1.3490035231516226
leaf_count=3794 431 240 190 940 456 192 64 8456 48 169 427 509 187 308
internal_value=-0.000877363 -0.00406733 -0.00630647 -0.00821719 0.00473029 0.00751696 -0.00992391 -0.0110632 -0.00307225 -0.0139024 0.00992452 0.00111649 -0.00146107 0.00218856
internal_weight=19.4063 12.7199 10.929 9.99112 6.68646 4.31577 8.73058 7.91016 3.16537 4.74479 3.63128 0.820416 2.37069 1.94109
internal_count=16411 14410 14170 13980 2001 1050 13040 12467 3842 8625 858 573 951 495
is_linear=0
shrinkage=0.03


Tree=166
num_leaves=15
num_cat=0
split_feature=25 21 53 25 52 19 22 37 36 55 60 19 53 55
split_gain=0.697868 0.416782 0.511414 0.35911 0.408116 0.295366 0.216254 0.202698 0.197315 0.154284 0.275502 0.4666 0.200313 0.175128
threshold=11.500000000000002 15.500000000000002 0.057316312316024874 2.5000000000000004 0.057316312316024874 5.5000000000000009 0.81666666666666676 1.0000000180025095e-35 1.0000000180025095e-35 -0.65637714639020561 1.0000000180025095e-35 2.5000000000000004 0.11165176876591411 1.477697169468871
decision_type=2 2 2 2 2 2 2 2 2 2 2 2 2 2
left_child=1 3 -3 4 -1 8 -4 -7 -5 -6 11 -11 -12 -14
right_child=-2 2 6 5 9 7 -8 -9 -10 10 12 -13 13 -15
leaf_value=-0.0079237864566253195 0.013697835462608702 0.0051361240164536906 0.0019789443374133939 0.0073491988497563837 -0.0010116514343900735 -0.011226849273058505 -0.016529272821037829 0.0016094308099977902 -0.0046492087326415275 0.0090466766073672433 -0.0025398998499169398 -0.0061731948566270747 0.013144959457264143 -8.4210511994759274e-05
leaf_weight=0.70964280563203885 1.2300916694002797 0.5570802936526883 0.21096029474574618 1.1168469461699704 2.3636594243653297 2.5085463515097222 1.5788169699226269 0.87099221209064115 0.34767952193215013 1.0191588353773027 0.34823804396728508 2.5379403059268952 4.1767385433558957 1.0246639103716004
leaf_count=3380 182 490 52 282 1370 1818 4223 182 493 382 287 2225 814 228
internal_value=0.000751418 -0.00127568 -0.0095808 0.000756092 0.00341244 -0.00496848 -0.0144546 -0.0085502 0.00346122 0.00518613 0.00668727 -0.000126007 0.0099308 0.0112392
internal_weight=20.6011 19.371 2.34686 17.0241 12.18 4.84407 1.78978 3.37954 1.46453 11.4704 9.10674 3.5571 5.54964 5.2014
internal_count=16408 16226 4765 11461 8686 2775 4275 2000 775 5306 3936 2607 1329 1042
is_linear=0
shrinkage=0.03


Tree=167
num_leaves=15
num_cat=0
split_feature=30 25 52 52 19 36 55 55 25 33 22 9 49 35
split_gain=0.714368 0.745391 0.550181 0.603238 0.678737 0.449841 0.379998 0.313814 0.277982 0.219296 0.237221 0.212505 0.208854 0.168738
threshold=1.0000000180025095e-35 11.500000000000002 1.0680049290841331 2.5242680868836214 2.5000000000000004 1.0000000180025095e-35 -0.52434271947141931 -0.6527709120439894 6.5000000000000009 1.0000000180025095e-35 0.81666666666666676 1.0000000180025095e-35 1.0000000180025095e-35 1.0000000180025095e-35
decision_type=2 2 2 2 2 2 2 2 2 2 2 2 2 2
left_child=1 2 9 5 -5 6 8 -6 12 10 -1 -9 -4 -12
right_child=-2 -3 3 4 7 -7 -8 11 -10 -11 13 -13 -14 -15
leaf_value=0.0017140115927764849 0.01245471866639088 0.011953431238540955 -0.00060714249946240749 0.0068844614604298268 0.0013517228830046064 -0.0069131991998318144 -0.0051813056964837246 -0.018210414285788384 -0.0033716694735079246 0.0029306989958406463 -0.013383504529479475 0.0014700144860725396 0.014400473348479329 0.00051192028650054163
leaf_weight=0.78372031192703318 1.6826793150976289 1.1030923479484034 0.78525028416333942 0.93774795284116441 0.82685104387928787 0.52846552414121095 0.3823190342372963 1.6125586939742782 0.3077713417878839 0.4011242517735808 5.3785738168589923 0.2468548531542184 4.0831046091989265 0.71957724395178946
leaf_count=267 311 180 597 915 332 644 412 2639 128 67 8426 117 715 630
internal_value=0.00033405 -0.00192025 -0.00398463 0.000842533 -0.00683451 0.00597313 0.00870337 -0.0125179 0.0108871 -0.00921585 -0.0104243 -0.0161898 0.0125079 -0.0120224
internal_weight=19.7797 18.097 16.9939 9.71092 3.62401 6.08691 5.55845 2.68626 5.17613 7.283 6.88187 1.85941 4.86835 6.09815
internal_count=16380 16069 15889 6499 4003 2496 1852 3088 1440 9390 9323 2756 1312 9056
is_linear=0
shrinkage=0.03


Tree=168
num_leaves=15
num_cat=0
split_feature=52 36 52 53 53 55 18 23 5 25 54 41 55 25
split_gain=0.416134 0.41177 0.544289 0.438632 0.336648 0.398951 0.228534 0.261258 0.182544 0.167095 0.174999 0.134527 0.121991 0.118749
threshold=0.057316312316024874 1.0000000180025095e-35 2.5242680868836214 0.95502634113867735 1.1292754870689443 2.271423557725051 0.69615384615384623 0.41666666666666674 1.0000000180025095e-35 6.5000000000000009 1.9177223553578659 1.0000000180025095e-35 -0.7083132918257643 1.5000000000000002
decision_type=2 2 2 2 2 2 2 2 2 2 2 2 2 2
left_child=-1 2 3 8 5 12 7 -5 -2 10 -9 -6 -4 -8
right_child=1 -3 4 6 11 -7 13 9 -10 -11 -12 -13 -14 -15
leaf_value=-0.0094470943469900891 0.012424856699293536 -0.0085856801922498133 0.00097062023220233088 -0.0057524166291872906 0.0063918393541793645 0.0047224966394422358 -0.0086422443604115464 0.0086907154323514584 -0.0024862180255685647 -0.0026716286556502915 -0.0025466784669847605 -0.0036122395976974056 -0.014870378895828529 0.0025530212572551399
leaf_weight=0.90151289604000595 5.9643286732898613 0.7502801373047977 0.23358717877999891 0.63877942910767149 1.3959573179890865 0.38780978539580235 0.77887892758008082 4.9537096080021001 0.15721480260981469 0.85418609187763639 0.58693519814551098 0.31706748190481437 1.5365119015914384 0.1820984180085361
leaf_count=4486 2929 1211 97 257 572 185 367 1733 338 346 436 2697 700 40
internal_value=0.0013566 0.00273739 0.00402156 0.00658889 -0.00439594 -0.00941456 0.00126019 0.00343605 0.011524 0.00550568 0.00714059 0.00359185 -0.013374 -0.0062293
internal_weight=19.6389 18.7373 17.9871 14.1161 3.87093 2.15791 7.99459 7.03361 6.12154 6.39483 5.54064 1.71302 1.7701 0.960977
internal_count=16394 11908 10697 6446 4251 982 3179 2772 3267 2515 2169 3269 797 407
is_linear=0
shrinkage=0.03


Tree=169
num_leaves=15
num_cat=0
split_feature=56 19 15 53 36 25 25 31 53 53 10 54 35 53
split_gain=0.427507 0.291117 0.272185 0.19597 0.169406 0.261289 0.27717 0.241684 0.272482 0.267449 0.26464 0.288529 0.21574 0.196435
threshold=1.0000000180025095e-35 6.5000000000000009 1.0000000180025095e-35 0.034778350081199443 1.0000000180025095e-35 1.5000000000000002 6.5000000000000009 1.0000000180025095e-35 5.2036832726553373 2.5242680868836214 1.0000000180025095e-35 -0.64377223135984529 1.0000000180025095e-35 1.4066094126709543
decision_type=2 2 2 2 2 2 2 2 2 2 2 2 2 2
left_child=1 3 -3 -1 5 7 -7 8 10 -9 12 -12 13 -5
right_child=-2 2 -4 4 -6 6 -8 9 -10 -11 11 -13 -14 -15
leaf_value=-0.0072630732382876024 0.0098396339531995423 -0.0097137999367414921 0.0025602973354211678 -0.013124885904407529 -0.0058556957294779253 0.011175576220886564 -0.0040655573080174458 0.0097099406715333049 0.0058658598526811784 -0.004614742186029825 0.0091931807222841531 -0.0057329010987846075 0.0037136691595668694 -0.001211056908699862
leaf_weight=0.60545645071761711 0.94157538254512374 4.3916423004920935 1.2375993890018433 2.3485090950707619 0.46622750051756234 2.4415492553162053 0.29369063415651897 1.5423437551653476 0.82258128907415073 0.34277930788812216 0.70944216876523569 0.3082220782380316 0.27213736344128836 2.373415056776139
leaf_count=2134 259 6517 1455 1658 714 506 250 205 463 244 60 73 23 1890
internal_value=-0.000949054 -0.00242942 -0.00705154 0.000332605 0.00170644 0.00283891 0.00851314 -0.000197315 -0.00290908 0.0060705 -0.00527434 0.00386908 -0.00771114 -0.00927861
internal_weight=19.0972 18.1556 5.62924 12.5264 11.9209 11.4547 2.73524 8.71943 6.83431 1.88512 6.01173 1.01766 4.99406 4.72192
internal_count=16451 16192 7972 8220 6086 5372 756 4616 4167 449 3704 133 3571 3548
is_linear=0
shrinkage=0.03


Tree=170
num_leaves=15
num_cat=0
split_feature=30 44 56 37 18 9 54 55 33 22 18 54 22 18
split_gain=0.610369 0.538637 0.413276 0.498443 0.551277 0.847896 0.421661 0.330541 0.425788 0.311831 0.303226 0.127517 0.122594 0.0896077
threshold=1.0000000180025095e-35 11.500000000000002 1.0000000180025095e-35 1.0000000180025095e-35 0.77350427350427364 1.0000000180025095e-35 -0.86562050999303886 -0.54831580864593621 1.0000000180025095e-35 0.81666666666666676 0.85164835164835173 -0.61997034148718144 0.81666666666666676 0.26969696969696971
decision_type=2 2 2 2 2 2 2 2 2 2 2 2 2 2
left_child=1 2 3 4 5 6 -1 8 -6 -5 -9 -7 -13 -3
right_child=-2 13 -4 9 7 11 -8 10 -10 -11 -12 12 -14 -15
leaf_value=0.0021201468592037427 0.011383188040854367 0.012173003800412923 0.0078932237185897116 -0.0050581364627431437 -0.011275639872730649 0.0059912752920301716 -0.016005384047088757 0.011927093358931258 0.0056930425919199815 0.010525738570309232 -0.0040234381997450649 0.0036021233316652318 -0.0063872069570986133 -0.0004601394647797991
leaf_weight=0.82786746323109017 1.6109556326409791 0.56647221648745361 0.69094262935686934 0.35213500457757607 0.95417369630013149 1.7929141489876204 7.1256021848566906 1.3713281210111734 0.77417542668990791 1.1764702545478947 0.4136430085854953 0.26856038859114051 0.56940696623496467 0.45425514128874056
leaf_count=593 302 34 169 176 1687 471 9839 508 119 171 1724 75 374 145
internal_value=6.6723e-05 -0.00205329 -0.00381165 -0.00516609 -0.00699457 -0.00997895 -0.0140718 0.00235472 -0.00469825 0.00610362 0.00805792 0.00312785 -0.00290338 0.00996858
internal_weight=18.9489 17.3379 16.3172 15.6263 14.0977 10.5844 7.95347 3.51332 1.72835 1.52861 1.78497 2.63088 0.837967 1.02073
internal_count=16387 16085 15906 15737 15390 11352 10432 4038 1806 347 2232 920 449 179
is_linear=0
shrinkage=0.03


Tree=171
num_leaves=15
num_cat=0
split_feature=30 25 58 18 33 25 53 53 20 22 20 20 25 53
split_gain=0.568617 0.430528 0.341636 0.694055 0.327086 0.351374 0.510462 0.232227 0.304649 0.350201 0.226075 0.31697 0.12041 0.105024
threshold=1.0000000180025095e-35 11.500000000000002 1.5000000000000002 0.48529411764705888 1.0000000180025095e-35 1.5000000000000002 3.438811922224569 0.62963017883289629 7.5000000000000009 0.81666666666666676 10.500000000000002 11.500000000000002 2.5000000000000004 0.99541586762856193
decision_type=2 2 2 2 2 2 2 2 2 2 2 2 2 2
left_child=1 2 3 -1 5 6 10 -4 12 -10 -5 -12 -9 -7
right_child=-2 -3 7 4 -6 13 -8 8 9 -11 11 -13 -14 -15
leaf_value=-0.014443489466979686 0.011857461142771296 0.0094848954050737733 -0.0054672322369150768 -0.014266734653519735 0.0073193944541618608 0.007813491661091819 0.0057758241791760557 0.011503814064451933 0.0062334197702707773 -0.0092597271195124994 0.0067935266491936383 -0.0077761790141225367 0.00064930585418713485 -0.0021211394698099307
leaf_weight=2.8855051314876707 1.620187415392137 1.0345058815437358 0.77899563908067548 2.3188131083625199 1.744181335030589 0.9667537810601059 0.88972297018335655 1.9108011304633694 0.53253966965712596 1.007716518055531 0.8434039007843237 0.54872036109372857 1.5332973520999074 0.39645433864643564
leaf_count=5908 306 187 1328 3123 222 441 561 175 101 283 503 2794 386 185
internal_value=0.00101112 -0.00111807 -0.00274898 -0.00559719 7.75003e-06 -0.00343174 -0.00688225 0.00257951 0.00504257 -0.00340773 -0.010877 -0.000148157 0.00868524 0.00538102
internal_weight=19.0116 17.3914 16.3569 10.5936 7.70805 5.96387 4.60066 5.76335 4.98435 1.54026 3.71094 1.39212 3.4441 1.36321
internal_count=16503 16197 16010 13737 7829 7607 6981 2273 945 384 6420 3297 561 626
is_linear=0
shrinkage=0.03


Tree=172
num_leaves=15
num_cat=0
split_feature=52 53 21 21 20 40 20 20 53 44 52 56 26 53
split_gain=0.334797 0.42054 0.396866 0.265341 0.223971 0.192194 0.180847 0.129717 0.124947 0.160385 0.102041 0.112819 0.117182 0.0949159
threshold=0.057316312316024874 0.95502634113867735 14.500000000000002 14.500000000000002 11.500000000000002 0.77500000000000013 4.5000000000000009 3.5000000000000004 1.4066094126709543 1.5000000000000002 3.6127552040097792 1.0000000180025095e-35 1.5000000000000002 5.3997877885463827
decision_type=2 2 2 2 2 2 2 2 2 2 2 2 2 2
left_child=-1 3 6 -2 7 -4 -3 -5 9 -8 11 12 -7 -10
right_child=1 2 5 4 -6 10 8 -9 13 -11 -12 -13 -14 -15
leaf_value=-0.0088355033152612596 0.0012179759749454415 -0.0043921934211942097 0.003037344183445095 -0.0010933601423012656 -0.0017563584419316453 -0.014008419659166169 -0.0058026184053984499 0.015369597345077325 0.0067681743756677756 0.0046991657677381317 0.0014339378480984369 0.0015472019926608238 0.0014884312560900846 -0.0024204255147178698
leaf_weight=0.82283738513433746 4.769367047701965 1.3177786569540311 0.21999939251691669 0.19928700684249712 0.48574363297666412 2.0266875251982088 1.0785255101000073 2.1481000718849828 4.7806714064136031 0.40373319067293767 0.14128100968082424 0.10340022691525508 0.093164075165986904 0.16598071058979247
leaf_count=4498 3725 918 35 400 116 3666 605 510 1675 103 40 10 2 133
internal_value=0.000943005 0.00223314 -0.00167983 0.00679293 0.0117903 -0.0087739 0.00200169 0.0141119 0.00404349 -0.00188612 -0.0107611 -0.0118481 -0.0129354 0.00585176
internal_weight=18.7566 17.9337 10.3312 7.6025 2.83313 2.58453 7.74669 2.34739 6.42891 1.48226 2.36453 2.22325 2.11985 4.94665
internal_count=16436 11938 7187 4751 1026 3753 3434 910 2516 708 3718 3678 3668 1808
is_linear=0
shrinkage=0.03


Tree=173
num_leaves=15
num_cat=0
split_feature=25 56 18 58 53 53 53 18 25 35 35 21 26 25
split_gain=0.325018 0.315918 0.333465 0.2939 0.447951 0.246732 0.181358 0.14955 0.271817 0.281456 0.141995 0.138648 0.116726 0.11302
threshold=11.500000000000002 1.0000000180025095e-35 0.48529411764705888 1.5000000000000002 0.58819978801451722 0.62963017883289629 0.034778350081199443 0.77350427350427364 1.5000000000000002 0.37565000000000009 1.0000000180025095e-35 15.500000000000002 1.5000000000000002 6.5000000000000009
decision_type=2 2 2 2 2 2 2 2 2 2 2 2 2 2
left_child=1 2 3 4 -1 -5 -4 8 10 -10 -8 -9 -6 -7
right_child=-2 -3 6 5 12 13 7 11 9 -11 -12 -13 -14 -15
leaf_value=0.0031240735737046812 0.0095420485214408601 0.008510852230692775 -0.0065361472704303708 -0.0064796749473208289 -0.016030772581984438 0.00804979699564814 -0.0052486909771697308 0.0082930928376703187 0.010036681803875595 -0.0040469308571857094 0.0040619131997011578 -0.0025237631046270202 0.0012754953799117466 -0.0019891120453114793
leaf_weight=0.84425598775670652 1.0042646546135063 0.77201303135370736 0.57396950508154887 0.59758205245452733 2.4139557049784348 1.218481884068751 5.0038015170939598 2.4433625895180744 1.4977975290676115 0.65898232957260905 0.29721108730882395 0.39578830719619862 0.07813526690006245 0.51972173585818371
leaf_count=1733 189 232 2096 1208 4260 154 3479 930 275 560 19 1123 1 170
internal_value=0.000393501 -0.00107021 -0.00238706 -0.00718942 -0.011098 0.000937461 0.000846468 0.00225411 -0.000326097 0.00585683 -0.00375697 0.00636533 -0.0151619 0.00558988
internal_weight=18.3193 17.3151 16.543 5.67213 3.33635 2.33579 10.8709 10.2969 7.45779 2.15678 5.30101 2.83915 2.49209 1.7382
internal_count=16429 16240 16008 7526 5994 1532 8482 6386 4333 835 3498 2053 4261 324
is_linear=0
shrinkage=0.03


Tree=174
num_leaves=15
num_cat=0
split_feature=30 59 20 37 47 20 40 5 35 20 11 27 57 20
split_gain=0.678919 0.345246 0.551554 0.529282 0.319172 0.207251 0.263304 0.204946 0.169457 0.18918 0.123479 0.117734 0.100386 0.0999842
threshold=1.0000000180025095e-35 1.0000000180025095e-35 8.5000000000000018 1.0000000180025095e-35 1.0000000180025095e-35 7.5000000000000009 0.77500000000000013 1.0000000180025095e-35 0.37565000000000009 1.5000000000000002 1.0000000180025095e-35 1.0000000180025095e-35 1.0000000180025095e-35 11.500000000000002
decision_type=2 2 2 2 2 2 2 2 2 2 2 2 2 2
left_child=1 2 3 4 10 7 -7 8 9 -3 12 13 -1 -4
right_child=-2 5 11 -5 -6 6 -8 -9 -10 -11 -12 -13 -14 -15
leaf_value=-0.015859673362187268 0.011449647096301318 -0.0029863437607925685 0.0066072820642158079 0.0038924946650871367 0.0032295028728564182 0.0051120184481037376 -0.0088341236223117292 -0.0045267168833115204 -0.0024006090172243701 0.010601892384163727 0.00064288563730638686 -0.0038820470280934525 0.00081767363502318225 -0.0018244719696984017
leaf_weight=4.9357202017527069 1.607645071344449 0.21666310476939488 2.5416484526649592 1.1676706260477656 0.31313698505982746 0.40097572549711913 0.98305390468158271 0.27242386527359475 0.58165824889147177 3.3734257890027948 0.29894633930962289 0.2933420430508703 0.14164423245529167 0.76364107515109925
leaf_count=8062 317 797 1763 295 111 93 284 7 243 511 140 901 171 2779
internal_value=-0.000493363 -0.0027959 -0.00569262 -0.00981907 -0.0129137 0.0025275 -0.00416038 0.00525507 0.00715376 0.00900679 -0.0144746 0.00286908 -0.0152948 0.00470583
internal_weight=17.8916 16.284 10.4557 6.85712 5.68945 5.8282 1.38403 4.44417 4.17175 3.59009 5.37631 3.59863 5.07736 3.30529
internal_count=16474 16157 14222 8779 8484 1935 377 1558 1551 1308 8373 5443 8233 4542
is_linear=0
shrinkage=0.03


Tree=175
num_leaves=15
num_cat=0
split_feature=30 44 18 52 44 59 38 59 42 20 35 35 35 52
split_gain=0.535554 0.491184 0.570371 0.405112 0.539764 0.351104 0.149693 0.14314 0.112596 0.109113 0.114332 0.085499 0.0628203 0.0583323
threshold=1.0000000180025095e-35 11.500000000000002 0.48529411764705888 1.4066094126709543 1.5000000000000002 1.0000000180025095e-35 0.55000000000000016 1.5000000000000002 1.0000000180025095e-35 12.500000000000002 0.62625000000000008 0.37565000000000009 1.0000000180025095e-35 0.58819978801451722
decision_type=2 2 2 2 2 2 2 2 2 2 2 2 2 2
left_child=1 2 5 4 7 6 -1 12 -3 10 -5 -6 -4 -7
right_child=-2 8 3 9 11 13 -8 -9 -10 -11 -12 -13 -14 -15
leaf_value=-0.016450161687070211 0.010733452801313551 -0.00084683037493120796 -0.012315492093471192 0.0071164984313225902 0.0086687942694268442 0.0031625697936885572 0.00091464549789718839 0.00095131546725030387 0.011990172888860494 -0.0029195808332287401 -0.0027045042130627076 -0.0017214979687505438 0.00093062980528210932 -0.0027355615357360025
leaf_weight=2.5073600260529925 1.4719515803153633 0.48741246566351104 2.6104773340321108 5.239692339393514 0.74343285112990987 0.67980510527195326 0.27134174739694561 0.62334894982632238 0.5180193581545609 0.21179165318972071 0.19104381254874159 0.20128363811090821 0.059653764590620884 1.4665210923703851
leaf_count=6038 293 168 3588 2076 142 830 208 47 24 2107 197 255 2 437
internal_value=-4.99459e-05 -0.00214636 -0.00394592 0.000569235 -0.00518982 -0.0105526 -0.0150814 -0.0098929 0.00934477 0.00512109 0.00613608 0.00678936 -0.0117477 -0.000243061
internal_weight=17.2831 15.8112 14.8058 9.88072 4.2382 4.92503 2.7787 3.29348 1.00543 5.64253 5.43074 0.944716 2.67013 2.14633
internal_count=16412 16119 15927 8414 4034 7513 6246 3637 192 4380 2273 397 3590 1267
is_linear=0
shrinkage=0.03


Tree=176
num_leaves=15
num_cat=0
split_feature=36 60 49 33 48 13 7 39 18 48 56 18 51 18
split_gain=0.300739 0.277233 0.553615 0.319515 0.333648 0.213598 0.212708 0.231206 0.153091 0.126847 0.123589 0.0905169 0.0684103 0.0621262
threshold=1.0000000180025095e-35 1.0000000180025095e-35 1.0000000180025095e-35 1.0000000180025095e-35 1.0000000180025095e-35 1.0000000180025095e-35 1.0000000180025095e-35 1.0000000180025095e-35 0.58578431372549034 2.5000000000000004 1.0000000180025095e-35 0.78174603174603186 1.0000000180025095e-35 0.71130952380952395
decision_type=2 2 2 2 2 2 2 2 2 2 2 2 2 2
left_child=1 3 10 4 12 6 7 8 -4 -6 -3 13 -1 -10
right_child=-2 2 5 -5 9 -7 -8 -9 11 -11 -12 -13 -14 -15
leaf_value=-0.0099755494112431023 -0.0078752228710817808 -0.0094199176603256846 0.012971632175575608 0.0057068207249194097 0.0076338397102108683 -0.0037088133077414578 -0.0034906117951062961 -0.0034185128984854313 0.0019620619928579666 -0.0031351305620882634 0.0024141627201998191 0.0062888306103149397 0.00058851169148633814 -0.0041874047277402843
leaf_weight=2.9950941586084876 0.67050754231240617 0.88278614771115715 5.9830561763628722 1.591165837307926 0.64931325137149531 0.27655806207622013 0.22917179397336518 0.24545557241072025 1.4526995407650254 0.20794465113431215 0.1713852311950177 0.7593250509671633 0.37999811741610745 0.72350189616554406
leaf_count=9275 1215 1877 1798 240 178 845 103 119 268 21 52 21 197 267
internal_value=0.00181078 0.00301013 0.00553775 -0.00187023 -0.00563606 0.0079158 0.00884903 0.00972767 0.0106494 0.0046556 -0.00717495 0.00257783 -0.00900973 -0.00110866
internal_weight=17.218 16.5475 10.7239 5.82352 4.23235 9.66977 9.39321 9.16404 8.91858 0.857258 1.05417 2.93553 3.37509 2.1762
internal_count=16476 15261 5350 9911 9671 3421 2576 2473 2354 199 1929 556 9472 535
is_linear=0
shrinkage=0.03


Tree=177
num_leaves=15
num_cat=0
split_feature=44 19 27 9 37 53 44 44 31 55 27 53 35 20
split_gain=0.366197 0.376663 0.48544 0.472485 0.214743 0.179365 0.143324 0.152245 0.2352 0.486579 0.21769 0.206878 0.140942 0.118406
threshold=11.500000000000002 6.5000000000000009 1.0000000180025095e-35 1.0000000180025095e-35 1.0000000180025095e-35 0.034778350081199443 5.5000000000000009 1.5000000000000002 1.0000000180025095e-35 -0.61450465932205411 2.5000000000000004 2.5242680868836214 0.37565000000000009 11.500000000000002
decision_type=2 2 2 2 2 2 2 2 2 2 2 2 2 2
left_child=1 5 3 4 -3 -1 7 8 9 -7 13 -10 -9 -11
right_child=-2 2 -4 -5 -6 6 -8 12 11 10 -12 -13 -14 -15
leaf_value=-0.0060510049167387565 0.0098245129423942847 -0.016806352017719118 0.0044473646623336364 0.0041528294769370196 0.00051989213420526776 -0.010378211292392588 -0.0044879276112056955 0.01103372807778406 0.009986833490915276 0.0078644164757049155 -0.0041372982233484406 -0.0032813402672502833 -0.0010518765828523059 -0.0025092611814310499
leaf_weight=0.49815235570532124 0.93499351313221168 2.586210017765552 1.3187226760455812 0.61880155088510935 0.61259972119296424 1.6769145393191145 0.45569549103675022 1.5497266364036479 1.5135400063882114 3.0571979750675342 0.98894552053388896 0.39199261985777401 0.72428690482047375 0.23815533795277577
leaf_count=2073 179 6028 1568 269 138 1272 520 362 203 1168 587 222 658 1191
internal_value=-1.12426e-05 -0.00159346 -0.0070182 -0.0111461 -0.0145647 0.0016063 0.00286987 0.00388535 0.00110168 -0.00205624 0.00346731 0.00697477 0.00849345 0.00645014
internal_weight=17.1659 16.2309 5.13633 3.81761 3.19881 11.0946 10.5965 10.1408 7.86675 5.96121 4.2843 1.90553 2.27401 3.29535
internal_count=16438 16259 8003 6435 6166 8256 6183 5663 4643 4218 2946 425 1020 2359
is_linear=0
shrinkage=0.03


Tree=178
num_leaves=15
num_cat=0
split_feature=30 52 18 27 22 42 38 53 31 18 18 27 60 48
split_gain=0.604209 0.389093 0.264651 0.324112 0.199799 0.151577 0.131688 0.111321 0.108266 0.159984 0.178064 0.175797 0.117207 0.0956948
threshold=1.0000000180025095e-35 0.99541586762856193 0.48529411764705888 1.0000000180025095e-35 0.81666666666666676 1.0000000180025095e-35 0.3928571428571429 5.3997877885463827 1.0000000180025095e-35 0.59411764705882364 0.35504201680672276 1.5000000000000002 1.0000000180025095e-35 2.5000000000000004
decision_type=2 2 2 2 2 2 2 2 2 2 2 2 2 2
left_child=1 4 -3 5 6 7 -1 13 9 10 11 -6 -13 -4
right_child=-2 2 3 -5 8 -7 -8 -9 -10 -11 -12 12 -14 -15
leaf_value=0.0062899707657476968 0.010778264600224843 -0.0052753032047848335 0.0091576005927481996 -0.006465784931539752 -0.01056936694039151 -0.0030790459234027001 -0.0040150739790249489 -0.0022707947506728503 0.0012829946811936041 -0.014207941245591367 0.0024136165774074742 -0.0038865818565843747 0.0057200736587878749 -0.0018553130977382406
leaf_weight=0.52338666695868497 1.412515647418332 2.0127955351781548 5.3166561114485376 0.51476132144307474 1.0526291026890269 0.29606338472513005 0.23279586705029942 0.1552138983097392 0.41007333593370265 2.1544487405863038 1.8890246360533636 0.29221046017846664 0.46377087985456455 0.12122730340342958
leaf_count=183 296 1865 1835 635 3530 2150 98 216 311 2952 1062 1163 71 15
internal_value=-0.000862944 -0.00304246 0.00131281 0.00414614 -0.00739832 0.00647772 0.00250607 0.00766136 -0.00891144 -0.00977063 -0.00310544 -0.00711028 0.00188103 0.00847922
internal_weight=16.8476 15.4351 8.41672 6.40392 7.01834 5.88916 0.756183 5.5931 6.26216 5.85208 3.69764 1.80861 0.755981 5.43788
internal_count=16382 16086 6716 4851 9370 4216 281 2066 9089 8778 5826 4764 1234 1850
is_linear=0
shrinkage=0.03


Tree=179
num_leaves=15
num_cat=0
split_feature=25 56 37 55 22 31 39 9 21 25 47 48 55 55
split_gain=0.445861 0.414495 0.349901 0.512663 0.567863 0.511331 0.383808 0.282717 0.073503 0.0641156 0.0909986 0.10058 0.0909893 0.105266
threshold=11.500000000000002 1.0000000180025095e-35 1.0000000180025095e-35 0.92440438347645926 0.81666666666666676 1.0000000180025095e-35 1.0000000180025095e-35 1.0000000180025095e-35 15.500000000000002 1.5000000000000002 1.0000000180025095e-35 2.5000000000000004 2.5540139374371491 1.0097277096158106
decision_type=2 2 2 2 2 2 2 2 2 2 2 2 2 2
left_child=1 2 3 4 -1 7 -4 -6 -2 10 12 -12 13 -5
right_child=8 -3 6 9 5 -7 -8 -9 -10 -11 11 -13 -14 -15
leaf_value=0.0066707682420269459 -0.0002512027851930323 0.0087128468919686168 0.010757521314321934 0.0027574484421487092 -0.016733856008929168 0.0013416143422214667 -0.0060166961601147437 -0.0012750555577629636 0.012152158384560094 0.0062155985627594355 0.0069987190258658906 -0.00276134848831988 0.0033792933338724555 -0.0061159874244273429
leaf_weight=0.57588858011876531 0.42259897646727118 0.78924346982967186 1.1140712364867802 0.35847325526265406 5.1418561405189394 2.0536882986489218 0.41186680414830323 1.6632046246668322 0.52377726022677962 0.44962714938446868 0.57991459185723204 0.18043403257615864 0.31259040692748374 2.3233097637985338
leaf_count=170 163 227 180 291 10540 787 176 690 23 12 173 18 325 2649
internal_value=-0.000691549 -0.00240231 -0.00392857 -0.00552605 -0.00888178 -0.0109352 0.0053853 -0.0141034 0.0102026 0.00243991 -1.52673e-05 0.00436001 -0.00242734 -0.00425862
internal_weight=16.9005 15.9542 15.1649 13.639 9.43464 8.85875 1.52594 6.80506 0.946376 4.20435 3.75472 0.760349 2.99437 2.68178
internal_count=16424 16238 16011 15655 12187 12017 356 11230 186 3468 3456 191 3265 2940
is_linear=0
shrinkage=0.03


Tree=180
num_leaves=15
num_cat=0
split_feature=30 44 18 59 37 19 53 56 44 18 44 44 19 44
split_gain=0.52333 0.504212 0.353923 0.744416 0.551714 0.243581 0.22341 0.177486 0.100831 0.0976218 0.126105 0.10916 0.088258 0.0741755
threshold=1.0000000180025095e-35 11.500000000000002 0.77350427350427364 1.0000000180025095e-35 1.0000000180025095e-35 1.5000000000000002 0.62963017883289629 1.0000000180025095e-35 4.5000000000000009 0.63068181818181823 7.5000000000000009 1.5000000000000002 2.5000000000000004 4.5000000000000009
decision_type=2 2 2 2 2 2 2 2 2 2 2 2 2 2
left_child=1 2 3 4 7 -4 -5 12 -6 10 -8 -11 -1 -14
right_child=-2 -3 5 6 8 -7 9 -9 -10 11 -12 -13 13 -15
leaf_value=0.00084089943537515855 0.011312782899038254 0.010175612027084785 -0.0054053228232600328 -0.0053062719334709182 0.0061673012878073292 0.0067175415488761742 0.0089755566720523296 0.0019533694987576003 -0.0029350172458077447 -0.0043540809909752331 -0.0020687055098680702 0.0043554448572065202 -0.017597541989598727 -0.0030313682184548154
leaf_weight=0.09847945567162053 1.4256649957969791 0.92914254347124448 0.4349162995222281 0.70982730374817027 0.84635590013931483 2.9125849820011354 2.5023897884821058 0.13044945476576675 0.29433437772968318 0.9710867075336862 0.36331551414332341 0.33272105059586465 3.7523469151765312 1.3585838565268202
leaf_count=85 307 184 2372 1003 216 1731 331 18 101 272 132 89 8452 1166
internal_value=0.000634973 -0.00151106 -0.00337908 -0.00571072 -0.0111622 0.00370995 0.00266989 -0.0143711 0.00344524 0.00530773 0.00730058 -0.000840338 -0.0152084 -0.0156672
internal_weight=17.0622 15.6365 14.7074 11.3599 6.48055 3.3475 4.87934 5.33986 1.14069 4.16951 2.86571 1.30381 5.20941 5.11093
internal_count=16459 16152 15968 11865 10038 4103 1827 9721 317 824 463 361 9703 9618
is_linear=0
shrinkage=0.03


Tree=181
num_leaves=15
num_cat=0
split_feature=52 52 52 23 37 25 37 53 20 25 55 20 21 21
split_gain=0.298971 0.321126 0.339045 0.403364 0.449748 0.222617 0.222062 0.166161 0.133267 0.20791 0.206475 0.0976274 0.0892223 0.0783417
threshold=0.057316312316024874 0.62963017883289629 1.0680049290841331 0.81666666666666676 1.0000000180025095e-35 2.5000000000000004 1.0000000180025095e-35 1.9758354613039071 6.5000000000000009 1.0000000180025095e-35 -0.61622116297079621 12.500000000000002 10.500000000000002 13.500000000000002
decision_type=2 2 2 2 2 2 2 2 2 2 2 2 2 2
left_child=-1 7 3 -3 -5 11 12 8 9 -2 -11 13 -7 -4
right_child=1 2 5 4 -6 6 -8 -9 -10 10 -12 -13 -14 -15
leaf_value=-0.0082903096383485156 -0.0010486913541308885 0.0038669498186313816 0.0012464290517548652 -0.015946901182352403 0.0044833260227886643 0.0012463799527505776 0.0045131142099991877 -0.0018497060080491837 0.00019739609346083376 -0.0019759258209924233 0.016500005461747864 -0.0026464223610199508 -0.0093690446332606592 0.0084781376802182673
leaf_weight=0.75160655359286721 0.63355734375727468 1.1141676661645761 2.9721994388892181 1.5852307250424917 0.34444051468744885 0.37599241306452347 0.59756307007046405 0.71011653746245418 1.1579142920236334 0.17936563232797187 1.6965182877756886 0.20871905859894457 1.1612393169052664 2.916252860257373
leaf_count=4457 1236 378 1757 1896 77 178 136 581 709 120 216 2086 940 1619
internal_value=0.00104336 0.00237998 -0.000566477 -0.00686384 -0.0118744 0.00264853 -0.00361162 0.00776718 0.00962493 0.0119581 0.0146254 0.00519107 -0.00753595 0.0060694
internal_weight=16.4049 15.6533 11.2758 3.04384 1.92967 8.23197 2.13479 4.37747 3.66736 2.50944 1.87588 6.09717 1.53723 5.88845
internal_count=16386 11929 9067 2351 1973 6716 1254 2862 2281 1572 336 5462 1118 3376
is_linear=0
shrinkage=0.03


Tree=182
num_leaves=15
num_cat=0
split_feature=30 60 18 42 33 48 36 20 20 60 24 20 35 39
split_gain=0.372433 0.499399 0.589383 0.31176 0.234845 0.172903 0.172763 0.180624 0.34304 0.298281 0.287302 0.364189 0.260391 0.153551
threshold=1.0000000180025095e-35 1.0000000180025095e-35 0.68990384615384626 1.0000000180025095e-35 1.0000000180025095e-35 1.0000000180025095e-35 1.0000000180025095e-35 7.5000000000000009 4.5000000000000009 1.5000000000000002 1.0000000180025095e-35 10.500000000000002 0.30855000000000005 1.0000000180025095e-35
decision_type=2 2 2 2 2 2 2 2 2 2 2 2 2 2
left_child=1 2 -1 6 5 -4 7 8 9 -3 11 -9 -11 -10
right_child=-2 3 4 -5 -6 -7 -8 10 13 12 -12 -13 -14 -15
leaf_value=-0.01478068590879289 0.010094512767373739 0.0060214977323917174 -0.0082767014487379349 0.011812901203657005 0.0072202819968035124 0.0031950376742342075 -0.0068557370525209414 -0.011781506330256956 0.0094814032401074055 -0.010926694188723057 0.0060730956676182547 0.0039148033134098863 0.0036015459713414793 -0.0027508070320596449
leaf_weight=2.0504932878920963 1.2971941828145652 0.56264454657138641 0.73956907756291912 0.65091693009162632 1.2975019089062698 0.65814542106818408 0.56649517223559165 1.5882933548855369 3.9472295254017808 1.5386149489277161 0.52365470444783557 0.88549250664073031 0.47748419213166915 0.19238233234500501
leaf_count=5510 299 220 3742 248 177 179 1191 831 966 2342 131 212 161 88
internal_value=0.000903986 -0.000912354 -0.00744798 0.00263759 0.00205042 -0.0041739 0.000227762 0.00174061 0.00413445 -0.00312567 -0.0031322 -0.00692464 -0.00740584 0.00820203
internal_weight=16.9761 15.6789 4.74571 10.9332 2.69522 1.39771 10.2823 9.7158 6.71836 2.57874 2.99744 2.47379 2.0161 4.13961
internal_count=16297 15998 9608 6390 4098 3921 6142 4951 3777 2723 1174 1043 2503 1054
is_linear=0
shrinkage=0.03


Tree=183
num_leaves=15
num_cat=0
split_feature=41 53 53 20 54 25 25 53 35 55 58 51 58 20
split_gain=0.233368 0.260896 0.231321 0.207437 0.17004 0.155445 0.145102 0.192015 0.0952564 0.0938624 0.107857 0.0659282 0.0820297 0.0963429
threshold=1.0000000180025095e-35 0.010649154735001162 0.95502634113867735 3.5000000000000004 -0.63359481185996613 2.5000000000000004 1.5000000000000002 1.4066094126709543 0.62625000000000008 0.42579027935517261 1.0000000180025095e-35 1.5000000000000002 2.5000000000000004 7.5000000000000009
decision_type=2 2 2 2 2 2 2 2 2 2 2 2 2 2
left_child=1 -1 3 9 8 6 7 -4 -5 -3 -11 12 -9 -14
right_child=-2 2 5 4 -6 -7 -8 11 -10 10 -12 -13 13 -15
leaf_value=-0.0063266834695352844 -0.0060938665910026443 -0.0051213865156611608 -0.0058737279880397694 0.013862604986736232 0.0014692316764158169 -0.0038414523357960043 0.0085216952319421019 0.0058716495834145602 -0.0012084139591246436 -0.0032836429001474781 0.0062588456992081383 -0.0025968560881464865 0.0032035629220844714 -0.0054564912573974531
leaf_weight=0.52827511853320253 0.82841078427736725 0.49976870133104856 1.1837598370475442 2.91977784565097 2.1759515611556708 2.4766372111262172 0.904263878113852 3.0521648680150979 0.081248534253972937 0.24120025410593371 0.50294592144200578 0.16777885203191534 0.49679513814044174 0.30083915413706563
leaf_count=3241 3193 1778 822 1018 1455 1292 286 1984 133 979 86 84 44 54
internal_value=0.00231075 0.00340309 0.00444956 0.00799504 0.0100072 0.00078728 0.00314942 0.000108136 0.0131345 -0.00138599 0.0030269 0.00323706 0.00429223 -0.00162847
internal_weight=16.3598 15.5314 15.0031 6.42089 5.17698 8.58224 6.1056 5.20134 3.00103 1.24391 0.744146 4.01758 3.8498 0.797634
internal_count=16449 13256 10015 5449 2606 4566 3274 2988 1151 2843 1065 2166 2082 98
is_linear=0
shrinkage=0.03


Tree=184
num_leaves=15
num_cat=0
split_feature=44 7 52 26 23 41 38 27 44 38 52 46 34 44
split_gain=0.386293 0.273272 0.3552 0.344321 0.282531 0.263195 0.21865 0.203456 0.181092 0.138594 0.0849568 0.0842172 0.0755453 0.072857
threshold=11.500000000000002 1.0000000180025095e-35 1.4066094126709543 1.0000000180025095e-35 0.81666666666666676 1.0000000180025095e-35 0.3928571428571429 1.5000000000000002 6.5000000000000009 0.3928571428571429 0.68221640227949176 2.5000000000000004 1.0000000180025095e-35 5.5000000000000009
decision_type=2 2 2 2 2 2 2 2 2 2 2 2 2 2
left_child=1 2 3 4 9 7 13 8 11 -1 -2 -4 -5 -6
right_child=10 -3 5 12 6 -7 -8 -9 -10 -11 -12 -13 -14 -15
leaf_value=0.006042121345491069 0.012183100981113406 -0.010298906557063931 0.0099341885365444894 0.0070786735932560673 -0.011712553315667779 -0.004760583367485533 0.0027308344468643681 -0.0032554705486216432 -0.0030549971348392282 -0.004097554363739684 -0.0010599182092191823 -0.0013510876929391671 -0.0017905555419421141 -0.00047716152928024293
leaf_weight=1.1378773875985624 0.7470924659137389 0.49807941103426934 5.444260319127352 1.1454176375555105 3.9219569909309939 0.81271351707255224 0.48710841995125509 0.59220098931837117 0.27153278152400151 0.25832531778723922 0.16491750322165899 0.16658138788625354 0.27189570665359486 0.76139565306220891
leaf_count=348 50 193 2314 299 8114 2940 434 449 150 130 128 75 81 592
internal_value=0.000627319 -0.00109482 0.000363216 -0.00360415 -0.00632465 0.00454997 -0.00890975 0.00656636 0.00813028 0.00285785 0.0107051 0.00933214 0.00532507 -0.0105754
internal_weight=16.6814 15.7693 15.2713 7.98398 6.56666 7.28729 5.17046 6.47458 5.88237 1.3962 0.91201 5.61084 1.41731 4.68335
internal_count=16297 16119 15926 9998 9618 5928 9140 2988 2539 478 178 2389 380 8706
is_linear=0
shrinkage=0.03


Tree=185
num_leaves=15
num_cat=0
split_feature=7 36 44 30 27 39 58 41 58 53 44 19 44 19
split_gain=0.451116 0.313869 0.321776 0.476711 0.298857 0.292545 0.26171 0.255127 0.110344 0.158874 0.133451 0.174997 0.12018 0.103268
threshold=1.0000000180025095e-35 1.0000000180025095e-35 1.5000000000000002 1.0000000180025095e-35 1.0000000180025095e-35 1.0000000180025095e-35 2.5000000000000004 1.0000000180025095e-35 2.5000000000000004 0.11165176876591411 1.0000000180025095e-35 2.5000000000000004 1.0000000180025095e-35 11.500000000000002
decision_type=2 2 2 2 2 2 2 2 2 2 2 2 2 2
left_child=1 2 3 4 8 7 -6 13 9 12 11 -11 -1 -4
right_child=-2 -3 5 -5 6 -7 -8 -9 -10 10 -12 -13 -14 -15
leaf_value=0.0023525211881989584 -0.010870954739177419 -0.0074658492287727378 0.012614161341104652 0.010139203218039714 -0.012633156571607686 -0.0043584543535659468 0.0034306150169950149 -0.0033197188341336889 -0.0048807614369085007 0.0058432600445627036 0.0082203436370180041 -0.0042492406899997974 -0.0071996418557073822 -0.0014188820367866276
leaf_weight=0.83976593615988526 0.5437747878313538 0.62058874211652515 4.6868310298232254 1.2826367590460002 1.5408833339351984 0.30588276505295642 0.28093145618913684 0.27842023685298034 0.51681176689453412 0.55826358349804683 1.9207778247800886 1.9213843514189646 0.58595368170063011 0.10156102041582915
leaf_count=2327 201 1193 2395 299 3455 180 41 200 96 681 634 3434 671 566
internal_value=0.00106788 0.00268673 0.00394905 0.000233269 -0.00301168 0.00864719 -0.00965707 0.0104436 0.000754474 0.0023739 0.00476778 -0.000382688 -0.00348462 0.0119862
internal_weight=15.9845 15.4407 14.8201 9.44741 8.16477 5.3727 1.82181 5.06681 6.34296 5.82615 4.40043 2.47965 1.42572 4.78839
internal_count=16373 16172 14979 11638 11339 3341 3496 3161 7843 7747 4749 4115 2998 2961
is_linear=0
shrinkage=0.03


Tree=186
num_leaves=15
num_cat=0
split_feature=7 52 52 52 41 55 25 18 25 22 48 53 52 55
split_gain=0.470982 0.34591 0.316273 0.366377 0.216496 0.150036 0.18478 0.230263 0.14413 0.123951 0.119686 0.107719 0.0914793 0.0891968
threshold=1.0000000180025095e-35 0.057316312316024874 0.62963017883289629 1.4066094126709543 1.0000000180025095e-35 -0.61678136115431603 1.0000000180025095e-35 0.57738095238095244 6.5000000000000009 0.81666666666666676 2.5000000000000004 0.58819978801451722 0.68221640227949176 -0.79191296923547039
decision_type=2 2 2 2 2 2 2 2 2 2 2 2 2 2
left_child=1 -1 5 9 8 -3 -7 -8 10 12 13 -11 -4 -5
right_child=-2 2 3 4 -6 6 7 -9 -10 11 -12 -13 -14 -15
leaf_value=-0.0077262818633133511 -0.011037795092161382 -0.00075754169453225563 -0.0033906265833794141 -0.0015058052361976279 -0.0040747723555512412 2.7590135997533986e-05 0.016109511783321376 -0.0016969149916788143 -0.0029792604339644231 0.00097979422742118928 -0.0024921610815175944 -0.009124456044263601 0.00522272908799685 0.0089575687839000395
leaf_weight=0.68449487790349017 0.54558961675866235 0.84033907255798101 0.20379321517248206 0.23388563069602142 0.83531158099867742 1.0765594604454229 2.1111677134904316 0.35788770634826494 0.31336281565017987 0.76508789269064292 0.16125922475475807 2.2175708291833871 0.53437216026941314 5.5720513821252107
leaf_count=4459 196 574 94 257 2944 1756 373 189 179 731 18 1822 197 2616
internal_value=0.00118921 0.00279452 0.00410988 0.000827478 0.00445726 0.00942083 0.0112364 0.0139241 0.00630212 -0.0052457 0.00741505 -0.00717967 0.0021051 0.00825825
internal_weight=16.4527 15.9071 15.2226 10.8367 7.11587 4.38595 3.54561 2.46906 6.28056 3.72082 5.9672 2.98266 0.738165 5.80594
internal_count=16405 16209 11750 8858 6014 2892 2318 562 3070 2844 2891 2553 291 2873
is_linear=0
shrinkage=0.03


Tree=187
num_leaves=15
num_cat=0
split_feature=25 30 37 24 33 47 59 20 39 20 42 20 26 20
split_gain=0.324298 0.430255 0.326983 0.573327 0.448774 0.291797 0.343659 0.374011 0.259049 0.180134 0.151683 0.139851 0.0643281 0.0573369
threshold=11.500000000000002 1.0000000180025095e-35 1.0000000180025095e-35 1.0000000180025095e-35 1.0000000180025095e-35 1.0000000180025095e-35 1.0000000180025095e-35 10.500000000000002 1.0000000180025095e-35 11.500000000000002 1.0000000180025095e-35 7.5000000000000009 1.0000000180025095e-35 4.5000000000000009
decision_type=2 2 2 2 2 2 2 2 2 2 2 2 2 2
left_child=1 2 3 4 5 6 7 12 -4 -9 -2 13 -1 -8
right_child=10 -3 8 -5 -6 -7 11 9 -10 -11 -12 -13 -14 -15
leaf_value=-0.017553316108970034 -0.0017086143432429649 0.0095359559639676458 0.010300307559570041 0.0088961929530434088 0.004429265202811671 0.0033732401527464288 -0.0018175879990079699 0.005794471236369789 -0.0043810208272611869 -0.0055157063017339091 0.013107745353239149 -0.0066022859751799935 -0.001009915297975378 0.0039804246607525046
leaf_weight=3.8436466197908778 0.2777628740223016 1.2158795072464279 1.0525083876564174 0.83446800749516192 1.6311836846289232 0.70561406644992608 1.0654863422387286 0.725558017789808 0.31128241894475639 0.39208700245762884 0.57585348941938719 0.75858477946894698 0.4838634583284146 1.8072406807477817
leaf_count=9449 152 300 183 296 241 195 1003 673 176 2944 27 266 262 300
internal_value=0.00119707 -0.000517397 -0.00252204 -0.00425955 -0.00640447 -0.00865623 -0.0100316 -0.0137653 0.0063369 0.00083368 0.0104681 -0.00153256 -0.0166075 0.00196659
internal_weight=15.681 14.8274 13.6115 12.2477 11.4133 9.78208 9.07647 5.44516 1.36379 1.11765 0.853616 3.63131 4.32751 2.87273
internal_count=16467 16288 15988 15629 15333 15092 14897 13328 359 3617 179 1569 9711 1303
is_linear=0
shrinkage=0.03


Tree=188
num_leaves=15
num_cat=0
split_feature=30 54 53 53 54 21 33 58 35 18 22 26 21 54
split_gain=0.403941 0.488358 0.37034 0.294707 0.312149 0.267013 0.245825 0.309675 0.166171 0.131552 0.163126 0.112852 0.091945 0.075913
threshold=1.0000000180025095e-35 -0.64716052635830568 3.438811922224569 1.5907004685830353 -0.72465516457552515 14.500000000000002 1.0000000180025095e-35 1.5000000000000002 0.51715000000000011 0.58578431372549034 0.81666666666666676 1.0000000180025095e-35 12.500000000000002 -0.87927759471376976
decision_type=2 2 2 2 2 2 2 2 2 2 2 2 2 2
left_child=1 3 6 4 12 -6 7 8 11 -9 -11 -3 13 -1
right_child=-2 2 -4 -5 5 -7 -8 9 -10 10 -12 -13 -14 -15
leaf_value=-0.0025166982195920897 0.010541474104315447 -0.015934119364049027 0.0054964764975233022 -0.0034969337909943376 -0.00067937368056271072 0.01692712710037525 0.0035756550359593462 0.0032411680098693848 0.00095369477006428604 0.0034481758316641936 -0.0087532278399678719 -0.00023687241964027007 -0.0041577115536419297 0.0051580458107497651
leaf_weight=0.34107960389519565 1.3600905109196908 2.8751124232876455 0.9394226721524318 1.6806997046242029 0.82732791098896985 1.1935111936691098 0.54147389793070022 1.9171867159166143 0.44034015627403267 0.24917430919595063 0.58867611378809659 0.51695592353644304 0.9230407499908323 1.236902493277739
leaf_count=1012 309 8537 590 1324 741 115 80 933 346 52 194 240 963 878
internal_value=0.00115838 -0.000921701 -0.00525539 0.00462247 0.00778724 0.0129665 -0.00756601 -0.0091013 -0.013022 -0.000464237 -0.00525176 -0.014517 -0.000299679 0.00301966
internal_weight=15.631 14.2709 8.06834 6.20256 4.52186 2.02084 7.12892 6.58745 3.83241 2.75504 0.83785 3.39207 2.50102 1.57798
internal_count=16314 16005 10972 5033 3709 856 10382 10302 9123 1179 246 8777 2853 1890
is_linear=0
shrinkage=0.03


Tree=189
num_leaves=15
num_cat=0
split_feature=54 54 54 35 20 35 22 41 35 20 19 19 25 18
split_gain=0.356121 0.228716 0.212844 0.170243 0.173421 0.15658 0.215003 0.140394 0.112346 0.0954017 0.103208 0.109337 0.0617323 0.0490997
threshold=-0.61997034148718144 0.84671448637126323 -0.81013244253164418 0.37565000000000009 3.5000000000000004 0.51715000000000011 0.81666666666666676 1.0000000180025095e-35 0.62625000000000008 6.5000000000000009 2.5000000000000004 9.5000000000000018 1.0000000180025095e-35 0.87083333333333346
decision_type=2 2 2 2 2 2 2 2 2 2 2 2 2 2
left_child=2 5 -1 4 -4 6 -2 -6 -7 12 13 -12 -3 -11
right_child=1 9 3 -5 7 8 -8 -9 -10 10 11 -13 -14 -15
leaf_value=-0.0014632885335365913 0.0032633750685769807 -0.00040969667330864601 -0.0022733728224198215 -0.002488775587073284 0.012199998719617257 0.0060703487371700634 -0.0094700187175427997 -0.0019039626668711604 -0.0035247975624250762 0.005456619791220539 -0.0068076771474034695 0.002856007982100177 0.0078089497330766505 -0.0017906938241509984
leaf_weight=1.8424451009541369 0.45737806895340272 0.88293847778732037 0.29692877020716046 0.34561326745460963 4.2556627528610989 0.4852141955634578 3.5076846948686571 0.16055496813351045 0.25789620353316423 0.42280025128275145 1.1501283902107386 0.25760106547386374 0.90614176701637916 0.1259921265518642
leaf_count=2326 187 1870 887 414 1348 62 6245 587 399 131 661 253 213 798
internal_value=0.00198451 -0.00201672 0.00623774 0.00866243 0.00997799 -0.00551731 -0.00739951 0.0112536 0.00259832 0.00277234 -0.00141135 -0.00440097 0.00567757 0.00369324
internal_weight=15.355 8.45378 6.9012 5.05876 4.71315 4.70817 3.96506 4.41622 0.74311 3.7456 1.95652 1.40773 1.78908 0.548792
internal_count=16381 10819 5562 3236 2822 6893 6432 1935 461 3926 1843 914 2083 929
is_linear=0
shrinkage=0.03


Tree=190
num_leaves=15
num_cat=0
split_feature=7 52 35 27 5 41 30 48 55 20 35 35 52 53
split_gain=0.51881 0.33825 0.274716 0.258825 0.279436 0.240438 0.164214 0.162061 0.161383 0.128582 0.0791329 0.174549 0.039895 0.0350994
threshold=1.0000000180025095e-35 0.057316312316024874 0.37565000000000009 2.5000000000000004 1.0000000180025095e-35 1.0000000180025095e-35 1.0000000180025095e-35 2.5000000000000004 -0.64227965266972065 11.500000000000002 0.51715000000000011 0.62625000000000008 3.0375270496321396 5.3997877885463827
decision_type=2 2 2 2 2 2 2 2 2 2 2 2 2 2
left_child=1 -1 3 4 5 7 -5 8 13 -10 -4 -12 -7 -3
right_child=-2 2 10 6 -6 12 -8 -9 9 -11 11 -13 -14 -15
leaf_value=-0.0075148559356777531 -0.011560736691721227 0.0039063863421161492 -0.0071575782907968349 -0.007425656082754882 -0.0049097008468059764 -0.0047011545841342756 0.0039533674838414965 -0.0027510982635180134 0.013322925411944516 -0.0013325375601400593 0.0062641116926716372 -0.005116778334003683 0.0016735479992055109 -0.0016195298044920931
leaf_weight=0.6595332791639511 0.55883831875689871 4.4367191293313155 0.54133666587585938 0.78073607001351664 0.3525458517251544 0.51666072483567482 0.33170210005482659 0.17870744911488223 5.7666880881915858 0.21097626414120885 0.50827199255581945 0.39712712068285327 0.13606325474393088 0.1075090933300088
leaf_count=4416 206 2181 745 926 674 2818 36 15 3427 71 84 606 53 43
internal_value=0.00118497 0.00297197 0.00432125 0.00573808 0.00703782 0.0080886 -0.00367259 0.00915438 0.00976369 0.0126013 -0.00427746 0.00118625 -0.00311243 0.00332066
internal_weight=15.4834 14.9246 14.265 12.8183 11.7059 11.3533 1.11244 10.7006 10.5219 5.97766 1.44674 0.905399 0.652724 4.54423
internal_count=16301 16095 11679 10244 9282 8608 962 5737 5722 3498 1435 690 2871 2224
is_linear=0
shrinkage=0.03


Tree=191
num_leaves=15
num_cat=0
split_feature=25 19 58 52 25 55 37 55 25 55 19 49 52 42
split_gain=0.521789 0.233621 0.523771 0.261731 0.272295 0.256283 0.31099 0.163534 0.125472 0.124881 0.166004 0.1616 0.0981523 0.0979361
threshold=11.500000000000002 5.5000000000000009 1.5000000000000002 1.4066094126709543 1.5000000000000002 2.396616099697257 1.0000000180025095e-35 -0.58087415257420127 1.0000000180025095e-35 -0.54379469608321662 2.5000000000000004 1.0000000180025095e-35 1.2127173514992828 1.0000000180025095e-35
decision_type=2 2 2 2 2 2 2 2 2 2 2 2 2 2
left_child=1 3 5 4 8 6 -3 -4 -1 11 -11 -5 -9 -2
right_child=13 2 7 9 -6 -7 -8 12 -10 10 -12 -13 -14 -15
leaf_value=0.00021515055220283738 -0.00034758851264454451 -0.016267675909520406 -0.0025734951492342004 -0.0022339604766563165 0.0049794835911694283 0.0029971055736542191 0.0018753517963978456 0.0092000118013135859 -0.010184981755410563 0.0047504481276837178 -0.0059101051654838945 0.009506061531065528 -0.0016213785449044073 0.013994709953282371
leaf_weight=1.3835295526587275 0.3989936959405902 2.3033987248199992 1.4250960046665571 0.52081703429576043 0.87614645606663533 0.27988450293196354 0.58704016730189312 1.0152888048032762 1.4346376650064485 0.56600713997977414 0.76923234566129395 2.7444201188482111 0.31256265555566631 0.62267075091949664
leaf_count=2617 157 6811 1316 452 542 331 203 404 956 851 892 721 81 22
internal_value=0.00046899 -0.00171318 -0.00544535 0.00149207 -0.00350034 -0.0112801 -0.0133229 0.00319311 -0.00710929 0.00534697 -0.00125232 0.00749621 0.0072092 0.0118708
internal_weight=15.2397 14.2181 5.92327 8.29479 3.69431 3.17032 2.89044 2.75295 2.81817 4.60048 1.33524 3.26524 1.32785 1.02166
internal_count=16356 16177 9146 7031 4115 7345 7014 1801 3573 2916 1743 1173 485 179
is_linear=0
shrinkage=0.03


Tree=192
num_leaves=15
num_cat=0
split_feature=58 19 31 54 54 36 19 13 23 54 38 47 20 19
split_gain=0.235118 0.407056 0.149474 0.17058 0.156186 0.125361 0.142205 0.182201 0.123771 0.120795 0.114309 0.0993148 0.115288 0.0761707
threshold=1.5000000000000002 5.5000000000000009 1.0000000180025095e-35 -0.65060519653594373 -0.64716052635830568 1.0000000180025095e-35 4.5000000000000009 1.0000000180025095e-35 0.81666666666666676 1.9177223553578659 0.3928571428571429 1.0000000180025095e-35 6.5000000000000009 2.5000000000000004
decision_type=2 2 2 2 2 2 2 2 2 2 2 2 2 2
left_child=1 2 3 -1 -5 6 8 -8 -2 10 -3 12 -6 -13
right_child=5 9 -4 4 11 -7 7 -9 -10 -11 -12 13 -14 -15
leaf_value=-0.00706584107433507 0.0035143548592696367 -0.013123366784438525 0.0061646210532007523 0.0076235652949038848 0.0017958084892781873 -0.0038304650194368583 0.0089417489141876052 -0.0033701806005419954 -0.0058049949793949574 0.001222917281232552 0.00015521689112940897 0.005978681113155671 -0.0069118211788870973 -0.002501963272540866
leaf_weight=0.99691716816050746 0.68449583041365258 1.9709347621264903 1.5182117131589619 0.52499872175394546 1.1804921942457434 0.26297799700841995 3.3846004181905305 0.24943138907474338 0.62255570569686891 0.39731192371255009 0.62969366066681676 0.47595593967707817 1.4171172541664416 0.1611462525324896
leaf_count=2309 163 6343 386 17 756 235 633 1144 228 622 503 160 2919 16
internal_value=-0.000692621 -0.00332847 0.00135967 -0.00154476 0.0018644 0.00362418 0.00501033 0.00720031 -0.0017507 -0.00975845 -0.0112384 -0.0016259 -0.00389484 0.00356294
internal_weight=14.4768 9.27278 6.27484 4.75663 3.75971 5.20406 4.94108 3.63403 1.30705 2.99794 2.60063 3.23471 2.59761 0.637102
internal_count=16434 14031 6563 6177 3868 2403 2168 1777 391 7468 6846 3851 3675 176
is_linear=0
shrinkage=0.03


Tree=193
num_leaves=15
num_cat=0
split_feature=44 30 56 33 52 44 44 21 54 21 24 52 54 47
split_gain=0.647692 0.738722 0.394821 0.361192 0.323625 0.28966 0.271635 0.152014 0.116585 0.0850895 0.0771012 0.0410042 0.0325178 0.0218355
threshold=11.500000000000002 1.0000000180025095e-35 1.0000000180025095e-35 1.0000000180025095e-35 5.3997877885463827 1.5000000000000002 2.5000000000000004 15.500000000000002 -0.85956568754560359 14.500000000000002 1.0000000180025095e-35 0.4074831712993664 -0.87927759471376976 1.0000000180025095e-35
decision_type=2 2 2 2 2 2 2 2 2 2 2 2 2 2
left_child=1 2 3 4 5 10 11 -2 12 -5 13 -7 -8 -1
right_child=7 -3 -4 9 -6 6 8 -9 -10 -11 -12 -13 -14 -15
leaf_value=-0.01499438814243224 -0.0014944533121097887 0.0098920751802343415 0.0064351481985718724 0.0055469155332242897 0.0044754675033293794 -0.001245763872619885 -0.0017230615788601843 0.014206547884574254 -0.0077329344497083308 -0.0024210671305444401 0.00089871291922406706 0.0064436293127683019 0.0038554457611429819 -0.0007126064890940468
leaf_weight=5.3370051865967891 0.26359550948109323 1.2369905015220872 0.53042235225439149 1.0269884094595916 0.34925130248302672 0.086214855196885654 0.12004218146830681 0.62945903347281273 3.2002644123385835 0.55032782192574803 0.067846091056708135 0.83473446827701991 0.30677094907150637 0.30650160228833545
leaf_count=10970 166 299 169 188 139 559 263 18 2962 59 19 468 49 50
internal_value=-0.00152542 -0.00374032 -0.00623055 -0.00761139 -0.00940552 -0.0105311 -0.00294831 0.0117428 -0.00621506 0.00296757 -0.0142386 0.00536368 0.00215949 -0.0146082
internal_weight=14.8464 13.9534 12.7164 12.1859 10.6086 10.2594 4.54803 0.893055 3.62708 1.57732 5.71135 0.920949 0.426813 5.64351
internal_count=16378 16194 15895 15726 15479 15340 4301 184 3274 247 11039 1027 312 11020
is_linear=0
shrinkage=0.03


Tree=194
num_leaves=15
num_cat=0
split_feature=25 30 19 25 33 53 54 54 54 40 38 35 35 19
split_gain=0.689849 0.589026 0.640019 0.332967 0.389523 0.27781 0.30812 0.241618 0.212097 0.216189 0.182331 0.130596 0.109347 0.103721
threshold=11.500000000000002 1.0000000180025095e-35 5.5000000000000009 1.5000000000000002 1.0000000180025095e-35 4.5822232970114634 -0.64716052635830568 -0.65060519653594373 -0.44282066505521361 0.77500000000000013 0.3928571428571429 1.0000000180025095e-35 0.37565000000000009 3.5000000000000004
decision_type=2 2 2 2 2 2 2 2 2 2 2 2 2 2
left_child=1 2 3 4 5 6 7 13 9 -4 -11 -8 -5 -1
right_child=-2 -3 8 12 -6 -7 11 -9 -10 10 -12 -13 -14 -15
leaf_value=-0.0077916267975033267 0.012968718612583138 0.0094619645999163681 0.0022617490721003777 0.010035622005445886 0.0064064092942923223 0.004316089062785025 -0.014642521949861006 0.0073246445851494462 -0.0012228821762724287 -0.017775432369072457 -1.1225495317943886e-06 0.0015452140005853968 -0.0014734535753056599 0.0016932256423349556
leaf_weight=0.76058871375062176 1.0384835894801661 1.2183906529098756 0.1598202447057705 1.3951444179838288 1.307162210869137 0.58484781424340315 2.0332305020838222 0.53703118531120653 1.8947359909216195 2.5989627372946398 0.58583807574905211 0.10627472214400757 0.36674921402300231 0.72123608334368328
leaf_count=1740 183 308 48 416 218 482 3433 15 4537 3967 366 13 552 261
internal_value=-0.000171255 -0.00260414 -0.00483813 0.000897609 -0.00270516 -0.00637153 -0.00878821 0.000418289 -0.0112758 -0.014382 -0.0157675 -0.0134804 0.00813024 -0.0048543
internal_weight=15.3085 14.27 13.0516 7.81226 6.05037 4.74321 4.15836 2.01886 5.23936 3.34462 3.1848 2.13951 1.76189 1.48182
internal_count=16539 16356 16048 7130 6162 5944 5462 2016 8918 4381 4333 3446 968 2001
is_linear=0
shrinkage=0.03


Tree=195
num_leaves=15
num_cat=0
split_feature=25 30 10 40 48 33 35 25 21 35 25 21 19 54
split_gain=0.557585 0.457885 0.37615 0.307723 0.233536 0.197411 0.238197 0.269129 0.196838 0.191178 0.112829 0.109354 0.0619041 0.041318
threshold=11.500000000000002 1.0000000180025095e-35 1.0000000180025095e-35 0.77500000000000013 1.0000000180025095e-35 1.0000000180025095e-35 0.51715000000000011 5.5000000000000009 15.500000000000002 0.62625000000000008 6.5000000000000009 14.500000000000002 2.5000000000000004 -0.65060519653594373
decision_type=2 2 2 2 2 2 2 2 2 2 2 2 2 2
left_child=1 2 3 -1 5 6 7 -5 -2 -8 -9 -7 -6 -4
right_child=8 -3 13 4 12 11 9 10 -10 -11 -12 -13 -14 -15
leaf_value=0.0059439920758607668 -0.0018079246724088686 0.0092742547499734193 -0.00079161312631921001 -0.012495685572532618 0.0058606796245838791 0.0050741078316493401 0.0069165793104448434 0.0048541918465611882 0.015842271863365769 -0.0050231015516510749 -0.003767068607059912 -0.0039006602479755631 -0.002088126163889834 0.0075951954013369332
leaf_weight=0.4839308757218469 0.24937999981193648 1.2316738632507629 0.22054820552875742 6.4892850680571392 0.46310509718023318 0.83383256965316899 0.57564069866202761 0.63538586240247219 0.72121082741796272 0.38837605087246629 0.86148658296224312 0.29349887391435914 0.1383637934923172 1.0260339743254014
leaf_count=161 156 309 90 13492 164 176 93 161 18 617 746 39 17 124
internal_value=0.00133396 -0.00107946 -0.0032517 -0.00517217 -0.00653407 -0.007685 -0.00897233 -0.010421 0.0131433 0.00196273 0.000575729 0.00173727 0.00383256 0.0065378
internal_weight=14.6118 13.6412 12.4095 11.1629 10.679 10.0775 8.95017 7.98616 0.970591 0.964017 1.49687 1.12733 0.601469 1.24658
internal_count=16363 16189 15880 15666 15505 15324 15109 14399 174 710 907 215 181 214
is_linear=0
shrinkage=0.03


Tree=196
num_leaves=15
num_cat=0
split_feature=56 37 55 33 24 22 53 53 25 55 55 52 53 51
split_gain=0.432437 0.39125 0.553942 0.594404 0.742648 0.226252 0.181033 0.0818375 0.0739253 0.0937392 0.111241 0.0641309 0.0342365 0.017278
threshold=1.0000000180025095e-35 1.0000000180025095e-35 0.92440438347645926 1.0000000180025095e-35 1.0000000180025095e-35 0.81666666666666676 0.99541586762856193 1.6075917436324201 1.5000000000000002 2.396616099697257 0.97303380168299736 3.438811922224569 3.9976927939054847 1.5000000000000002
decision_type=2 2 2 2 2 2 2 2 2 2 2 2 2 2
left_child=1 2 3 4 11 -3 -5 8 9 10 -4 12 -1 -9
right_child=-2 5 7 6 -6 -7 -8 13 -10 -11 -12 -13 -14 -15
leaf_value=-0.01741584523035437 0.0076823078000671785 -0.004474980513702707 0.0023939570286728978 0.0070649674009602712 0.0059714464818406247 0.00897932028900752 -0.0040899915278187829 0.0055094696110203779 0.0033352216963585895 0.0027962862459506477 -0.0081035194263234991 -0.00030110418080480766 -1.1861918931432469e-05 -0.00042985536582028285
leaf_weight=6.1414212869840359 0.66811881319154132 0.30982728223898448 0.24529623870876216 0.96717029775027163 0.50198163226013992 0.92274936393369056 0.62564250268042088 1.2585853953351032 0.2160587292164563 0.24748742724841566 1.1484788743709939 0.2812174255013814 0.10577555279814976 0.19527327939431405
leaf_count=11317 251 173 153 180 170 173 72 910 8 253 2026 159 317 86
internal_value=-0.0044449 -0.00599215 -0.00766381 -0.0110453 -0.0141258 0.00492111 0.00284571 0.00198571 -0.0016755 -0.00380472 -0.00593399 -0.016709 -0.0171955 0.00492476
internal_weight=13.8351 13.167 11.9344 8.62321 7.0304 1.23258 1.59281 3.31118 1.85732 1.64126 1.39378 6.52841 6.2472 1.45386
internal_count=16248 15997 15651 12215 11963 346 252 3436 2440 2432 2179 11793 11634 996
is_linear=0
shrinkage=0.03


Tree=197
num_leaves=15
num_cat=0
split_feature=25 21 49 52 25 37 21 54 54 21 35 14 25 5
split_gain=0.792731 0.470071 0.187331 0.168454 0.176843 0.146766 0.143427 0.128509 0.0910977 0.0794373 0.0722476 0.0673935 0.180533 0.0894214
threshold=11.500000000000002 15.500000000000002 1.5000000000000002 0.057316312316024874 2.5000000000000004 1.0000000180025095e-35 15.500000000000002 -0.76850518320319916 1.9177223553578659 11.500000000000002 0.65070000000000017 1.0000000180025095e-35 1.0000000180025095e-35 1.0000000180025095e-35
decision_type=2 2 2 2 2 2 2 2 2 2 2 2 2 2
left_child=1 3 -3 -1 8 7 -2 9 11 -6 -7 12 -5 -14
right_child=6 2 -4 4 5 10 -8 -9 -10 -11 -12 -13 13 -15
leaf_value=-0.0066659433011647898 -0.00052741962428008715 -0.00031263275249957158 -0.015552148945494384 -0.00039276378543915205 0.0047420182543568236 0.005557126783334072 0.016511245307971361 -0.0080739722226830755 -0.0023082064553540194 -0.0031968730782874137 -0.0024874545624092382 -0.00078162803532045655 0.0096139893642993562 -0.0016649604383404354
leaf_weight=0.56463303498548967 0.38629473019682403 1.0936723020477064 0.79676061635109352 2.6496792109828657 0.58239687725654277 0.75822976109338913 0.77425419311475707 1.8436962887717518 0.7049074484821175 0.22771620768980938 0.17265650480112527 1.1618670210664275 3.5908946830677455 0.11527268821737369
leaf_count=3844 158 4690 123 2750 342 195 20 1503 407 211 81 878 920 357
internal_value=0.000384019 -0.00232789 -0.0114288 0.000459627 0.00171659 -0.00286254 0.014095 -0.00556745 0.00388235 0.00182343 0.00338582 0.00482588 0.00579268 0.00880257
internal_weight=15.4229 14.2624 1.89043 12.3719 11.8073 3.5847 1.16055 2.65381 8.22262 0.810113 0.930886 7.51771 6.35585 3.70617
internal_count=16479 16301 4813 11488 7644 2332 178 2056 5312 553 276 4905 4027 1277
is_linear=0
shrinkage=0.03


Tree=198
num_leaves=15
num_cat=0
split_feature=44 30 19 59 27 44 19 38 44 20 19 44 9 20
split_gain=1.03458 0.53176 0.386685 1.02303 0.244379 0.226604 0.172766 0.136766 0.114656 0.0764774 0.0515431 0.0566838 0.0455891 0.0402742
threshold=11.500000000000002 1.0000000180025095e-35 5.5000000000000009 1.0000000180025095e-35 1.0000000180025095e-35 1.5000000000000002 10.500000000000002 0.3928571428571429 2.5000000000000004 4.5000000000000009 1.5000000000000002 5.5000000000000009 1.0000000180025095e-35 7.5000000000000009
decision_type=2 2 2 2 2 2 2 2 2 2 2 2 2 2
left_child=1 2 4 7 10 -6 -2 -4 -5 -10 -1 12 -12 -14
right_child=6 -3 3 8 5 -7 -8 -9 9 -11 11 -13 13 -15
leaf_value=-0.002418434235616931 -0.00061117076850788598 0.0087639246675857447 -0.020558165403553201 0.0064869314358020989 -0.010546229537015676 0.003823104986570135 0.018080689579822028 -0.00092497793172363943 -0.004896416760893741 0.0023025209865937405 0.0052456572911671025 -0.0022446405130607692 0.0024810364390944624 -0.0027142829380404966
leaf_weight=0.17397834267466894 0.37612934323988223 1.1196666877949617 2.1009879419134454 1.0691519765550768 0.99635365985159274 0.25607594102621078 0.88686942437198013 0.55847801893469284 0.71698668931094267 0.92678356244869065 4.2572507415789005 0.19351649829332007 0.60856315749697365 0.78849845465447288
leaf_count=1344 161 303 6942 567 2002 3 21 502 598 234 2869 279 112 399
internal_value=0.000195234 -0.00300766 -0.00510426 -0.00994664 -0.000154162 -0.00706396 0.0155515 -0.018602 0.00283155 -0.00180157 0.00268584 0.00341533 0.00414493 -0.000322877
internal_weight=15.0293 13.7663 12.6466 5.37239 7.27424 1.25243 1.263 2.65947 2.71292 1.64377 6.02181 5.84783 5.65431 1.39706
internal_count=16336 16154 15851 8843 7008 2005 182 7444 1399 832 5003 3659 3380 511
is_linear=0
shrinkage=0.03


Tree=199
num_leaves=15
num_cat=0
split_feature=25 30 37 22 10 48 54 22 21 58 54 48 54 54
split_gain=0.979575 0.352923 0.224216 0.579025 0.341592 0.273611 0.293465 0.23084 0.205963 0.107229 0.0953388 0.0894714 0.0645896 0.0451425
threshold=11.500000000000002 1.0000000180025095e-35 1.0000000180025095e-35 0.81666666666666676 1.0000000180025095e-35 1.0000000180025095e-35 -0.80483263461672416 0.81666666666666676 15.500000000000002 2.5000000000000004 -0.62293216066487767 2.5000000000000004 -0.87369970142365816 -0.65060519653594373
decision_type=2 2 2 2 2 2 2 2 2 2 2 2 2 2
left_child=1 2 3 -1 5 6 12 -4 -2 -8 13 -7 -5 -6
right_child=8 -3 7 4 10 11 9 -9 -10 -11 -12 -13 -14 -15
leaf_value=0.0090115575610837887 -0.00061417701813001055 0.008725877671099655 -0.0044857620335354747 -0.002952523037509583 -0.00084307560967496642 0.0060977102926606389 -0.013790632298969322 0.0091021355317280079 0.020105220520914058 -0.0018144841590196764 -0.0024506857418253444 -0.0028530628410568222 0.00347761797111182 0.0079845252322680391
leaf_weight=0.8479348948167108 0.36894921804196279 1.0965327943558811 0.31367689368198626 0.66869303470048169 0.21705389488488436 0.48738049145322371 4.8967399677139865 0.94626586325466699 1.0290801668888887 1.4937850320438881 0.34265891800168968 0.1880126188043505 1.0474464412018214 0.58325615893409122
leaf_count=301 158 296 188 1561 95 172 11569 173 23 1072 110 18 725 17
internal_value=0.00313282 -0.00050681 -0.00247188 -0.00400271 -0.00643946 -0.00832926 -0.00976893 0.00504264 0.0174941 -0.012091 0.00414125 0.00333588 0.000731533 0.00669816
internal_weight=14.5275 13.1294 12.0329 10.773 9.92503 8.78206 8.10666 1.25994 1.39803 6.39052 1.14297 0.675393 1.71614 0.80031
internal_count=16478 16297 16001 15640 15339 15117 14927 361 181 12641 222 190 2286 112
is_linear=0
shrinkage=0.03


Tree=200
num_leaves=15
num_cat=0
split_feature=60 30 21 18 56 18 35 35 23 60 60 23 21 23
split_gain=1.05193 0.346899 0.346462 0.229812 0.202398 0.163009 0.110503 0.147356 0.121499 0.114829 0.116382 0.0671674 0.0432132 0.0216228
threshold=11.500000000000002 1.0000000180025095e-35 15.500000000000002 0.77350427350427364 1.0000000180025095e-35 0.87867647058823539 0.51715000000000011 0.62625000000000008 0.81666666666666676 5.5000000000000009 6.5000000000000009 0.58333333333333348 15.500000000000002 0.77500000000000013
decision_type=2 2 2 2 2 2 2 2 2 2 2 2 2 2
left_child=1 3 -2 4 6 12 8 -8 11 -10 -11 -1 13 -5
right_child=2 -3 -4 5 -6 -7 7 -9 9 10 -12 -13 -14 -15
leaf_value=-0.0030878177785959716 -0.0021159179621805485 0.0087153141344150642 0.021363825180773961 -0.00026626190088795799 0.0048274539530020399 -0.004260340288072097 0.0061205356591996201 -0.0044841912411633543 -0.0091894669296306245 0.0046497380639718318 -0.004298443404468495 0.0040289904903057358 -0.00086396577549224904 0.0075651992501895669
leaf_weight=0.27979598060483113 0.28411090694862728 1.0900377214420593 1.1529588921621323 0.20140285433444716 0.37289099092595357 0.32854528935422411 0.49620619253255416 0.34343760826959624 5.7211335865831625 0.60862967717548577 0.62814255767443683 0.67758522220537454 0.26134184278271266 1.8787372164861167
leaf_count=196 170 299 18 98 133 2466 91 630 9839 165 665 227 589 952
internal_value=0.00344213 -0.000425426 0.0181917 -0.00241083 -0.0045065 0.00361522 -0.00572784 0.00167968 -0.00669393 -0.00782779 0.000257208 0.00126746 0.00617382 0.00704811
internal_weight=14.325 12.8879 1.43707 11.7978 9.12782 2.67003 8.75493 0.839644 7.91529 6.95791 1.23677 0.957381 2.34148 2.08014
internal_count=16538 16350 188 16051 11946 4105 11813 721 11092 10669 830 423 1639 1050
is_linear=0
shrinkage=0.03


Tree=201
num_leaves=15
num_cat=0
split_feature=21 30 55 30 58 19 55 20 38 55 60 19 20 60
split_gain=0.883064 0.385475 0.329981 0.263271 0.228106 0.206678 0.242309 0.144924 0.137279 0.12952 0.119919 0.191013 0.0808313 0.0701575
threshold=15.500000000000002 1.0000000180025095e-35 -0.61622116297079621 1.0000000180025095e-35 1.5000000000000002 2.5000000000000004 -0.68946740304483201 7.5000000000000009 1.0000000180025095e-35 1.7125553937505158 1.0000000180025095e-35 1.5000000000000002 1.5000000000000002 1.5000000000000002
decision_type=2 2 2 2 2 2 2 2 2 2 2 2 2 2
left_child=3 2 -2 4 5 10 -7 12 9 -8 11 -1 -6 -9
right_child=1 -3 -4 -5 7 6 8 13 -10 -11 -12 -13 -14 -15
leaf_value=-0.0037568937090103958 0.0009008198726869459 0.0031776956025444522 -0.022170034053835164 0.0078251992798907908 -0.0022676339405390848 0.00063913660744924423 -0.014316875580992604 -0.0057498694303418666 0.00076653424032450479 0.00065915229295308191 -0.0035113548014413841 0.0090849406826578848 0.0063245403367679556 0.0022902195919766925
leaf_weight=0.28447442539799872 0.4813479304357321 0.23569280392257486 1.6086831920165432 0.89350546844070855 0.16168555618605784 2.0838901283077553 2.1200628722817814 0.67578253239480535 0.54615159408422176 0.40031705350338587 0.54315705217595667 0.85224802640732378 2.9701512976389495 0.21059889272146393
leaf_count=1991 237 169 4347 132 843 1928 4053 271 260 266 691 286 806 97
internal_value=-0.00474589 -0.016336 -0.0190144 -0.000406833 -0.00219737 -0.00503293 -0.00739011 0.00269338 -0.0109449 -0.012699 0.0022827 0.00552487 0.00517008 -0.00357633
internal_weight=14.0677 2.32572 2.09003 11.742 10.8485 6.8303 5.15042 4.01822 3.06653 2.52038 1.67988 1.13672 3.13184 0.886381
internal_count=16377 4753 4584 11624 11492 9475 6507 2017 4579 4319 2968 2277 1649 368
is_linear=0
shrinkage=0.03


Tree=202
num_leaves=15
num_cat=0
split_feature=25 19 27 37 22 19 27 30 52 23 53 23 25 34
split_gain=1.8111 0.601027 0.641429 0.472157 0.556289 0.226384 0.168856 0.265652 0.185403 0.178055 0.165303 0.153935 0.0921703 0.086246
threshold=11.500000000000002 5.5000000000000009 1.0000000180025095e-35 1.0000000180025095e-35 0.81666666666666676 10.500000000000002 1.0000000180025095e-35 1.0000000180025095e-35 1.4066094126709543 0.81666666666666676 3.2468620983371328 0.81666666666666676 10.500000000000002 1.5000000000000002
decision_type=2 2 2 2 2 2 2 2 2 2 2 2 2 2
left_child=1 6 3 4 -3 -2 8 -8 9 -1 12 -5 13 -6
right_child=5 2 -4 11 10 -7 7 -9 -10 -11 -12 -13 -14 -15
leaf_value=0.0043970157956174684 -0.00048369602290158833 0.0041596975443162383 0.0043659421406831572 -0.004355977791957873 -0.022090434205920124 0.021781801128583207 -0.0090047621401927753 0.0047708556851240608 0.0068157842817674289 -0.0059033865884050565 0.00053511751193712149 0.0066163361873661621 -0.000550600435745968 0.00048554906593467682
leaf_weight=0.79451600945321854 0.37254191134707126 0.3276294831885006 1.2814546722111115 0.29404589108889922 3.1076343497197771 1.2697050041533657 1.0229733196592858 0.54216023255139578 3.5937578700213635 1.5371648792624892 0.24780742403709144 0.55127426679246117 0.30487315879508958 0.069643046737837611
leaf_count=261 164 119 1732 161 6451 19 2034 65 2436 2292 209 82 139 186
internal_value=0.000203076 -0.004246 -0.00989631 -0.0138089 -0.0168729 0.0192388 0.00152143 -0.00423347 0.00372624 -0.00198392 -0.0195274 0.00242056 -0.0206295 -0.0215992
internal_weight=15.3172 13.6749 6.18436 4.90291 4.05759 1.64225 7.49057 1.56513 5.92544 2.33168 3.72996 0.84532 3.48215 3.17728
internal_count=16350 16167 9079 7347 7104 183 7088 2099 4989 2553 6985 243 6776 6637
is_linear=0
shrinkage=0.03


Tree=203
num_leaves=15
num_cat=0
split_feature=54 49 54 55 54 55 52 22 18 52 14 52 54 26
split_gain=0.879596 0.514889 0.302547 0.249053 0.241505 0.183417 0.130678 0.105034 0.0749241 0.0965642 0.0574427 0.0550833 0.0403135 0.0346387
threshold=-0.61997034148718144 1.0000000180025095e-35 0.63494323498367855 -0.61622116297079621 -0.7561178343350029 -0.61622116297079621 0.95502634113867735 0.81666666666666676 0.63068181818181823 4.5822232970114634 1.0000000180025095e-35 1.5665898578755073 -0.71770250608154329 1.0000000180025095e-35
decision_type=2 2 2 2 2 2 2 2 2 2 2 2 2 2
left_child=1 -1 5 6 -5 11 -3 -7 13 -10 -9 -2 -8 -4
right_child=2 3 8 4 -6 7 12 10 9 -11 -12 -13 -14 -15
leaf_value=-0.0042287118318998385 -0.0029889669714458799 -0.0035685556048939329 -0.00021970535567180681 -0.0011994918965111743 0.018464847847865604 0.00098992327133559069 0.0064676451994999653 -0.013702488396262232 -0.004811179571083451 0.0034441163420559262 0.00034718436341852629 0.0027256659682259247 -0.0006284095997584325 0.0059230670794988569
leaf_weight=1.1853183979110324 1.2887137262223407 0.65123522044450544 0.94741043271915293 0.37826829119330829 2.3683268196982681 0.24800901663547881 1.6161031141782589 1.9594221943852974 1.0950636173001838 0.37750027709989797 0.17663745790923702 0.85457926034359832 0.49054350412188785 1.0193471352904451
leaf_count=3010 1073 1213 2301 180 384 116 518 4690 1398 277 140 508 302 336
internal_value=0.00203591 0.00882639 -0.00429314 0.0120154 0.0163923 -0.00816901 0.00259811 -0.0116953 0.00193659 -0.00193014 -0.0129346 -0.000494589 0.00531397 0.00434517
internal_weight=14.6565 6.6898 7.96668 5.50448 2.7466 4.52736 2.75788 2.38407 3.43932 1.47256 2.13606 2.14329 2.10665 1.96676
internal_count=16446 5607 10839 2597 564 6527 2033 4946 4312 1675 4830 1581 820 2637
is_linear=0
shrinkage=0.03


Tree=204
num_leaves=15
num_cat=0
split_feature=44 21 30 44 53 60 33 21 19 30 52 40 24 19
split_gain=0.99826 0.5767 0.275142 0.216853 0.231338 0.251962 0.246087 0.186393 0.177405 0.235593 0.124846 0.0961011 0.0856572 0.0554523
threshold=11.500000000000002 15.500000000000002 1.0000000180025095e-35 2.5000000000000004 0.11165176876591411 1.0000000180025095e-35 1.0000000180025095e-35 15.500000000000002 2.5000000000000004 1.0000000180025095e-35 3.6127552040097792 0.77500000000000013 1.0000000180025095e-35 4.5000000000000009
decision_type=2 2 2 2 2 2 2 2 2 2 2 2 2 2
left_child=1 3 10 4 6 8 12 -2 -6 -10 11 -3 -1 -5
right_child=7 2 -4 13 5 -7 -8 -9 9 -11 -12 -13 -14 -15
leaf_value=-0.01011759860855075 -0.00083843534677176387 0.00091343139722706822 0.0028396807236101638 0.0014664682713132044 0.0054516542166212758 0.0084019843466381378 0.0048388385971164889 0.017656850001443927 -0.0082618490182933321 0.0044686108405098245 0.0010065081821224833 -0.017963033176934387 0.0015712764481689515 -0.0058257957601851578
leaf_weight=0.98259459553628203 0.37775556964334178 0.061266677221282984 0.22791810415219504 0.31832946500799097 0.42470246541779522 4.2029810995300068 0.38195602572523046 1.0201509202161103 1.840658923794763 0.46877727820537973 0.14595115041447559 1.3096839940026248 0.10881381935905665 2.7055510434729513
leaf_count=4229 164 12 173 232 162 1400 113 19 2718 52 44 4484 51 2509
internal_value=0.000454608 -0.00288531 -0.0131068 0.000393466 0.00281445 0.00499457 -0.00441568 0.0151072 -0.00158008 -0.00480317 -0.0157551 -0.017078 -0.00868962 -0.00477994
internal_weight=14.5771 13.1792 1.74482 11.4344 8.41048 6.93712 1.47336 1.39791 2.73414 2.30944 1.5169 1.37095 1.09141 3.02388
internal_count=16362 16179 4713 11466 8725 4332 4393 183 2932 2770 4540 4496 4280 2741
is_linear=0
shrinkage=0.03


Tree=205
num_leaves=15
num_cat=0
split_feature=21 60 55 55 60 18 55 18 18 21 5 18 18 35
split_gain=0.378555 0.231863 0.203696 0.165957 0.144113 0.221783 0.134022 0.132032 0.14816 0.0888607 0.0768602 0.0685079 0.0646589 0.0662088
threshold=15.500000000000002 2.5000000000000004 2.271423557725051 -0.61622116297079621 1.0000000180025095e-35 0.63068181818181823 -0.65459379401234574 0.77350427350427364 0.87083333333333346 14.500000000000002 1.0000000180025095e-35 0.13809523809523813 0.44949494949494956 0.37565000000000009
decision_type=2 2 2 2 2 2 2 2 2 2 2 2 2 2
left_child=1 4 3 -2 7 10 12 -1 -9 -7 11 -6 -3 -14
right_child=2 6 -4 -5 5 9 -8 8 -10 -11 -12 -13 13 -15
leaf_value=-0.004533732748966411 0.00084291585724731845 -0.0025935502382570764 0.0025787693491712586 -0.015308800733084811 -0.0011200753451163364 -0.0037877017618198161 -0.0085763843805488106 0.0069551537503876127 -0.0038290878316792581 0.0032894906174468137 -0.0013491904957265426 0.011145758348179694 0.0057839756066100931 -0.0020704105622350501
leaf_weight=2.3433814851114207 0.45411110616805661 1.1385987435369322 0.24193677370567446 1.2204832780953445 0.077175361406262577 1.6721620019670811 1.3925150239865605 0.92045130796032004 0.29000116261613584 0.90483166719059216 0.092536052281502523 2.1552133693403448 0.64358250354416657 0.26735009059120785
leaf_count=3816 229 1445 365 4216 495 1200 961 288 1959 134 336 470 119 425
internal_value=-0.0024933 0.000145478 -0.0105838 -0.012854 0.00274121 0.00533323 -0.00489514 -0.00146712 0.00359562 -0.0009512 0.00951766 0.0103928 0.000606479 0.00364009
internal_weight=13.8143 11.8978 1.91653 1.67459 8.45575 4.90192 3.44205 3.55383 1.21045 2.57699 2.32492 2.23239 2.04953 0.910933
internal_count=16458 11648 4810 4445 8698 2635 2950 6063 2247 1334 1301 965 1989 544
is_linear=0
shrinkage=0.03


Tree=206
num_leaves=15
num_cat=0
split_feature=44 56 52 26 33 37 22 54 49 52 37 44 19 44
split_gain=0.808925 0.275831 0.327325 0.243373 0.262973 0.260547 0.407712 0.224214 0.196078 0.176209 0.134752 0.129548 0.108609 0.103343
threshold=11.500000000000002 1.0000000180025095e-35 1.4066094126709543 1.0000000180025095e-35 1.0000000180025095e-35 1.0000000180025095e-35 0.81666666666666676 -0.62293216066487767 1.0000000180025095e-35 6.2838202790140754 1.0000000180025095e-35 6.5000000000000009 9.5000000000000018 5.5000000000000009
decision_type=2 2 2 2 2 2 2 2 2 2 2 2 2 2
left_child=1 2 3 4 5 6 -1 8 -4 10 -9 -10 -2 -8
right_child=12 -3 7 -5 -6 -7 13 9 11 -11 -12 -13 -14 -15
leaf_value=0.0040408693963890499 -0.00026948739592963435 0.0072433393254756635 -0.0037086894986449129 0.0027835103766436367 0.0032284440207657784 0.0021746666035425827 -0.016864356643357049 -0.0077011423361664439 0.0098221208439218267 0.0047036600408562257 0.0026419312024806075 -0.0023460779242970458 0.016193597476322191 -0.0010703936254287567
leaf_weight=0.31299009337089589 0.33721642701857557 0.61817885009804818 0.38389291542989701 0.87871670952881675 0.45364137855358411 0.58389457708108228 3.2911201481192625 2.4676402880122632 2.2608950820977047 0.36498761631082732 0.41954981462913554 0.15728398306237057 0.96019331824936671 0.7077014064961985
leaf_count=124 145 229 931 300 111 205 8365 4096 740 206 101 71 31 757
internal_value=0.00099397 -0.0020943 -0.00351277 -0.00744156 -0.0094216 -0.0111902 -0.0131156 0.00137309 0.00582014 -0.00321572 -0.00573206 0.00832693 0.0143465 -0.015358
internal_weight=14.1979 12.9005 12.2823 6.22806 5.34935 4.89571 4.31181 6.05425 2.80207 3.25218 2.88719 2.41818 1.29741 3.99882
internal_count=16412 16236 16007 9862 9562 9451 9246 6145 1742 4403 4197 811 176 9122
is_linear=0
shrinkage=0.03


Tree=207
num_leaves=15
num_cat=0
split_feature=44 30 42 40 52 52 26 52 33 44 55 35 35 44
split_gain=0.707759 0.356673 0.194802 0.17886 0.183899 0.399433 0.274022 0.248159 0.170301 0.160209 0.133329 0.126714 0.121532 0.0942488
threshold=11.500000000000002 1.0000000180025095e-35 1.0000000180025095e-35 0.77500000000000013 1.1292754870689443 2.5242680868836214 1.0000000180025095e-35 5.2036832726553373 1.0000000180025095e-35 5.5000000000000009 -0.52434271947141931 0.62625000000000008 0.51715000000000011 6.5000000000000009
decision_type=2 2 2 2 2 2 2 2 2 2 2 2 2 2
left_child=1 3 -2 -1 6 10 8 -7 9 12 11 13 -5 -6
right_child=2 -3 -4 4 5 7 -8 -9 -10 -11 -12 -13 -14 -15
leaf_value=0.0046828694935475536 -0.0017369397822215964 0.0075464078444942798 0.015676485877836495 -0.014756164637696646 0.0082132037255321019 -0.010628814990212055 0.0026846313779716594 0.0036647261105552001 0.0021377323979778059 0.00028622241542544246 -0.0036845571532929714 -0.0029729233738348408 0.00084411776927844706 -0.0019797231017130061
leaf_weight=0.36332386877620138 0.26738921471405841 0.92946666682837609 0.92438877643144224 3.1857012938644407 3.4287643629068052 2.0133692322378924 0.88954586512409139 0.38081058191892214 0.26646459178300563 0.76053920824415389 0.25909742724070373 0.21432298208310374 0.26432187567479548 0.17084151639573963
leaf_count=149 158 295 28 8060 1408 3618 314 302 60 751 500 319 200 121
internal_value=0.000325618 -0.00241907 0.0131293 -0.00413459 -0.00504319 -0.00100969 -0.00831012 -0.00772211 -0.0106491 -0.0118861 0.00417965 0.00579761 -0.0136898 0.00719513
internal_weight=14.3183 13.1266 1.19178 12.1971 11.8338 6.46721 5.36657 2.39418 4.47703 4.21056 4.07303 3.81393 3.45002 3.59961
internal_count=16283 16097 186 15802 15653 6268 9385 3920 9071 9011 2348 1848 8260 1529
is_linear=0
shrinkage=0.03


Tree=208
num_leaves=15
num_cat=0
split_feature=30 19 59 25 33 10 48 23 55 35 36 22 55 35
split_gain=0.487913 0.29845 0.270047 0.21283 0.283924 0.244132 0.286401 0.207702 0.200123 0.172189 0.158766 0.125216 0.107132 0.0899612
threshold=1.0000000180025095e-35 5.5000000000000009 1.0000000180025095e-35 1.5000000000000002 1.0000000180025095e-35 1.0000000180025095e-35 1.0000000180025095e-35 0.77500000000000013 -0.57634492000470094 1.0000000180025095e-35 1.0000000180025095e-35 0.81666666666666676 -0.54943866764432625 1.0000000180025095e-35
decision_type=2 2 2 2 2 2 2 2 2 2 2 2 2 2
left_child=1 3 9 4 5 6 7 -1 11 -3 -5 -4 -7 -9
right_child=-2 2 8 10 -6 12 -8 13 -10 -11 -12 -13 -14 -15
leaf_value=0.0015074672470333692 0.0093815544394600329 -0.015473204133656529 0.0029584073474344871 0.0089720196461526361 0.0054422922865441396 -0.0030144292463702882 0.0035708986556891734 -0.014178354955473704 0.0055811032967340926 0.00013739178227667782 -0.0031500829209938838 -0.0070854311567581634 0.0068349372593278024 0.0011170162494611984
leaf_weight=0.57730752399220442 1.0386030554655015 1.6970356583460673 0.31970556301530462 1.295178027510701 1.1671590516925787 0.20601735062518856 0.53055675816722203 2.3544545523118345 0.89760215158457857 0.72584662032204494 0.22590109702286998 1.6653136061049736 0.48213437129743386 0.075732478173449524
leaf_count=144 299 6911 126 464 220 166 183 5387 181 729 484 1111 15 10
internal_value=-0.00181235 -0.00394942 -0.008181 0.000404487 -0.00256268 -0.00581148 -0.00839624 -0.0110904 -0.000601291 -0.0128492 0.00640503 -0.00479488 0.00383734 -0.0134126
internal_weight=13.2585 12.2199 5.3055 6.91444 5.39336 4.2262 3.53805 3.00749 2.88262 2.42288 1.52108 1.98502 0.688152 2.43019
internal_count=16430 16131 9058 7073 6125 5905 5724 5541 1418 7640 948 1237 181 5397
is_linear=0
shrinkage=0.03


Tree=209
num_leaves=15
num_cat=0
split_feature=25 30 10 40 53 53 26 55 20 19 53 25 19 35
split_gain=0.624442 0.313068 0.224602 0.219327 0.199378 0.116142 0.106822 0.180975 0.143778 0.0984573 0.0533126 0.0501718 0.0431152 0.0446005
threshold=11.500000000000002 1.0000000180025095e-35 1.0000000180025095e-35 0.77500000000000013 3.2468620983371328 0.95502634113867735 1.0000000180025095e-35 -0.54831580864593621 4.5000000000000009 9.5000000000000018 6.2838202790140754 10.500000000000002 1.5000000000000002 0.62625000000000008
decision_type=2 2 2 2 2 2 2 2 2 2 2 2 2 2
left_child=1 2 3 -1 5 6 7 8 -5 -2 -6 -7 -10 -14
right_child=9 -3 -4 4 10 11 -8 -9 12 -11 -12 -13 13 -15
leaf_value=0.0050815781661511074 -0.0003157913335066348 0.0076982836898684915 0.0048826148584838009 -0.0047796708505020331 0.0046680547849704945 -0.010013034388845186 0.0041623672724423267 -0.0091673270694906193 -0.0016250913967647057 0.01504027180077008 -0.0021901189407367073 0.00045266567475296459 0.0058266324797637001 -0.0014501601762892723
leaf_weight=0.40024120575980582 0.33902244138153104 0.95966549619333896 1.0525307141542732 0.74073536551804364 0.89795225164743964 4.7653843863881775 0.30766014975961287 0.84117069150125123 0.11384940907919405 0.89704400896880543 0.1514492677852104 0.26008575921150612 2.1087541438646444 0.099235542544192756
leaf_count=159 156 283 217 1980 500 6198 35 3831 1005 25 362 89 1397 218
internal_value=0.00142686 -0.00136727 -0.00312113 -0.00455489 -0.00569601 -0.0070125 -0.00194475 -0.00367309 0.000861412 0.0132363 0.00289102 -0.00949673 0.00404013 0.00496579
internal_weight=13.9348 12.6987 11.739 10.6865 10.2863 9.23688 4.21141 3.90375 3.06257 1.23607 1.0494 5.02547 2.32184 2.20799
internal_count=16455 16274 15991 15774 15615 14753 8466 8431 4600 181 862 6287 2620 1615
is_linear=0
shrinkage=0.03


Tree=210
num_leaves=15
num_cat=0
split_feature=44 21 55 20 26 21 39 18 7 46 56 40 56 48
split_gain=0.647365 0.534456 0.183869 0.13236 0.230149 0.103007 0.0897538 0.0948424 0.0722375 0.0644545 0.0653777 0.0608148 0.0556888 0.0480911
threshold=11.500000000000002 15.500000000000002 2.271423557725051 4.5000000000000009 1.0000000180025095e-35 15.500000000000002 1.0000000180025095e-35 0.85164835164835173 1.0000000180025095e-35 1.5000000000000002 1.0000000180025095e-35 0.77500000000000013 1.0000000180025095e-35 2.5000000000000004
decision_type=2 2 2 2 2 2 2 2 2 2 2 2 2 2
left_child=1 3 11 4 9 -2 7 8 13 10 -1 -3 -13 -5
right_child=5 2 -4 6 -6 -7 -8 -9 -10 -11 -12 12 -14 -15
leaf_value=-0.0096729035532327184 -0.00046460525162828249 0.00073215848389492696 0.0020821848366170972 0.0052555149945982078 0.0050529987090451164 0.01456531887683935 -0.003630174983744368 -0.0031474257848775906 -0.0024567015045196022 0.001065956583643684 0.001259298322692184 -0.01534442412462806 0.00064493791299608633 -0.0016435735171010319
leaf_weight=1.3758509612680421 0.33865850079018922 0.04919117933604833 0.20704158055559663 7.9584301102640822 0.38930270128184918 0.86852719664602773 0.24798504706996105 0.35451684551389995 0.16587065009662261 0.25948130456526985 0.087232402293011435 1.3922153312187209 0.042360711842775456 0.10332948446739454
leaf_count=4541 153 13 356 4357 97 22 158 2023 149 103 59 4390 3 11
internal_value=0.000536569 -0.00220021 -0.0120945 0.000961473 -0.00378032 0.0126885 0.00258423 0.00341595 0.00425893 -0.0074189 -0.00867026 -0.0141324 -0.0147717 0.00485797
internal_weight=13.84 12.6328 1.69081 10.942 2.11187 1.20719 8.83013 8.58215 8.22763 1.72256 1.46308 1.48377 1.43458 8.06176
internal_count=16435 16260 4762 11498 4800 175 6698 6540 4517 4703 4600 4406 4393 4368
is_linear=0
shrinkage=0.03


Tree=211
num_leaves=15
num_cat=0
split_feature=25 56 37 55 24 54 42 24 54 25 25 54 53 53
split_gain=0.510417 0.236427 0.235645 0.353981 0.230575 0.201136 0.195448 0.151237 0.0885324 0.0741948 0.0890767 0.120454 0.101269 0.0813185
threshold=11.500000000000002 1.0000000180025095e-35 1.0000000180025095e-35 -0.61422663671591682 1.0000000180025095e-35 -0.76850518320319916 1.0000000180025095e-35 1.0000000180025095e-35 -0.81013244253164418 2.5000000000000004 1.0000000180025095e-35 1.9177223553578659 0.11165176876591411 5.2036832726553373
decision_type=2 2 2 2 2 2 2 2 2 2 2 2 2 2
left_child=1 2 3 5 -4 8 -2 -7 -1 10 13 12 -12 -5
right_child=6 -3 4 9 -6 7 -8 -9 -10 -11 11 -13 -14 -15
leaf_value=-0.0036467463938512244 -0.002142471046179358 0.0065776609005434392 0.0087711556787496009 -0.0037010672786679873 -0.0046852764025994489 -0.013501224387933178 0.013906434150893163 0.0019104518974755349 0.0038440128469987836 -0.0039906580976755406 -0.0022349315080598736 -0.0028122836174230368 0.0082182656386339883 0.0033300439082571392
leaf_weight=1.0704319950400529 0.28091196070454383 0.54599454073468301 0.88945040723774649 2.149446012116639 0.31492016165429959 3.2235752256019601 0.83601144956628559 0.13536156021291379 0.64782272099728277 0.65850098954251723 0.15327017068557403 0.4090019795403349 1.9140941085242955 0.46870989000672114
leaf_count=2013 161 222 180 7705 181 2924 23 68 411 972 334 205 625 441
internal_value=7.43258e-05 -0.00228971 -0.00357203 -0.00503731 0.00452438 -0.00953259 0.0110853 -0.0123989 -0.000274006 0.000365563 0.0018949 0.00459745 0.0067254 -0.00154531
internal_weight=13.6975 12.5806 12.0346 10.8302 1.20437 5.07719 1.11692 3.35894 1.71825 5.75302 5.09452 2.47637 2.06736 2.61816
internal_count=16465 16281 16059 15698 361 5416 184 2992 2424 10282 9310 1164 959 8146
is_linear=0
shrinkage=0.03


Tree=212
num_leaves=13
num_cat=0
split_feature=30 23 37 33 52 56 18 35 22 58 18 18
split_gain=0.598582 0.40732 0.785406 0.441438 0.391997 0.22111 0.192485 0.15681 0.0311761 0.0583541 0.0116647 0.00124493
threshold=1.0000000180025095e-35 0.81666666666666676 1.0000000180025095e-35 1.0000000180025095e-35 5.2036832726553373 1.0000000180025095e-35 0.59411764705882364 0.44150000000000006 0.81666666666666676 2.5000000000000004 0.87083333333333346 0.68990384615384626
decision_type=2 2 2 2 2 2 2 2 2 2 2 2
left_child=1 7 3 4 5 -3 -5 8 -1 -10 -6 -2
right_child=11 2 -4 6 10 -7 -8 -9 9 -11 -12 -13
leaf_value=0.0083355749190190537 0.0090160711175129599 -0.016062223339350885 0.0082351517721268985 -0.005404480066958906 0.0041330515232715836 0.002220767682935134 0.0063641490152105892 -0.0039364793553324099 -0.003318869271076014 0.0034298212810161006 -0.00058693269441490912 0.00022723355731799465
leaf_weight=0.76198523477069091 0.91517553682206265 6.7026455531695301 0.73810459242668081 0.25042523111915205 0.3343907850794493 0.15702609601430584 1.043735990184359 0.27692527205363138 0.27025176125607409 0.3473954641376622 0.039817472781578545 0.12083526095375419
leaf_count=340 300 14592 155 27 135 41 199 185 225 17 174 10
internal_value=-0.003972 -0.00636163 -0.00859083 -0.0113349 -0.0137042 -0.0152369 0.00218824 0.0039863 0.00696502 0.000197306 0.00355947 0.00881596
internal_weight=11.9587 10.9227 9.26615 8.52804 7.23388 6.85967 1.29416 1.65656 1.37963 0.617647 0.374208 1.03601
internal_count=16400 16090 15323 15168 14942 14633 226 767 582 242 309 310
is_linear=0
shrinkage=0.03


Tree=213
num_leaves=15
num_cat=0
split_feature=25 54 52 52 40 31 35 49 53 18 54 49 24 18
split_gain=0.596195 0.168045 0.370796 0.395535 0.209967 0.186498 0.133173 0.124199 0.101406 0.0854183 0.0793355 0.0745131 0.0725683 0.0557862
threshold=11.500000000000002 0.63494323498367855 0.99541586762856193 2.5242680868836214 0.77500000000000013 1.0000000180025095e-35 0.62625000000000008 1.0000000180025095e-35 0.68221640227949176 0.26969696969696971 2.1247254831544713 1.5000000000000002 1.0000000180025095e-35 0.53137254901960795
decision_type=2 2 2 2 2 2 2 2 2 2 2 2 2 2
left_child=1 2 4 6 -1 -6 7 -4 13 -2 -10 -9 -5 -3
right_child=9 8 3 12 5 -7 -8 11 10 -11 -12 -13 -14 -15
leaf_value=0.0028926320683359996 0.013396628158250608 0.001953982159167515 -0.0017802794051117352 -0.0087140172847447947 -0.013882670333975226 0.0016610190662155926 -0.0032447487854380648 0.0097978298165602683 0.0057556270508690192 -0.00044480045568382035 -0.0022363340771267459 -0.00045935896652538489 0.0015572914740700394 -0.0054308562764349465
leaf_weight=0.21066646621329566 0.83226936827850362 0.21080589739358346 0.57588081743597364 1.3726019949936015 2.6416120918720485 0.35480301751886134 0.2360973073336935 2.4751474556924227 2.3931003540001261 0.32211875376378885 0.31907341273836198 0.54172117597772729 0.10692750039743248 0.41518327726316784
leaf_count=100 35 640 783 3458 5720 326 429 812 2161 145 496 220 29 1106
internal_value=-7.9277e-05 -0.00275017 -0.00469803 0.000647202 -0.0103958 -0.012114 0.00529055 0.00681121 0.00211724 0.0117012 0.0042653 0.00850713 -0.00750326 -0.00334984
internal_weight=13.008 11.8536 8.51546 5.30838 3.20708 2.99642 3.82885 3.59275 3.33816 1.15439 2.71217 3.01687 1.47953 0.625989
internal_count=16460 16280 11877 5731 6146 6046 2244 1815 4403 180 2657 1032 3487 1746
is_linear=0
shrinkage=0.03


Tree=214
num_leaves=15
num_cat=0
split_feature=44 21 21 53 33 30 55 5 44 44 48 30 22 55
split_gain=0.400684 0.30583 0.180365 0.155244 0.230823 0.151295 0.13987 0.121944 0.10967 0.14178 0.102628 0.134931 0.100876 0.0954877
threshold=11.500000000000002 15.500000000000002 15.500000000000002 0.11165176876591411 1.0000000180025095e-35 1.0000000180025095e-35 -0.61868004919256303 1.0000000180025095e-35 1.0000000180025095e-35 2.5000000000000004 1.0000000180025095e-35 1.0000000180025095e-35 0.81666666666666676 1.2696601098065659
decision_type=2 2 2 2 2 2 2 2 2 2 2 2 2 2
left_child=1 3 -2 4 12 6 -3 8 10 13 11 -5 -1 -10
right_child=2 5 -4 7 -6 -7 -8 -9 9 -11 -12 -13 -14 -15
leaf_value=0.0017889348276095092 -0.0021596897153295927 0.0012437317303304299 0.013128739662819616 -0.0065416958752320927 0.0045274193804413984 0.0023990796081838545 -0.013342534557170301 -0.0044539488067531861 0.0095041822609632527 -0.00018941304401647965 0.0040075375652195338 0.0033234487647850908 -0.010373421816398212 -0.00068264920473888049
leaf_weight=0.1244344275910404 0.26819797258212996 0.34193363672238763 0.80016151271411218 1.5874145462184941 0.35298222000710655 0.17300586245255534 1.0780520384278123 0.31323951871672839 2.8192376946790323 2.7931728009152721 0.48759154614526767 0.43094807816669334 1.018018321251474 0.69323176527541353
leaf_count=54 166 180 21 2647 114 158 4371 584 790 2130 187 47 4684 258
internal_value=0.000615188 -0.00158042 0.0103847 0.000830422 -0.00482165 -0.0091687 -0.0111569 0.00245702 0.00348117 0.00518401 -0.00120275 -0.00382958 -0.00875326 0.00797544
internal_weight=13.2816 12.2133 1.06836 10.6203 1.49543 1.59299 1.41999 9.12484 8.8116 6.30564 2.50595 2.01836 1.14245 3.51247
internal_count=16391 16204 187 11495 4852 4709 4551 6643 6059 3178 2881 2694 4738 1048
is_linear=0
shrinkage=0.03


Tree=215
num_leaves=15
num_cat=0
split_feature=60 37 24 1 31 6 23 20 60 49 47 60 26 48
split_gain=0.583804 0.189369 0.449796 0.43985 0.249357 0.331151 0.218599 0.0973948 0.0869298 0.0813461 0.0564976 0.0370237 0.0326453 0.0292352
threshold=11.500000000000002 1.0000000180025095e-35 1.0000000180025095e-35 1.0000000180025095e-35 1.0000000180025095e-35 1.0000000180025095e-35 0.81666666666666676 6.5000000000000009 6.5000000000000009 1.5000000000000002 1.0000000180025095e-35 4.5000000000000009 1.0000000180025095e-35 2.5000000000000004
decision_type=2 2 2 2 2 2 2 2 2 2 2 2 2 2
left_child=1 2 3 4 5 -1 -3 12 11 -2 -9 -7 -5 -12
right_child=9 6 -4 7 -6 8 -8 10 -10 -11 13 -13 -14 -15
leaf_value=-0.015836822596878793 -0.00054257849186169086 -0.004673670994619003 0.0075701326794081888 -0.00018400911925304139 0.00038732794639760208 -0.0015048899762943008 0.0084418927502494228 -0.0042034571355503052 -0.0039804323757510413 0.012601751141740305 0.0038138643481482166 0.0048534455949221676 0.0063570791545012172 -0.0015780991866308819
leaf_weight=3.7250986947274161 0.31183164734829982 0.3163222661241889 0.66842661838745776 0.76139742802297428 1.499810758929925 0.10492121119750641 0.76153525616973705 1.2457188005719215 0.58798927174939308 0.81182779633672908 0.28647321823518712 0.79290958715137094 0.83989316465886077 0.10482402850175276
leaf_count=7121 139 182 300 1678 775 2655 164 1931 695 39 142 235 221 18
internal_value=-0.000881168 -0.00344918 -0.00473348 -0.00668881 -0.0102432 -0.0125617 0.004057 0.00177552 2.47413e-05 0.0109422 -0.00226685 0.0035846 0.00487195 0.00225764
internal_weight=12.819 11.6953 10.6175 9.94904 6.71073 5.21092 1.07786 3.23831 1.48582 1.12366 1.63702 0.897831 1.60129 0.391297
internal_count=16295 16117 15771 15471 11481 10706 346 3990 3585 178 2091 2890 1899 160
is_linear=0
shrinkage=0.03


Tree=216
num_leaves=15
num_cat=0
split_feature=25 30 21 10 9 53 26 55 20 19 40 55 42 35
split_gain=0.391848 0.363374 0.176824 0.113792 0.0976597 0.112228 0.117331 0.185654 0.0746962 0.0648918 0.0626485 0.0595338 0.0576832 0.048566
threshold=11.500000000000002 1.0000000180025095e-35 15.500000000000002 1.0000000180025095e-35 1.0000000180025095e-35 3.438811922224569 1.0000000180025095e-35 -0.65792113762292925 7.5000000000000009 5.5000000000000009 0.77500000000000013 -0.61868004919256303 1.0000000180025095e-35 0.51715000000000011
decision_type=2 2 2 2 2 2 2 2 2 2 2 2 2 2
left_child=1 2 3 4 5 6 7 9 -6 -1 -10 -4 -2 -9
right_child=12 -3 11 -5 8 -7 -8 13 10 -11 -12 -13 -14 -15
leaf_value=0.0029687268797093094 -0.00018357725994325541 0.0086126497280936114 0.00046098979477030591 0.0046675037603123972 0.0053184265796705323 0.0029748150567768293 0.0021772875773560718 -0.010157448816301921 0.0026650860993658347 -0.003155715244314039 -0.0045723654116457541 -0.010653089768592668 0.012357216192715275 0.0001503372382100806
leaf_weight=1.6101760880828759 0.30926534334867095 0.98142729123355898 0.32345250167418271 0.83883537487418003 0.80971098532972952 0.67961998563259829 0.84852430950559199 2.7596267590251937 0.19197319087106735 0.76166946635203192 0.52472705103718909 0.843451443807681 0.7639870754283038 0.38714109804641328
leaf_count=2016 152 312 193 165 383 409 278 5768 80 1686 324 4402 27 229
internal_value=0.00142613 -0.000948494 -0.00306385 -0.000816634 -0.00213462 -0.00351626 -0.00475457 -0.00611605 0.00262053 0.000458064 -0.00209894 -0.00922682 0.0109758 -0.00932367
internal_weight=12.6336 11.5603 10.5789 9.412 8.57317 7.04676 6.36714 5.51861 1.52641 2.37185 0.7167 1.1669 1.07325 3.14677
internal_count=16424 16245 15933 11338 11173 10386 9977 9699 787 3702 404 4595 179 5997
is_linear=0
shrinkage=0.03


Tree=217
num_leaves=15
num_cat=0
split_feature=18 30 52 18 23 37 33 27 36 52 37 52 52 39
split_gain=0.270208 0.23065 0.298379 0.213725 0.181276 0.292537 0.158943 0.144013 0.142383 0.0959065 0.0933667 0.0893855 0.111551 0.0633711
threshold=0.26969696969696971 1.0000000180025095e-35 1.0680049290841331 0.13809523809523813 0.77500000000000013 1.0000000180025095e-35 1.0000000180025095e-35 1.0000000180025095e-35 1.0000000180025095e-35 0.62963017883289629 1.0000000180025095e-35 2.5242680868836214 3.438811922224569 1.0000000180025095e-35
decision_type=2 2 2 2 2 2 2 2 2 2 2 2 2 2
left_child=3 2 4 -1 10 6 -6 8 11 -5 -2 13 -13 -4
right_child=1 -3 7 9 5 -7 -8 -9 -10 -11 -12 12 -14 -15
leaf_value=-0.0032427202651284016 0.0047862548967995732 0.0070589458117144809 0.0078486848477684855 0.012507841045273421 -0.013174042978374025 0.0039835361252559959 0.0018376140704143365 -0.0050057248485769106 -0.0040888432178433579 -0.0010814934726265917 -0.0036288741495836001 -0.0044577421618470069 0.0040278018205083619 -0.0014878015021022419
leaf_weight=0.26465567577452098 0.78958396706730105 0.8289825241663501 3.2095681074533791 1.3397776959045584 2.7815424509599298 0.29778135684318829 0.21793931568390679 0.37518968720905821 0.2972715115702157 0.19774765218789969 0.22721201847889461 0.85019090550304077 0.74412320887495298 0.10079781842068758
leaf_count=2775 300 223 1434 1064 4840 76 61 640 547 844 91 3151 336 56
internal_value=0.00153942 -0.000762323 -0.00249483 0.00843014 -0.00704679 -0.00939414 -0.0117845 0.00195685 0.00370967 0.0111368 0.00174668 0.00522979 -0.000459791 0.00711113
internal_weight=12.5224 10.7202 9.8912 1.80218 4.31406 3.29726 2.99948 5.57714 5.20195 1.53753 1.0168 4.90468 1.59431 3.31037
internal_count=16438 11755 11532 4683 5368 4977 4901 6164 5524 1908 391 4977 3487 1490
is_linear=0
shrinkage=0.03


Tree=218
num_leaves=15
num_cat=0
split_feature=25 30 18 37 24 24 18 56 18 34 48 34 18 18
split_gain=0.377676 0.350748 0.230827 0.283066 0.510685 0.137823 0.117349 0.110049 0.0788482 0.0481987 0.0167094 0.0121755 0.0183273 0.00880136
threshold=11.500000000000002 1.0000000180025095e-35 0.77350427350427364 1.0000000180025095e-35 1.0000000180025095e-35 1.0000000180025095e-35 0.87867647058823539 1.0000000180025095e-35 0.26969696969696971 1.5000000000000002 2.5000000000000004 1.5000000000000002 0.85164835164835173 0.81534090909090928
decision_type=2 2 2 2 2 2 2 2 2 2 2 2 2 2
left_child=1 2 3 4 7 -5 10 9 -2 -1 11 12 -4 -13
right_child=8 -3 6 5 -6 -7 -8 -9 -10 -11 -12 13 -14 -15
leaf_value=-0.01108809586500774 0.011750772315249495 0.0079468408220380125 0.0066290623559489602 0.007343661051949937 0.0066379687151275953 -0.0034900585719213769 -0.0036793345745222217 0.001779871932709765 -0.00058961327019668816 0.0003750695685165071 -0.00058518882363385008 -0.0014062943910223753 -0.00039703315177821346 0.0013169736819228595
leaf_weight=6.3022921401343357 0.75047870281559947 0.94739507077611129 1.5378234281743073 0.72005920647643495 0.56568712249281805 0.23997126200265484 0.27739441787525709 0.12447966169565905 0.34111832637427142 0.21031308885540045 0.037819415680132695 0.10738260286780121 0.13066770997284027 0.16718106505322794
leaf_count=10913 34 315 1107 175 261 172 2473 39 157 268 6 70 272 154
internal_value=0.000624466 -0.00163894 -0.00364965 -0.00573245 -0.00765154 0.00410724 0.00303532 -0.0101245 0.0100077 -0.0107168 0.00535172 0.00570548 0.00616234 -4.81323e-05
internal_weight=12.4601 11.3685 10.4211 8.1628 7.20277 0.96003 2.25827 6.63708 1.0916 6.51261 1.98087 1.94305 1.66849 0.274564
internal_count=16416 16225 15910 11828 11481 347 4082 11220 191 11181 1609 1603 1379 224
is_linear=0
shrinkage=0.03


Tree=219
num_leaves=15
num_cat=0
split_feature=44 30 40 37 56 21 18 18 55 21 55 59 26 55
split_gain=0.340842 0.365399 0.19194 0.22342 0.259606 0.186631 0.113975 0.0621916 0.0619133 0.0725556 0.0435263 0.0431351 0.0456401 0.0169024
threshold=10.500000000000002 1.0000000180025095e-35 0.77500000000000013 1.0000000180025095e-35 1.0000000180025095e-35 13.500000000000002 0.81534090909090928 0.87867647058823539 -0.66922022776623979 12.500000000000002 -0.61622116297079621 1.5000000000000002 1.0000000180025095e-35 -0.76144725956454296
decision_type=2 2 2 2 2 2 2 2 2 2 2 2 2 2
left_child=1 2 -1 4 6 -2 8 -8 13 11 -5 12 -10 -4
right_child=5 -3 3 10 -6 -7 7 -9 9 -11 -12 -13 -14 -15
leaf_value=0.0047604932157203185 -0.0025415751024608453 0.007658821106265405 -0.0035912179181421143 0.0049914765754627832 0.0045690779134583293 0.011575051627454671 0.003269561062620426 -0.0034512989971063621 -0.0054136530785356745 -0.013287365915723846 -0.0014326934334578322 0.0018364161209186354 0.0012485081003468924 0.00019448664008649369
leaf_weight=0.37082876428029976 0.33508483342666362 0.92989289780962359 0.76467604436766157 0.71595118066761643 0.35151002818020138 0.94029008590223384 0.76845992421476672 0.25832319110122626 1.2189236147796707 2.9305896454397953 0.37444474217773016 0.31809933278964297 0.41949222831317445 1.4085059980534369
leaf_count=165 290 312 1658 251 143 110 1009 2449 2465 6215 102 60 132 1086
internal_value=-6.71415e-05 -0.00226399 -0.00432661 -0.00544472 -0.00698628 0.00857893 -0.00829488 0.000415458 -0.00937372 -0.0109862 0.00328591 -0.00256498 -0.00395925 -0.00222028
internal_weight=12.1051 10.8297 9.8998 9.52898 8.43858 1.27537 8.08707 1.02678 7.06029 4.8871 1.0904 1.95652 1.63842 2.17318
internal_count=16447 16047 15735 15570 15217 400 15074 3458 11616 8872 353 2657 2597 2744
is_linear=0
shrinkage=0.03


Tree=220
num_leaves=15
num_cat=0
split_feature=25 56 40 52 21 54 18 54 52 34 26 52 21 46
split_gain=0.322588 0.192295 0.154059 0.132701 0.105011 0.0739135 0.100042 0.0976792 0.0946914 0.0651018 0.0650411 0.0556863 0.0512555 0.04449
threshold=11.500000000000002 1.0000000180025095e-35 0.77500000000000013 5.2036832726553373 15.500000000000002 -0.80483263461672416 0.78174603174603186 -0.64716052635830568 0.68221640227949176 1.5000000000000002 1.0000000180025095e-35 0.95502634113867735 14.500000000000002 1.5000000000000002
decision_type=2 2 2 2 2 2 2 2 2 2 2 2 2 2
left_child=1 2 -1 5 -2 11 8 -8 10 13 -7 -4 -13 -10
right_child=4 -3 3 -5 -6 6 7 -9 9 -11 -12 12 -14 -15
leaf_value=0.0048434976150812433 -0.0014393292160836408 0.0062700535594047832 -0.0032004521099927036 0.0037620607378792679 0.011289661067026332 -0.0033240427320778898 0.0043158743389744621 -0.0036344178483889386 -0.010140864294533645 0.0010362504599582352 0.0027958859232621387 0.0044681812999882867 -0.0021733723673767638 0.00021364779155578703
leaf_weight=0.37874514015856675 0.22634483637375602 0.51329132850514803 0.3440399614601074 0.39644979192235119 0.70799716377223376 1.9398448998135811 0.81839278417464811 0.77279468649339811 3.9194387440347782 0.17118548165126402 0.73357699053303793 1.1649929432969655 0.14344492075542792 0.31178232350430324
leaf_count=175 161 223 1782 375 21 4937 383 2122 5064 221 278 457 64 196
internal_value=0.000343354 -0.00164424 -0.00291211 -0.00390491 0.00932677 -0.00476239 -0.0056859 0.00058096 -0.00691263 -0.00894733 -0.00116691 0.000542446 0.00286639 -0.0095542
internal_weight=12.5423 11.608 11.0947 10.7159 0.934342 10.3195 8.66702 1.59119 7.07583 4.40241 2.67342 1.65248 1.30844 4.23122
internal_count=16459 16277 16054 15879 182 15504 13201 2505 10696 5481 5215 2303 521 5260
is_linear=0
shrinkage=0.03


Tree=221
num_leaves=15
num_cat=0
split_feature=25 30 52 56 54 53 52 49 33 31 37 37 58 52
split_gain=0.432995 0.358378 0.28119 0.209893 0.175263 0.206534 0.168501 0.153209 0.137983 0.136446 0.157107 0.112391 0.089171 0.0797878
threshold=11.500000000000002 1.0000000180025095e-35 1.0680049290841331 1.0000000180025095e-35 -0.60059744261746772 3.438811922224569 2.5242680868836214 1.0000000180025095e-35 1.0000000180025095e-35 1.0000000180025095e-35 1.0000000180025095e-35 1.0000000180025095e-35 3.5000000000000004 3.438811922224569
decision_type=2 2 2 2 2 2 2 2 2 2 2 2 2 2
left_child=1 2 3 8 6 9 7 -4 11 10 -6 12 -1 -8
right_child=-2 -3 4 -5 5 -7 13 -9 -10 -11 -12 -13 -14 -15
leaf_value=-0.014418451285835781 0.0093221841030298735 0.0070236220398789762 -0.0025066014975820565 0.0031445173274142952 -0.011701217338678847 0.0042942889166192721 -0.0060050424084129314 0.0089444659025014646 0.0016486463817707699 0.0021628595797955558 0.0018116553019599537 0.00028804339444659706 -5.957198379047041e-05 0.0023684275726836776
leaf_weight=3.0133492191780507 1.0350950896172442 0.84638190249097611 0.45820899997124875 0.23128714616177593 1.4875052698753286 0.46602801774497482 0.53602852472613438 1.8487212418185661 0.25109205913031463 0.36677910734579189 0.38382969281519752 0.51791074562061101 0.44006025951784966 0.33571790651330957
leaf_count=8267 189 290 522 101 3520 406 949 648 71 240 114 197 772 107
internal_value=-0.0010484 -0.00327696 -0.00512233 -0.00944842 -0.000280928 -0.0044175 0.00358509 0.00656222 -0.0109272 -0.00740196 -0.00942553 -0.0120082 -0.0132816 -0.00337668
internal_weight=12.218 11.1829 10.3365 4.4537 5.88282 2.70414 3.17868 2.30693 4.22241 2.23811 1.87133 3.97132 3.45341 0.871746
internal_count=16393 16204 15914 9408 6506 4280 2226 1170 9307 3874 3634 9236 9039 1056
is_linear=0
shrinkage=0.03


Tree=222
num_leaves=15
num_cat=0
split_feature=25 30 33 58 53 25 35 21 23 19 52 21 53 35
split_gain=0.290861 0.299532 0.281886 0.270968 0.332674 0.285708 0.176908 0.142354 0.110235 0.139539 0.155906 0.088174 0.0768072 0.0648606
threshold=11.500000000000002 1.0000000180025095e-35 1.0000000180025095e-35 1.5000000000000002 3.438811922224569 1.5000000000000002 1.0000000180025095e-35 12.500000000000002 0.81666666666666676 7.5000000000000009 1.7580705148130871 15.500000000000002 0.62963017883289629 0.37565000000000009
decision_type=2 2 2 2 2 2 2 2 2 2 2 2 2 2
left_child=1 2 3 4 5 6 -1 13 -5 10 -10 -2 -11 -7
right_child=11 -3 -4 8 -6 7 -8 -9 9 12 -12 -13 -14 -15
leaf_value=-0.016761238282167298 -0.00096633573395367282 0.0074271859227564192 0.0052748864375716277 0.0050869369128366529 0.0037425987064709197 0.0055971345594269441 0.0017658121345414204 -0.0057277796832839725 -0.0087933438022248598 -0.0026521920043468101 0.0027712933859069711 0.010836138058853848 0.005365251487548634 -0.0019359731122114063
leaf_weight=2.3125142696480858 0.3391927576740279 0.90740733890561465 1.1676999374758459 1.042581819885527 0.65620337126165385 0.95071313707012473 0.12294514477252949 0.68757093412204984 1.1119284735814292 0.2151989625617714 0.44617276921053406 0.68653735557745676 0.93373278070430388 0.36648129801324103
leaf_count=10223 159 306 247 305 709 707 19 1200 538 1062 66 20 234 637
internal_value=0.000563473 -0.00146988 -0.00337833 -0.00528263 -0.00874425 -0.0111788 -0.0154515 -0.000863901 0.000827413 -0.00227747 -0.00578544 0.0088743 0.00313283 0.00359765
internal_weight=11.9469 10.9212 10.0137 8.84604 5.09643 4.44022 2.43546 2.00477 3.74961 2.70703 1.5581 1.02573 1.14893 1.31719
internal_count=16432 16253 15947 15700 13495 12786 10242 2544 2205 1900 604 179 1296 1344
is_linear=0
shrinkage=0.03


Tree=223
num_leaves=14
num_cat=0
split_feature=44 30 37 24 53 31 22 53 53 21 55 19 53
split_gain=0.395875 0.412081 0.297401 0.513886 0.212423 0.28056 0.138063 0.116006 0.0484671 0.0467055 0.00279824 0.00121254 0.00167233
threshold=11.500000000000002 1.0000000180025095e-35 1.0000000180025095e-35 1.0000000180025095e-35 3.9976927939054847 1.0000000180025095e-35 0.81666666666666676 0.99541586762856193 5.3997877885463827 15.500000000000002 -0.65599787805117471 2.5000000000000004 4.0775433490844391
decision_type=2 2 2 2 2 2 2 2 2 2 2 2 2
left_child=1 2 3 4 5 -1 -4 -7 11 10 -2 -6 -13
right_child=9 -3 6 -5 8 7 -8 -9 -10 -11 -12 12 -14
leaf_value=-0.012381477361456686 -0.00093396964811219595 0.0077953697867750495 -0.0032780787673952357 0.0070512583352975826 0.0045897922530288076 0.005298698646780833 0.0078375491866731345 -0.0038279983776925894 -0.0021659336598844328 0.010677980776018657 0.0006185687169939333 0.00062400326415436378 -0.0005904720763996714
leaf_weight=6.1154162627717543 0.092692949001502711 0.93785825351369645 0.22432102944003418 0.61204110502148967 0.34831228025723238 0.63682078768033512 0.73005208082031536 0.49694126711438003 0.15009602505961084 0.67602300275029847 0.20638697920367199 0.045521089657995617 0.039561899062391603
leaf_count=13824 93 310 177 295 168 162 170 568 380 21 58 15 87
internal_value=-0.000485568 -0.00279232 -0.00503114 -0.00684134 -0.00914035 -0.0103866 0.00477442 0.00140835 0.0023973 0.00940633 -0.000256498 0.00445894 3.45826e-05
internal_weight=11.312 10.3369 9.39908 8.44471 7.83267 7.24918 0.954373 1.13376 0.583491 0.975103 0.29908 0.433395 0.085083
internal_count=16328 16156 15846 15499 15204 14554 347 730 650 172 151 270 102
is_linear=0
shrinkage=0.03


Tree=224
num_leaves=15
num_cat=0
split_feature=52 52 18 37 23 23 52 20 20 53 53 53 18 10
split_gain=0.236927 0.295125 0.154556 0.15947 0.536507 0.188314 0.185198 0.143414 0.0890004 0.0529853 0.0433157 0.0339174 0.0279805 0.0148415
threshold=0.62963017883289629 0.057316312316024874 0.77350427350427364 1.0000000180025095e-35 0.81666666666666676 0.81666666666666676 3.438811922224569 6.5000000000000009 11.500000000000002 3.009344842060647 0.11165176876591411 0.057316312316024874 0.75735294117647067 1.0000000180025095e-35
decision_type=2 2 2 2 2 2 2 2 2 2 2 2 2 2
left_child=1 -1 3 4 12 -5 11 9 10 -3 -4 -6 -2 -13
right_child=2 7 8 5 6 -7 -8 -9 -10 -11 -12 13 -14 -15
leaf_value=-0.0054722257111218774 0.0069695845811691163 0.010652994409230322 -0.00071451035662136364 -0.0046853195090289634 7.9751873373901747e-07 0.0073770616066227233 0.0019907127510797339 -0.0013255342149093574 -0.0028660572843487498 -0.00090620868163156319 0.0067878392868892315 -0.012440157155722159 -0.00070251055023227819 -0.00055722538918494735
leaf_weight=0.44185751597888279 0.89449865321876021 2.4856144966106521 0.45074098607801694 0.31898643040767638 0.21847047810297127 0.63791738846339274 0.443452554023679 0.72829400380214782 0.29732567062092119 0.066558533144416177 0.94905280575767392 3.523388084076942 0.10623394130379893 0.2934166645281947
leaf_count=4492 399 1854 501 180 242 158 295 828 1133 172 196 5740 24 170
internal_value=0.000200703 0.00505628 -0.00258082 -0.00448476 -0.00620766 0.00290672 -0.0100519 0.00800991 0.00315985 0.0100858 0.00537286 -0.0115965 0.00622975 -0.0120323
internal_weight=11.8558 3.72232 8.13348 6.43636 5.47946 0.956904 4.47873 3.28047 1.69712 2.55217 1.39979 4.03528 1.00073 3.8168
internal_count=16384 7346 9038 7208 6870 338 6447 2854 1830 2026 697 6152 423 5910
is_linear=0
shrinkage=0.03


Tree=225
num_leaves=15
num_cat=0
split_feature=19 19 59 20 52 30 23 27 41 35 35 20 20 9
split_gain=0.195855 0.178074 0.228081 0.110552 0.109805 0.132479 0.181051 0.127296 0.0787128 0.081975 0.0476852 0.0408261 0.0389395 0.0332791
threshold=10.500000000000002 6.5000000000000009 1.0000000180025095e-35 3.5000000000000004 1.4066094126709543 1.0000000180025095e-35 0.81666666666666676 1.0000000180025095e-35 1.5000000000000002 0.62625000000000008 1.0000000180025095e-35 4.5000000000000009 11.500000000000002 1.0000000180025095e-35
decision_type=2 2 2 2 2 2 2 2 2 2 2 2 2 2
left_child=1 4 -3 -2 5 6 -1 8 9 11 -8 -6 -13 -4
right_child=3 2 13 -5 7 -7 10 -9 -10 -11 -12 12 -14 -15
leaf_value=0.0034394858679872493 -0.0016274799730117858 -0.010134924149506015 -0.00090646217205235708 0.0097840548229817907 -0.00070031656527886081 0.0046589196022116808 -0.0082329846066315701 -0.0031263629439552696 -0.002039597482176617 -0.0018841874480262199 0.00054266119446217331 0.0089859213929992521 -0.0003869448049854455 0.004087595825490343
leaf_weight=0.76045605271792638 0.36250951673355369 1.233375020681706 1.2828595851406133 0.90907001863342884 0.16921360308333655 0.35741471679648373 1.8024657930718606 0.46464087053027459 0.13979131733321981 0.13077012929716136 0.37770972514954326 2.945721844762375 0.25970120543934161 0.36745580763090391
leaf_count=304 1963 3430 898 1813 150 49 3835 550 1218 231 482 1377 41 38
internal_value=0.0011041 -0.000784479 -0.00533789 0.00752467 0.00174599 -0.00180025 -0.00415348 0.00424952 0.00596423 0.00690841 -0.0071804 0.00782348 0.00836963 0.00183585
internal_weight=11.5632 10.2916 2.88369 1.27158 7.40789 3.29805 2.94063 4.10984 3.6452 3.50541 2.18018 3.37464 3.20542 1.65032
internal_count=16379 12603 4366 3776 8237 4670 4621 3567 3017 1799 4317 1568 1418 936
is_linear=0
shrinkage=0.03


Tree=226
num_leaves=15
num_cat=0
split_feature=30 21 52 59 33 54 53 55 52 25 55 35 53 25
split_gain=0.32636 0.175207 0.172906 0.124543 0.142952 0.0898086 0.126367 0.0831382 0.0760581 0.0748728 0.0678314 0.0544584 0.0583763 0.0839104
threshold=1.0000000180025095e-35 15.500000000000002 1.4066094126709543 1.0000000180025095e-35 1.0000000180025095e-35 -0.52564601711346792 1.7580705148130871 -0.61622116297079621 2.5242680868836214 6.5000000000000009 -0.65560174430346652 0.62625000000000008 0.11165176876591411 1.0000000180025095e-35
decision_type=2 2 2 2 2 2 2 2 2 2 2 2 2 2
left_child=1 2 3 4 -1 8 -7 -3 9 11 -5 12 -4 -14
right_child=-2 7 5 10 -6 6 -8 -9 -10 -11 -12 -13 13 -15
leaf_value=-0.0090090797645661965 0.008291336271676315 0.00086842988621654209 -0.00086223393287650522 -0.0032160324615939611 0.0024482689315281042 -0.005487967159971267 0.0035246644703332743 -0.010752960305751243 -0.0013650961362476316 -0.0016743447568355215 0.0031151625414185119 -0.0011786170967628534 -0.00062643073824085157 0.011220918734261107
leaf_weight=2.0547306910848406 0.89360987819964144 0.34119831857242389 0.19451735266921 0.57499388937685614 0.35569888615282241 0.8820821431254442 0.86747759316313022 0.87227446303495415 0.61072443069497229 0.1578988257824675 1.8827075660865373 0.079823220392427063 0.40003276967399859 1.3675128575086999
leaf_count=6969 315 233 161 724 111 838 438 4398 543 122 779 161 399 284
internal_value=-0.000942396 -0.00290685 -0.000690853 -0.00392363 -0.00697483 0.00290436 -0.00152281 -0.00897854 0.00514762 0.00674477 0.000855598 0.00790216 0.00868006 0.00963044
internal_weight=11.5353 10.6417 9.4282 4.86813 2.41043 4.56007 1.74956 1.21347 2.81051 2.19979 2.4577 2.04189 1.96206 1.76755
internal_count=16475 16160 11529 8583 7080 2946 1276 4631 1670 1127 1503 1005 844 683
is_linear=0
shrinkage=0.03


Tree=227
num_leaves=15
num_cat=0
split_feature=25 55 33 23 38 19 25 25 55 35 19 42 55 25
split_gain=0.253216 0.139553 0.132087 0.159905 0.28812 0.107738 0.0896762 0.095138 0.10106 0.0712496 0.0708933 0.0704555 0.0677977 0.0671842
threshold=11.500000000000002 -0.58292235256828906 1.0000000180025095e-35 0.81666666666666676 0.3928571428571429 4.5000000000000009 1.0000000180025095e-35 2.5000000000000004 1.4322944679722078 0.44150000000000006 2.5000000000000004 1.0000000180025095e-35 1.8493631344838903 5.5000000000000009
decision_type=2 2 2 2 2 2 2 2 2 2 2 2 2 2
left_child=1 2 3 9 -5 -4 10 8 -8 -1 -3 -2 -12 -9
right_child=11 6 5 4 -6 -7 7 13 -10 -11 12 -13 -14 -15
leaf_value=0.0045597605796795573 -0.00080893441471543677 0.0026242035721646588 0.0053799252903756487 -0.0110287222880178 0.0033688550178328776 -0.003749952717906813 0.0082816453949268471 -0.0047628867181237723 -0.0013137182776845452 -0.0029648867157349473 -0.0059083481678902199 0.010019684193024027 0.0020139190173812968 0.002568167322184311
leaf_weight=0.75604716014095164 0.33054900463321324 0.53951412982587443 0.89285922027192988 2.8666792244539461 0.65165922247797414 0.18911915601347573 1.6186365644443874 0.41884553642375966 0.69551152556232398 0.19370614865329117 1.2965489906309811 0.64438940372201614 0.24482768294728874 0.39728846807884111
leaf_count=414 169 1789 182 5067 708 19 698 510 286 124 5586 22 496 298
internal_value=0.000441069 -0.00145378 -0.00414872 -0.00597972 -0.00810755 0.00238622 0.001771 0.00410564 0.00612569 0.00205537 -0.00203192 0.00827267 -0.00422329 -0.00190476
internal_weight=11.7362 10.7612 5.55007 4.46809 3.51834 1.08198 5.21117 3.13028 2.31415 0.949753 2.08089 0.974938 1.54138 0.816134
internal_count=16368 16177 6514 6313 5775 201 9663 1792 984 538 7871 191 6082 808
is_linear=0
shrinkage=0.03


Tree=228
num_leaves=15
num_cat=0
split_feature=60 20 26 37 60 46 33 52 7 52 52 22 7 22
split_gain=0.214388 0.0791847 0.242506 0.167227 0.116541 0.18286 0.0921208 0.122442 0.0998991 0.0696754 0.0948235 0.0661413 0.0615391 0.0692289
threshold=11.500000000000002 4.5000000000000009 1.0000000180025095e-35 1.0000000180025095e-35 1.5000000000000002 1.0000000180025095e-35 1.0000000180025095e-35 1.4066094126709543 1.0000000180025095e-35 1.6075917436324201 5.2036832726553373 0.81666666666666676 1.0000000180025095e-35 1.0000000180025095e-35
decision_type=2 2 2 2 2 2 2 2 2 2 2 2 2 2
left_child=1 2 3 11 6 12 7 -3 -8 -9 -11 -1 13 -6
right_child=-2 4 -4 -5 5 -7 8 9 -10 10 -12 -13 -14 -15
leaf_value=0.0010641269819590775 0.008311821827872724 -0.0065697961181295332 0.0050286302102096475 0.0025440745420489334 -0.0013681040994961246 -0.0038811563839910163 0.005501255985327946 0.0045003931683442796 -0.003389030721624703 -0.0042578741819030022 0.0036060511002890885 -0.011347291349872585 -0.0014060115369402579 0.0091941388046376804
leaf_weight=0.07653131926781509 0.96398738405696427 2.1099452727257795 0.38818519480992097 0.32754246491094807 0.10746716332505557 0.45330592130085268 1.1309766388440037 0.6817528996834884 0.16368391513242375 1.7289453864032114 0.37104661830380781 1.2755371060493408 0.091422445173520717 1.8990379713359289
leaf_count=67 192 3984 101 161 59 394 243 178 11 4118 360 5502 109 914
internal_value=0.00114331 -0.000694514 -0.00418606 -0.00789142 0.000757575 0.0045049 -0.00151085 -0.00322995 0.00300229 0.000991621 -0.00178714 -0.010429 0.00732675 0.00822788
internal_weight=11.7694 10.8054 2.0678 1.67961 8.73758 2.55123 6.18635 4.89169 1.29466 2.78174 2.09999 1.35207 2.09793 2.00651
internal_count=16393 16201 5831 5730 10370 1476 8894 8640 254 4656 4478 5569 1082 973
is_linear=0
shrinkage=0.03


Tree=229
num_leaves=15
num_cat=0
split_feature=25 56 52 37 10 22 22 55 19 55 19 55 52 55
split_gain=0.282291 0.211433 0.165588 0.208566 0.234171 0.273822 0.170629 0.139286 0.0668845 0.0494576 0.0320045 0.0123833 0.0112201 0.0103487
threshold=11.500000000000002 1.0000000180025095e-35 3.438811922224569 1.0000000180025095e-35 1.0000000180025095e-35 0.81666666666666676 0.81666666666666676 0.94434472028298722 10.500000000000002 -0.54831580864593621 7.5000000000000009 -0.68946740304483201 1.0343289473823132 1.7390752298892835
decision_type=2 2 2 2 2 2 2 2 2 2 2 2 2 2
left_child=1 2 3 4 5 -1 -5 -7 -2 11 12 -6 13 -9
right_child=8 -3 -4 6 9 7 -8 10 -10 -11 -12 -13 -14 -15
leaf_value=0.0042624132149318523 -0.00082799986173534307 0.0061042521590933532 0.0037601822028247799 -0.0042570612815294997 0.0010257138972666364 -0.011632897952781274 0.0073620173678824287 0.001340866569382115 0.0097202977798195658 0.0054455976585908936 0.0021668071212580949 -0.0025308841253758141 -0.003502999081594016 -0.001427382003084107
leaf_weight=0.33384420769288592 0.315058913452959 0.4964312690135565 0.82589479550733891 0.28672397813352291 0.073451354372082278 4.8689097174856215 0.71474565385142319 0.65895813136012271 0.62808499463426415 0.38857729746814573 0.29684505012664875 0.28039760226965882 0.58615448813179682 0.24669547357007104
leaf_count=161 145 232 601 162 11 11820 171 741 27 15 857 160 456 914
internal_value=-0.000351833 -0.00233902 -0.00375756 -0.00503644 -0.00660778 -0.00819467 0.00341542 -0.00965969 0.00802846 0.00341398 -0.000982951 -0.00154838 -0.0024918 0.000123351
internal_weight=11.0008 10.0576 9.5612 8.7353 7.73383 6.99141 1.00147 6.65756 0.943144 0.742426 1.78865 0.353849 1.49181 0.905654
internal_count=16473 16301 16069 15468 15135 14949 333 14788 172 186 2968 171 2111 1655
is_linear=0
shrinkage=0.03


Tree=230
num_leaves=15
num_cat=0
split_feature=30 10 40 53 55 55 6 55 55 34 25 60 55 53
split_gain=0.254572 0.11468 0.139824 0.134983 0.186798 0.0555155 0.039493 0.0390604 0.0373151 0.0357098 0.0439985 0.0300698 0.0246874 0.0173367
threshold=1.0000000180025095e-35 1.0000000180025095e-35 0.77500000000000013 3.438811922224569 -0.65459379401234574 -0.54943866764432625 1.0000000180025095e-35 -0.65309347779252425 -0.76144725956454296 1.5000000000000002 5.5000000000000009 1.0000000180025095e-35 -0.65459379401234574 7.4009078499915573
decision_type=2 2 2 2 2 2 2 2 2 2 2 2 2 2
left_child=1 2 -1 4 6 12 11 -5 -8 10 -6 -4 -3 -9
right_child=-2 5 3 7 9 -7 8 13 -10 -11 -12 -13 -14 -15
leaf_value=0.0040137416477821512 0.0072010515454126334 0.0015908446881131839 0.0012964656473939925 -0.0018185690187863838 -0.010110350115282409 0.0054675138780596799 -0.0016351866701855122 0.004833362708867737 0.0043086003321996811 0.00037480445941758699 -0.00056714042498048184 -0.0032956581693807997 -0.0030623448274172899 -0.00073156486355468531
leaf_weight=0.30407953768735296 0.82907816424267444 0.17717334721237421 0.73085802369223341 0.15662926910954411 3.8923986299191737 0.41832832237923934 0.19209582542680437 0.59697668433909701 0.6996055848776449 0.20785620130845917 0.73726485515362572 1.2901779735420857 0.42564880306599662 0.049426157216657884
leaf_count=162 296 56 1282 182 9313 32 419 283 285 654 606 2349 123 311
internal_value=-0.00106599 -0.00285544 -0.00397666 -0.00496756 -0.00610804 0.00306427 0.000151483 0.00254398 0.0027828 -0.00881886 -0.00922017 -0.00181616 -0.0015232 0.00417655
internal_weight=10.7076 9.87852 8.85737 8.55329 7.75026 1.02115 2.91274 0.803032 0.891701 4.83752 4.62966 2.02104 0.602822 0.646403
internal_count=16353 16057 15846 15684 14908 211 4335 776 704 10573 9919 3631 179 594
is_linear=0
shrinkage=0.03


Tree=231
num_leaves=15
num_cat=0
split_feature=58 36 13 10 47 35 35 27 14 21 21 21 12 21
split_gain=0.294267 0.129194 0.115134 0.110228 0.114061 0.0721926 0.0519375 0.0454576 0.0430337 0.0802213 0.0391201 0.0233441 0.0140038 0.0117806
threshold=1.0000000180025095e-35 1.0000000180025095e-35 1.0000000180025095e-35 1.0000000180025095e-35 1.0000000180025095e-35 0.51715000000000011 0.62625000000000008 2.5000000000000004 1.0000000180025095e-35 11.500000000000002 22.000000000000004 14.500000000000002 1.0000000180025095e-35 12.500000000000002
decision_type=2 2 2 2 2 2 2 2 2 2 2 2 2 2
left_child=3 2 7 4 5 8 -7 -2 9 -1 12 -5 -11 -10
right_child=1 -3 -4 11 -6 6 -8 -9 13 10 -12 -13 -14 -15
leaf_value=-0.0005242497513495355 0.0089685235904334807 -0.0029777972912584539 -0.0023975873243382339 -0.00082791203747534139 0.0030684566824601849 0.0040719069539289204 -0.0025610748013388911 -0.00015363715392335437 -0.0014956895740635143 -0.010348476150019143 0.00024663681008777957 0.0044866315713940064 0.00010710093956459143 0.0014441650344124172
leaf_weight=1.5201514102245712 3.9667587831136188 0.20637339634959051 0.17178747671459849 0.3015902471015578 0.47831905406201247 0.30409857217455272 0.18309182556913584 0.46325071086903324 0.45222772645502107 1.8427568307074582 0.25761559458987893 0.53951139335549669 0.076948286121478193 0.45575685720541514
leaf_count=3116 1328 315 1203 127 190 68 481 161 512 4447 3908 80 41 393
internal_value=0.0016102 0.00607467 0.00725977 -0.00238588 -0.00390419 -0.00523967 0.00152422 0.00826353 -0.00620004 -0.00716684 -0.00933312 0.00333967 -0.0100886 -4.16967e-05
internal_weight=11.2202 4.80817 4.6018 6.41207 5.57097 5.09265 0.48719 4.43001 4.60546 3.69747 2.17732 0.841102 1.91971 0.907985
internal_count=16370 3007 2692 13363 13156 12966 549 1489 12417 11512 8396 207 4488 905
is_linear=0
shrinkage=0.03


Tree=232
num_leaves=15
num_cat=0
split_feature=25 30 37 22 18 22 26 53 31 11 34 21 19 19
split_gain=0.302958 0.28004 0.201418 0.401573 0.210355 0.144392 0.138146 0.064654 0.168508 0.0623031 0.0524698 0.0523556 0.0358322 0.0294721
threshold=11.500000000000002 1.0000000180025095e-35 1.0000000180025095e-35 0.81666666666666676 0.77350427350427364 0.81666666666666676 1.0000000180025095e-35 0.11165176876591411 1.0000000180025095e-35 1.0000000180025095e-35 1.5000000000000002 15.500000000000002 6.5000000000000009 2.5000000000000004
decision_type=2 2 2 2 2 2 2 2 2 2 2 2 2 2
left_child=1 2 3 -1 6 -4 9 8 -6 10 13 -2 -8 -5
right_child=11 -3 5 4 7 -7 12 -9 -10 -11 -12 -13 -14 -15
leaf_value=0.0064574838293123575 -0.00060784427695170253 0.0063744487116941268 -0.003709078070243376 0.0003604701137676625 -0.0071256034803240213 0.0072485447322715377 -0.002238792875903479 0.003420195941866256 0.0043322060320867602 0.00051459985932618846 0.00035217074208845092 0.0094398776885824699 0.0029262130940541187 -0.012639587429196445
leaf_weight=0.54757102747680164 0.29039457197359375 0.77392221419722851 0.25462476057145977 0.04919677308498549 0.59694864418543125 0.6663486983743504 0.55392176540772187 0.99628460706298938 0.33459928049705923 0.20931406179261092 0.18859755671110168 0.61136208494281163 0.31723576269723708 4.7028436039686312
leaf_count=289 158 314 185 74 2655 167 260 1240 105 148 256 20 125 10440
internal_value=-0.000824733 -0.00279353 -0.00453159 -0.00597378 -0.0079561 0.00375374 -0.0100998 0.000472785 -0.00286226 -0.0114791 -0.0119891 0.0080154 0.000370242 -0.0124381
internal_weight=11.0932 10.1914 9.41749 8.49651 7.94894 0.920973 6.02111 1.92783 0.931548 5.14995 4.94064 0.901757 0.871158 4.75204
internal_count=16436 16258 15944 15592 15303 352 11303 4000 2760 10918 10770 178 385 10514
is_linear=0
shrinkage=0.03


Tree=233
num_leaves=15
num_cat=0
split_feature=30 18 59 35 24 55 33 18 53 53 35 10 25 11
split_gain=0.414419 0.178678 0.199849 0.146799 0.128908 0.0985252 0.12672 0.0805367 0.0703984 0.124903 0.0570881 0.0569786 0.0541557 0.049412
threshold=1.0000000180025095e-35 0.77350427350427364 1.0000000180025095e-35 0.51715000000000011 1.0000000180025095e-35 -0.54831580864593621 1.0000000180025095e-35 0.85164835164835173 1.5665898578755073 2.5100182450186588 0.62625000000000008 1.0000000180025095e-35 1.5000000000000002 1.0000000180025095e-35
decision_type=2 2 2 2 2 2 2 2 2 2 2 2 2 2
left_child=1 2 3 11 8 6 12 -7 -4 -10 -5 13 -3 -1
right_child=-2 5 4 10 -6 7 -8 -9 9 -11 -12 -13 -14 -15
leaf_value=-0.013153318171579281 0.007754361724186502 -0.0076453389978188933 -0.0057807008675530959 0.0040329720389391836 0.0050672525083300052 0.0072063791632184324 0.0034787061914794458 -0.0020588151195575105 0.0049158298325507298 -0.0042291715308016885 -0.0028299058347045756 4.9789808755739134e-06 0.0013766915270774539 0.00023303425701140596
leaf_weight=2.980703468856972 0.89932509002392258 0.59800716772406326 1.439240828739458 0.30083151109283779 0.48191187498741772 0.67822121492463328 0.45190730132162571 0.19760747296913905 0.90330975966207894 0.55608549970929744 0.20404329089615203 0.34406336554820871 0.09425889584235847 0.18881760602380371
leaf_count=9197 310 1674 1316 68 279 509 124 1738 181 126 508 189 40 144
internal_value=-0.00300232 -0.00520763 -0.00699986 -0.0102932 -0.000714183 0.00157358 -0.00268752 0.00513793 -0.00335178 0.00100077 0.00121441 -0.0117874 -0.00630677 -0.0125742
internal_weight=10.3183 9.41901 7.39901 4.01846 3.38055 2.02 1.14417 0.875829 2.89864 1.4594 0.504875 3.51358 0.692266 3.16952
internal_count=16403 16093 12008 10106 1902 4085 1838 2247 1623 307 576 9530 1714 9341
is_linear=0
shrinkage=0.03


Tree=234
num_leaves=15
num_cat=0
split_feature=53 33 37 53 19 21 22 25 30 54 53 54 25 53
split_gain=0.251478 0.300434 0.300638 0.265003 0.207194 0.148728 0.125199 0.120102 0.0921778 0.0826856 0.0507518 0.0430762 0.032583 0.0308274
threshold=0.62963017883289629 1.0000000180025095e-35 1.0000000180025095e-35 0.95502634113867735 5.5000000000000009 22.000000000000004 0.81666666666666676 1.0000000180025095e-35 1.0000000180025095e-35 1.9177223553578659 5.3997877885463827 -0.95808656564888772 10.500000000000002 1.4066094126709543
decision_type=2 2 2 2 2 2 2 2 2 2 2 2 2 2
left_child=1 2 5 7 9 6 -1 -2 11 10 13 -6 -13 -5
right_child=3 -3 -4 4 8 -7 -8 -9 -10 -11 -12 12 -14 -15
leaf_value=0.0014767734602980167 -0.00198175069114678 0.0048093871134774488 0.0040893372399587449 -3.431044706667194e-05 0.0011239393269475875 0.0018176179877195783 -0.014743013599791502 0.010850704980599313 0.0024971863679981682 -0.0025741899284161232 -0.001589776187902013 -0.0080105445988696115 0.00010553161680088653 0.0069060206702427247
leaf_weight=0.10169473377754967 0.13982121768822242 0.63592728076037008 0.31332846614532162 0.64757517489852157 0.088037678297041899 0.16171841072446103 1.7330279677530598 1.6270395406481837 0.18524865730432782 0.33962834080011806 0.10801660101060395 2.0021456799731832 0.44299599356600072 2.0866045119455521
leaf_count=54 966 170 128 500 22 719 6078 732 18 248 298 4139 178 2101
internal_value=0.000317852 -0.00523 -0.00894322 0.00309037 -0.000663313 -0.0120115 -0.0135427 0.00932218 -0.00508596 0.00361985 0.00511753 -0.00649759 -0.00715423 0.00594218
internal_weight=10.6128 2.9457 2.30977 7.66711 5.90025 1.99644 1.83472 1.76686 2.71843 3.18182 2.8422 2.53318 2.44514 2.73418
internal_count=16351 7149 6979 9202 7504 6851 6132 1698 4357 3147 2899 4339 4317 2601
is_linear=0
shrinkage=0.03


Tree=235
num_leaves=15
num_cat=0
split_feature=52 52 21 30 25 27 55 52 54 54 55 25 56 22
split_gain=0.259962 0.270155 0.133998 0.0997092 0.0944646 0.128435 0.0906535 0.0829564 0.0603568 0.0489695 0.0389304 0.0297668 0.0284593 0.0235505
threshold=0.62963017883289629 0.057316312316024874 15.500000000000002 1.0000000180025095e-35 2.5000000000000004 1.0000000180025095e-35 -0.61678136115431603 1.4066094126709543 1.9177223553578659 -0.83127297085864305 -0.8455984946031101 1.0000000180025095e-35 1.0000000180025095e-35 0.81666666666666676
decision_type=2 2 2 2 2 2 2 2 2 2 2 2 2 2
left_child=1 -1 4 13 5 7 -3 -2 11 -6 -9 -8 -11 -4
right_child=2 6 3 -5 9 -7 8 10 -10 12 -12 -13 -14 -15
leaf_value=-0.0049190365130138084 -0.0010701503773277968 -0.00068927618954059758 0.0001292156363084161 0.0019349006716887082 0.0016084057054012411 -0.0041060770781428313 0.00067702531941520874 -0.0010502668365894366 -0.00027558086249787232 -0.0056265668739273996 0.0068246879991860025 0.012010916642105652 0.00098981012426864251 -0.010034611136507762
leaf_weight=0.38891972326882784 1.3008943613731392 0.56753151355587794 0.16703287592099514 0.15342870948370546 0.32574835380910405 0.54612517322311749 0.4876283227913526 0.095869713477441443 0.37027116223362089 1.6215039296730536 2.4719838842047466 1.619619724624499 0.067999974795384222 0.82352636581435923
leaf_count=4485 1002 573 50 180 356 614 1296 97 612 1803 1422 390 56 3470
internal_value=0.000525933 0.00570209 -0.00252176 -0.00759745 -3.05247e-05 0.00223413 0.00847092 0.00422343 0.00993987 -0.00363339 0.00619956 0.010995 -0.00496807 -0.00938051
internal_weight=11.0081 3.43397 7.57411 1.14399 6.43013 4.41487 3.04505 3.86875 2.47752 2.01525 2.56785 2.10725 1.6895 0.990559
internal_count=16406 7356 9050 3700 5350 3135 2871 2521 2298 2215 1519 1686 1859 3520
is_linear=0
shrinkage=0.03


Tree=236
num_leaves=15
num_cat=0
split_feature=60 33 56 37 23 55 23 55 47 21 55 58 51 55
split_gain=0.300374 0.281591 0.309443 0.225685 0.366953 0.269696 0.173909 0.0834835 0.0370139 0.0346071 0.0381689 0.0337486 0.0332587 0.0174435
threshold=10.500000000000002 1.0000000180025095e-35 1.0000000180025095e-35 1.0000000180025095e-35 0.81666666666666676 0.92440438347645926 0.81666666666666676 -0.61622116297079621 1.0000000180025095e-35 22.000000000000004 1.0097277096158106 2.5000000000000004 1.0000000180025095e-35 -0.58087415257420127
decision_type=2 2 2 2 2 2 2 2 2 2 2 2 2 2
left_child=1 2 3 4 11 -6 -5 -2 9 10 -7 -1 -12 -3
right_child=7 13 -4 6 5 8 -8 -9 -10 -11 12 -13 -14 -15
leaf_value=-0.0010532626420793865 -0.0013954552446668923 0.0055623265273334671 0.0055504612440150725 -0.0046255991381347894 -0.014807483093556362 0.0013982966043054388 0.0069419373691720649 0.0085690586982251245 0.0021676704051822398 0.0016398696010287688 -0.0059985132821491552 0.0051641150759815391 0.00076625916856577119 -0.00050140954640096828
leaf_weight=0.3232066530181309 0.36651067632919876 0.94484979653498158 0.44223829920520064 0.32293809817929287 3.8089435779625074 0.17644975445182387 0.5885560939204878 0.83122526436818656 0.41396411188179616 0.17489541208851722 1.1147058559517971 0.4561975269461982 0.31102518854459038 0.14014109602430902
leaf_count=267 268 199 206 187 11358 271 161 120 174 699 2129 98 236 56
internal_value=-0.00191715 -0.00399012 -0.00592796 -0.00759727 -0.00920895 -0.0113858 0.00248141 0.00655419 -0.00120977 -0.00272774 -0.00385029 0.00368321 -0.00493698 0.00496181
internal_weight=10.4158 9.21811 8.13312 7.69088 6.77939 5.99998 0.911494 1.19774 2.19104 1.77708 1.60218 0.779404 1.42573 1.08499
internal_count=16429 16041 15786 15580 15232 14867 348 388 3509 3335 2636 365 2365 255
is_linear=0
shrinkage=0.03


Tree=237
num_leaves=15
num_cat=0
split_feature=58 20 36 5 18 55 55 35 55 18 35 18 21 55
split_gain=0.292492 0.160667 0.141436 0.154299 0.106978 0.0910008 0.0833058 0.0823862 0.0933301 0.065785 0.0423223 0.039366 0.0334319 0.0242186
threshold=1.0000000180025095e-35 8.5000000000000018 1.0000000180025095e-35 1.0000000180025095e-35 0.12916666666666668 1.477697169468871 1.3022852827973452 0.51715000000000011 -0.68596078185241627 0.65686274509803932 0.62625000000000008 0.82843137254901966 12.500000000000002 -0.73604331052589766
decision_type=2 2 2 2 2 2 2 2 2 2 2 2 2 2
left_child=6 2 3 4 -2 9 7 8 13 -6 -9 -10 -8 -1
right_child=1 -3 -4 -5 5 -7 12 10 11 -11 -12 -13 -14 -15
leaf_value=-0.0020601650678252308 -0.0018460155103511083 -0.0030935454247871547 -0.0029863405458981371 -0.0028395591637563121 0.011720655929426239 -0.0010011817384128876 0.0032404485770221795 0.0039274072078361233 -0.010010822872406481 -0.00086063334293065444 -0.0021837157388632194 2.1973443430893185e-05 -0.0016552226479000967 0.0018759436095442162
leaf_weight=0.91984929151567485 0.12981428191415068 0.70141192821756693 0.20449140994423931 0.18579762652370835 3.3554423758578205 0.27377207694371453 0.74871640496257874 0.29188668529968698 1.5807742049510127 0.12200567774925719 0.15515259945641446 0.38065434119107511 0.64760235968969937 0.73350414334436187
leaf_count=1856 1119 285 319 159 974 99 1148 69 6132 109 480 1559 1399 739
internal_value=0.000460617 0.00481703 0.00668835 0.00799894 0.00930702 0.0102007 -0.00373579 -0.00534274 -0.00653305 0.0111262 0.00175515 -0.00903568 0.00133224 -0.00024292
internal_weight=10.4309 4.97274 4.27132 4.06683 3.88103 3.75122 5.45814 4.06182 3.61478 3.47745 0.447039 1.96143 1.39632 1.65335
internal_count=16446 3064 2779 2460 2301 1182 13382 10835 10286 1083 549 7691 2547 2595
is_linear=0
shrinkage=0.03


Tree=238
num_leaves=15
num_cat=0
split_feature=42 58 56 40 55 31 52 18 52 52 52 52 54 35
split_gain=0.1362 0.134802 0.13053 0.102085 0.131565 0.189593 0.139084 0.0709271 0.0700094 0.0434647 0.0674502 0.102016 0.0514173 0.0466493
threshold=1.0000000180025095e-35 1.0000000180025095e-35 1.0000000180025095e-35 0.77500000000000013 -0.5749525973707178 1.0000000180025095e-35 1.6444966750710746 0.59411764705882364 2.5242680868836214 0.4074831712993664 2.054090377967555 4.5822232970114634 1.9177223553578659 0.37565000000000009
decision_type=2 2 2 2 2 2 2 2 2 2 2 2 2 2
left_child=2 -2 3 -1 5 6 -5 -7 -8 -6 12 -12 13 -11
right_child=1 -3 -4 4 9 7 8 -9 -10 10 11 -13 -14 -15
leaf_value=0.0041416943297305558 -0.0027414233299472889 0.0091171270375053036 0.0055277118274903734 -0.010132848020546585 -0.0025656501054336692 -0.0027539761697079421 0.0028713547046344133 0.0049786414155494566 -0.003852704869512369 0.006774676959447533 -0.0049484363729663337 0.0036146074947991224 -0.0013340485687009054 -0.0012167299552041
leaf_weight=0.31529844875330582 0.1981810015713571 0.64838581722142408 0.44358794833533544 2.7821075692791029 0.50360447680486986 0.13924854338983994 1.2299404792356652 0.84999458375386894 0.45137076449827862 1.4957948881756244 0.87411156052985439 0.38157184383453568 0.37565690995688772 0.15185833530267689
leaf_count=172 3133 101 265 4914 3411 18 820 188 614 841 1011 401 374 272
internal_value=0.000525325 0.0063654 -0.000948294 -0.00215413 -0.00306808 -0.00541133 -0.00752334 0.00277584 -4.62073e-05 0.00101306 0.00232648 -0.00172434 0.00444793 0.00577485
internal_weight=10.8407 0.846567 9.99415 9.55056 9.23526 5.45266 4.46342 0.989243 1.68131 3.7826 3.27899 1.25568 2.02331 1.64765
internal_count=16535 3234 13301 13036 12864 6554 6348 206 1434 6310 2899 1412 1487 1113
is_linear=0
shrinkage=0.03


Tree=239
num_leaves=15
num_cat=0
split_feature=58 30 53 10 52 31 53 55 36 55 55 53 55 53
split_gain=0.283673 0.210145 0.173176 0.151938 0.126097 0.14914 0.142487 0.0804577 0.084657 0.0661497 0.060118 0.0511885 0.0180852 0.0135856
threshold=1.0000000180025095e-35 1.0000000180025095e-35 0.62963017883289629 1.0000000180025095e-35 6.2838202790140754 1.0000000180025095e-35 0.99541586762856193 1.4504127307638661 1.0000000180025095e-35 -0.54831580864593621 -0.65683667544064961 3.438811922224569 -0.66922022776623979 2.9796786852789263
decision_type=2 2 2 2 2 2 2 2 2 2 2 2 2 2
left_child=1 3 -2 4 5 11 -7 8 10 12 -4 -1 -5 -12
right_child=2 -3 7 9 -6 6 -8 -9 -10 -11 13 -13 -14 -15
leaf_value=-0.011288101702391891 -0.0038179986704205632 0.0050027803758656434 -0.00029792767967028915 0.0010754907147756741 0.0025091368775377594 0.0056503096998940586 -0.0046317806838333531 -0.0013647163965258935 -0.0018147690276963382 0.0050815968689309036 0.0097570704346397179 0.00021850557643291092 -0.0033512630249533763 0.00015225913641719551
leaf_weight=2.9950898216570754 0.46050254377041699 0.46819854213390488 0.50758825829143495 0.12838175686920295 0.17885983793530602 0.46016497770324338 0.42951795897533884 0.42062833318050241 0.11615625373087812 0.37294155576455512 2.9324246969517853 0.29349141247803334 0.36179292465385515 0.20210672616667569
leaf_count=11472 1516 218 368 35 122 154 589 120 130 26 826 519 167 73
internal_value=0.000177427 -0.00377046 0.00469563 -0.00572513 -0.00751428 -0.0086167 0.00091626 0.00656596 0.00761928 0.00224664 0.00845679 -0.0105669 -0.00225925 0.00943831
internal_weight=10.3278 5.68844 4.63941 5.22024 4.35712 4.17826 0.889683 4.1789 3.75828 0.863116 3.64212 3.28858 0.490175 3.13453
internal_count=16335 13302 3033 13084 12856 12734 743 1517 1397 228 1267 11991 202 899
is_linear=0
shrinkage=0.03


Tree=240
num_leaves=15
num_cat=0
split_feature=58 30 37 33 52 52 55 44 19 55 44 21 58 19
split_gain=0.268645 0.177133 0.205736 0.270418 0.230222 0.14967 0.137935 0.0888438 0.0675455 0.0604306 0.0580359 0.0324679 0.0384 0.0260338
threshold=1.0000000180025095e-35 1.0000000180025095e-35 1.0000000180025095e-35 1.0000000180025095e-35 5.2036832726553373 0.62963017883289629 -0.61622116297079621 1.5000000000000002 4.5000000000000009 1.477697169468871 2.5000000000000004 14.500000000000002 1.5000000000000002 3.5000000000000004
decision_type=2 2 2 2 2 2 2 2 2 2 2 2 2 2
left_child=1 2 3 4 7 6 -2 -1 -5 -8 -9 12 -7 -14
right_child=5 -3 -4 8 -6 11 9 10 -10 -11 -12 -13 13 -15
leaf_value=-0.014788738203144879 -0.0021165711376073884 0.0041123978987416343 0.003362823980692679 0.0045780193585362962 0.0027646609586351469 -0.0024702838861891132 0.01079271510063998 0.0028254967516989039 -0.0028216655534568369 -0.00062075304279955333 -0.0038128449444794774 -0.0032449158634733663 -0.0012073477282695485 0.0037574195717014953
leaf_weight=2.0987380746601056 0.35836523793932462 0.5022184025729074 0.65292164720449353 0.89883205608930417 0.29036845696828084 0.16341823069524286 1.5001680092627792 0.26847441436621 0.14785548922372982 0.23805043080938038 0.69281903640330711 0.7296769082549871 0.24819244203536062 1.2997247345592766
leaf_count=10373 910 228 292 217 318 266 573 249 35 76 1666 375 182 630
internal_value=-0.000400447 -0.00419995 -0.00595873 -0.0079615 -0.0108666 0.00411125 0.0076638 -0.0127416 0.00236663 0.00973379 -0.00130272 -0.00101727 0.00116935 0.00272952
internal_weight=10.0898 5.55223 5.05001 4.39709 3.3504 4.5376 2.09658 3.06003 1.04669 1.73822 0.961293 2.44101 1.71134 1.54792
internal_count=16390 13378 13150 12858 12606 3012 1559 12288 252 649 1915 1453 1078 812
is_linear=0
shrinkage=0.03


Tree=241
num_leaves=15
num_cat=0
split_feature=36 44 53 39 5 18 54 7 54 18 18 55 55 55
split_gain=0.151929 0.145087 0.216621 0.20861 0.195518 0.23442 0.162523 0.102979 0.0909722 0.0856204 0.0829281 0.0654787 0.0519406 0.0311015
threshold=1.0000000180025095e-35 1.0000000180025095e-35 0.11165176876591411 1.0000000180025095e-35 1.0000000180025095e-35 0.59411764705882364 -0.64377223135984529 1.0000000180025095e-35 2.1247254831544713 0.77350427350427364 0.88562091503267981 1.8493631344838903 -0.79191296923547039 -0.65510331795940735
decision_type=2 2 2 2 2 2 2 2 2 2 2 2 2 2
left_child=1 9 -3 4 5 7 13 8 12 11 -11 -1 -4 -7
right_child=-2 2 3 -5 -6 6 -8 -9 -10 10 -12 -13 -14 -15
leaf_value=-0.0056198534322247111 -0.005566230254389311 -0.0045402861469923733 -0.00052886456995020724 -0.0041748497393774859 -0.0035332516257190337 -0.00096331996488459217 -0.0049852757242527818 -0.0014651410615759601 -0.0011576112581711596 0.0051850266617177281 -0.0029899549994634967 0.0020407059982939543 0.013452269798660252 0.0058504711541197555
leaf_weight=1.910980051898149 0.43111453754318141 0.52529234852954676 0.095573577380490771 0.28660832408058912 0.24348171686597186 0.13570912143040914 0.98563137923702004 0.095432520778558572 0.10449962448183203 0.81135010804518948 0.22000779586778663 0.21663178910603154 3.9208880296191646 0.86567477455901076
leaf_count=6042 1193 1927 225 178 599 120 435 130 104 900 2481 502 1454 148
internal_value=0.00162439 0.00277053 0.00474362 0.00634176 0.00768709 0.00888153 -4.41481e-05 0.0117487 0.0124335 -0.00184464 0.00261902 -0.00422899 0.0130544 0.00490046
internal_weight=10.8489 10.4178 7.25879 6.7335 6.44689 6.20341 1.98702 4.21639 4.12096 3.15897 1.03136 2.12761 4.01646 1.00138
internal_count=16438 15245 5320 3393 3215 2616 703 1913 1783 9925 3381 6544 1679 268
is_linear=0
shrinkage=0.03


Tree=242
num_leaves=15
num_cat=0
split_feature=44 56 37 40 54 10 52 54 54 21 21 54 44 54
split_gain=0.144684 0.116483 0.135875 0.117388 0.114619 0.13734 0.117497 0.135656 0.069479 0.0626271 0.051409 0.0604483 0.0330874 0.0313491
threshold=11.500000000000002 1.0000000180025095e-35 1.0000000180025095e-35 0.77500000000000013 1.7526589090428428 1.0000000180025095e-35 5.3997877885463827 -0.76850518320319916 -0.62293216066487767 15.500000000000002 12.500000000000002 -0.87369970142365816 1.5000000000000002 -0.65060519653594373
decision_type=2 2 2 2 2 2 2 2 2 2 2 2 2 2
left_child=1 2 3 -1 5 6 7 10 13 -2 11 -5 -6 -7
right_child=9 -3 -4 4 12 8 -8 -9 -10 -11 -12 -13 -14 -15
leaf_value=0.0036954475670228251 -0.0011187179865925615 0.0050493138502130403 0.0039960342377968333 -0.0023094293173602913 -0.0011993490355974344 -0.00098635725323939103 0.002451240770136249 -0.01010184869488062 -0.0026923423331779678 0.0081662594545874757 -0.0031502415351919275 0.0048234762498943684 0.0040886933122741709 0.0058225939474253058
leaf_weight=0.27696859528077311 0.30610283514397529 0.39584946390823539 0.8725284021857086 0.26225980879098643 0.71713783872473846 0.14461331115307985 0.18014405854046334 4.1675857521636344 0.3739193767614778 0.53836950497498037 0.57486574553422543 0.71091486882596278 0.28499003313481808 0.42113672323466744
leaf_count=160 165 216 351 1133 1251 96 144 11215 110 21 959 625 12 19
internal_value=0.000375722 -0.00119082 -0.00233478 -0.00367107 -0.00462976 -0.00584344 -0.00724691 -0.00810873 0.00190176 0.00638048 -7.32643e-05 0.00264078 0.0020265 0.00466996
internal_weight=10.2274 9.38291 8.98706 8.11454 7.83757 6.83544 5.89577 5.71563 0.939669 0.844472 1.54804 0.973175 1.00213 0.56575
internal_count=16477 16291 16075 15724 15564 14301 14076 13932 225 186 2717 1758 1263 115
is_linear=0
shrinkage=0.03


Tree=243
num_leaves=15
num_cat=0
split_feature=30 18 9 37 33 19 18 21 35 25 57 52 54 19
split_gain=0.195818 0.120606 0.177879 0.261326 0.0873337 0.0782635 0.074689 0.0631708 0.0529206 0.0528313 0.0507722 0.0557977 0.0371525 0.0332459
threshold=1.0000000180025095e-35 0.77350427350427364 1.0000000180025095e-35 1.0000000180025095e-35 1.0000000180025095e-35 1.5000000000000002 0.63961038961038974 15.500000000000002 0.65070000000000017 1.0000000180025095e-35 1.0000000180025095e-35 0.62963017883289629 -0.71770250608154329 8.5000000000000018
decision_type=2 2 2 2 2 2 2 2 2 2 2 2 2 2
left_child=1 2 3 4 10 -3 9 12 13 -4 11 -1 -7 -5
right_child=-2 5 6 8 -6 7 -8 -9 -10 -11 -12 -13 -14 -15
leaf_value=-0.0021428731656596787 0.0067702652138982274 -0.0029317234731092755 -0.0015843085855300845 0.0063535855069558767 0.00063812662524417613 -0.00053548541754505023 -0.0023936272142157577 -0.001743166395909057 -0.0019130834058379831 0.0064267503407357913 0.00086997159460440541 -0.011991827190884539 0.0073063582144092714 -0.0010096803558841609
leaf_weight=1.7850247510259558 0.7817364210495733 0.21528775032948022 0.11002900038329233 0.67545188195072103 0.62825551100831933 0.34873010749288358 0.44727911188783753 0.24952180311265681 0.13117123881966108 1.0078158783962861 0.10055731542888668 2.2415963121957247 1.0743087614355316 0.088620804781385232
leaf_count=5009 320 2401 377 227 102 287 367 765 95 176 110 5625 661 31
internal_value=-0.000412844 -0.00213803 -0.00374664 -0.00583713 -0.00821128 0.0027749 0.00284132 0.00470598 0.00373466 0.00512775 -0.00932695 -0.0097858 0.00619458 0.00538693
internal_weight=9.88539 9.10365 7.2158 5.65068 4.75543 1.88785 1.56512 1.67256 0.895244 1.11784 4.12718 4.02662 1.42304 0.764073
internal_count=16553 16233 12119 11199 10846 4114 920 1713 353 553 10744 10634 948 258
is_linear=0
shrinkage=0.03


Tree=244
num_leaves=15
num_cat=0
split_feature=54 30 53 55 54 33 44 35 35 44 53 44 53 52
split_gain=0.172756 0.2551 0.209155 0.195262 0.178352 0.137836 0.162069 0.0721774 0.0692221 0.0573057 0.0447935 0.0647931 0.0515065 0.0437328
threshold=-0.62293216066487767 1.0000000180025095e-35 3.438811922224569 -0.61622116297079621 -0.72817777264030059 1.0000000180025095e-35 1.5000000000000002 1.0000000180025095e-35 0.37565000000000009 1.0000000180025095e-35 1.4066094126709543 5.5000000000000009 3.3300921486066026 0.11165176876591411
decision_type=2 2 2 2 2 2 2 2 2 2 2 2 2 2
left_child=3 2 5 10 -5 6 7 13 -8 -6 -1 12 -12 -2
right_child=1 -3 -4 4 9 -7 8 -9 -10 -11 11 -13 -14 -15
leaf_value=-0.0035520419458526962 -0.00073600087751837914 0.0059810164145043731 0.0039807976679423164 -0.0019966369519569273 -0.00078919705602930354 0.0024294986752892642 0.0025076990604430715 0.0010430565712587 -0.0040386157853287983 0.011925282882041394 0.0053716790888574673 -0.0029896929435916145 -0.0018254931520547591 -0.013676336879952454
leaf_weight=1.2811436974343453 0.50567474366198517 0.68797595615615126 0.58215253265007039 0.55758233799588186 0.092166696762433165 0.34890954861475609 1.2981341108579725 0.070939200115390011 0.63591399933375203 1.3217687254827977 0.95351528610899527 0.26500081885387761 0.14713878693873994 1.6854059864672306
leaf_count=3147 3345 307 574 625 473 75 1250 14 892 341 568 242 145 4446
internal_value=0.000480604 -0.00261022 -0.0051179 0.0039851 0.00827274 -0.00714364 -0.00846692 -0.0117519 -0.000603632 0.0111197 -0.00139465 0.00153732 0.00385265 -0.0124662
internal_weight=10.4334 5.81511 5.12713 4.61832 1.97152 4.54498 4.19607 2.26202 1.93405 1.41394 2.6468 1.36565 1.10065 2.19108
internal_count=16444 10903 10596 5541 1439 10022 9947 7805 2142 814 4102 955 713 7791
is_linear=0
shrinkage=0.03


Tree=245
num_leaves=15
num_cat=0
split_feature=30 37 22 22 48 20 9 59 11 51 20 48 9 59
split_gain=0.277158 0.170057 0.42936 0.1482 0.147284 0.108628 0.162086 0.0719631 0.0702185 0.0388951 0.0366238 0.0332709 0.0159997 0.0144305
threshold=1.0000000180025095e-35 1.0000000180025095e-35 0.81666666666666676 0.81666666666666676 1.0000000180025095e-35 10.500000000000002 1.0000000180025095e-35 1.5000000000000002 1.0000000180025095e-35 1.5000000000000002 11.500000000000002 2.5000000000000004 1.0000000180025095e-35 1.0000000180025095e-35
decision_type=2 2 2 2 2 2 2 2 2 2 2 2 2 2
left_child=1 2 -1 -3 5 6 7 8 9 -4 12 -6 -7 -8
right_child=-2 3 4 -5 11 10 13 -9 -10 -11 -12 -13 -14 -15
leaf_value=0.006756523445736861 0.0065280654843782367 -0.0039415011316212053 -0.013745735762865557 0.0069998275421233888 0.0039207672574494735 0.0032766798799422508 -0.0020010636253733494 0.0006778754557931132 0.00046018158771694796 0.00022489779792285761 -0.0026791035753699903 -0.0017405469464140447 -0.0010074376767028577 0.0012024211088492416
leaf_weight=0.57952370308339496 0.73624575920985158 0.26752085768384859 3.9479064164179354 0.64838026271900151 0.29549952456727613 0.5778753065078488 0.14099827884092508 0.17256723732680246 0.21071725137880992 0.11925919455097744 0.45262669100520725 0.11405581649160013 0.061811131632566685 1.1148804467848092
leaf_count=341 304 169 10342 169 174 690 497 264 158 93 2952 20 19 244
internal_value=-0.00256291 -0.00440802 -0.00580141 0.00329256 -0.00805925 -0.00903908 -0.0102942 -0.0122149 -0.0127853 -0.013397 -6.50371e-05 0.00220809 0.00241306 -0.000165509
internal_weight=9.43987 8.70362 7.78772 0.915901 7.2082 6.79864 5.70633 4.45045 4.27788 4.06717 1.09231 0.409555 0.639686 1.25588
internal_count=16436 16132 15794 338 15453 15259 11598 10857 10593 10435 3661 194 709 741
is_linear=0
shrinkage=0.03


Tree=246
num_leaves=15
num_cat=0
split_feature=58 53 18 18 33 55 53 55 55 18 35 53 56 48
split_gain=0.175045 0.128883 0.162927 0.120451 0.101274 0.164485 0.0855153 0.0823281 0.0792359 0.0788259 0.0748147 0.0729478 0.0679845 0.0581053
threshold=1.0000000180025095e-35 0.62963017883289629 0.67708333333333337 0.54356060606060608 1.0000000180025095e-35 -0.54831580864593621 0.58819978801451722 -0.65683667544064961 1.6231691602110228 0.59411764705882364 0.37565000000000009 0.11165176876591411 1.0000000180025095e-35 2.5000000000000004
decision_type=2 2 2 2 2 2 2 2 2 2 2 2 2 2
left_child=3 -2 7 6 5 9 -1 -3 10 -5 -9 -7 -11 -13
right_child=1 2 -4 4 -6 11 -8 8 -10 12 -12 13 -14 -15
leaf_value=0.0014966040205844407 -0.0032199482192499375 -0.0010904142418977061 -0.0028190615089179892 0.0015229686460491592 0.0050922001482274206 -0.002704646344189742 -0.0082046091061780367 0.011002997472179319 -0.0012112970602803741 -0.0094187762150818692 -0.00098929381254579218 0.006155240391876227 0.001361031049066555 -0.0017972382863365147
leaf_weight=0.37642658473760082 0.39551910695809045 0.36342721456458171 0.53156798035342934 0.28493736993004881 0.91238373264786776 0.19718326410929909 1.2852545027217273 2.4661778838126347 0.18336350062600093 0.90222866162093851 0.17701851625861298 1.3860010653606876 0.093316997983492911 0.11768905411008734
leaf_count=1796 1520 324 308 271 221 1084 4628 703 63 2372 108 2974 53 18
internal_value=0.000722645 0.0044001 0.00605241 -0.00244601 0.000834277 -0.00199011 -0.00638987 0.00804738 0.00918727 -0.00640347 0.0101197 0.00299742 -0.00817426 0.0048622
internal_weight=9.6725 4.11707 3.72156 5.55542 3.89374 2.98136 1.66168 3.18999 2.82656 1.28048 2.6432 1.70087 0.995546 1.50369
internal_count=16443 3026 1506 13417 6993 6772 6424 1198 874 2696 811 4076 2425 2992
is_linear=0
shrinkage=0.03


Tree=247
num_leaves=15
num_cat=0
split_feature=55 37 33 40 44 44 55 49 19 19 21 55 19 18
split_gain=0.144283 0.178246 0.150062 0.133439 0.0519818 0.0932724 0.103818 0.0700796 0.0586417 0.0459238 0.043763 0.0436485 0.0228456 0.0187923
threshold=-0.61422663671591682 1.0000000180025095e-35 1.0000000180025095e-35 0.77500000000000013 1.0000000180025095e-35 2.5000000000000004 1.5284937952052198 1.0000000180025095e-35 2.5000000000000004 1.5000000000000002 14.500000000000002 1.8493631344838903 8.5000000000000018 0.38675213675213682
decision_type=2 2 2 2 2 2 2 2 2 2 2 2 2 2
left_child=1 2 3 -1 8 6 7 -6 9 -2 -4 -10 -3 -7
right_child=4 12 10 -5 5 13 -8 -9 11 -11 -12 -13 -14 -15
leaf_value=0.0022646664674190503 -0.0020261878675643941 0.0043980347728378531 0.0038514529689537402 -0.010257786067781252 -0.001457714482541011 0.0008146340646651895 -0.0020135358697338612 0.0087109633668758617 -0.0050230916293002859 0.0045485985806422817 -0.0021648206277329655 0.0015615582986051573 -0.0010167226356036587 -0.0035250886371893738
leaf_weight=0.16098687102203335 0.1440161202008311 0.53791514399927098 0.52882680890616018 2.982528071888737 0.12455409056201538 0.47096161824174476 0.45803095051815024 1.4815842030593556 1.1555633885709538 0.36269755114517466 0.24097184240235947 0.20850384254663357 0.10961611173115671 0.35718637675563514
leaf_count=101 1529 260 147 5341 405 840 264 593 5718 369 19 494 16 259
internal_value=-0.00197144 -0.00492475 -0.00698888 -0.00898525 0.00147655 0.00326742 0.00548246 0.00755128 -0.00154987 0.00255425 0.00176488 -0.0036866 0.00340579 -0.00222632
internal_weight=9.32394 4.56084 3.91331 3.14351 4.7631 2.89232 2.06417 1.60614 1.87078 0.506714 0.769799 1.36407 0.647531 0.828148
internal_count=16355 5884 5608 5442 10471 2361 1262 998 8110 1898 166 6212 276 1099
is_linear=0
shrinkage=0.03


Tree=248
num_leaves=15
num_cat=0
split_feature=54 30 53 56 49 33 25 25 35 35 58 25 58 58
split_gain=0.154429 0.298097 0.21305 0.188932 0.143557 0.107529 0.127179 0.103008 0.0983101 0.0892736 0.0764274 0.0509696 0.0520357 0.0372288
threshold=-0.61997034148718144 1.0000000180025095e-35 3.438811922224569 1.0000000180025095e-35 1.0000000180025095e-35 1.0000000180025095e-35 1.5000000000000002 1.0000000180025095e-35 1.0000000180025095e-35 0.37565000000000009 2.5000000000000004 2.5000000000000004 2.5000000000000004 3.5000000000000004
decision_type=2 2 2 2 2 2 2 2 2 2 2 2 2 2
left_child=4 2 3 5 -1 6 8 -6 13 10 -9 -8 -13 -2
right_child=1 -3 -4 -5 7 -7 11 9 -10 -11 -12 12 -14 -15
leaf_value=-0.0028202384300236253 -0.014088019048668866 0.0069920361951118365 0.0043525421980714456 0.0035794523048338026 -0.0015038981030498742 0.0016052516166002214 0.0026177709631454932 0.010667880334070689 0.0012758075780739313 -0.0015580882171570562 0.00027772640803956704 -0.0050747601428819287 0.001655505420777929 0.00030339690831930773
leaf_weight=0.73580257154299022 1.8267482819705949 0.76668053228058841 0.50363755516627851 0.26373029313981522 0.59417034079797337 0.29021537864173286 0.38601522282715439 2.2032872217105259 0.08722926303744305 0.22748246594710497 0.87985982367172244 0.92863059835326545 0.41878615360928961 0.082300841022515558
leaf_count=3014 7663 312 586 100 526 65 428 1057 16 361 652 1363 290 14
internal_value=0.00142237 -0.00174837 -0.00479601 -0.00691462 0.00460084 -0.00856356 -0.00963895 0.00648083 -0.0126659 0.00794056 0.00897869 -0.00123526 -0.00324363 -0.0136298
internal_weight=10.1946 5.55397 4.78729 4.28366 4.6406 4.01993 3.72971 3.9048 1.99628 3.31063 3.08315 1.73343 1.34742 1.90905
internal_count=16447 10837 10525 9939 5610 9839 9774 2596 7693 2070 1709 2081 1653 7677
is_linear=0
shrinkage=0.03


Tree=249
num_leaves=15
num_cat=0
split_feature=25 30 10 56 33 53 3 21 24 25 20 53 21 25
split_gain=0.112473 0.144374 0.122394 0.116819 0.144814 0.240068 0.152049 0.0907397 0.0864542 0.0691371 0.0526285 0.0510344 0.0438709 0.034584
threshold=11.500000000000002 1.0000000180025095e-35 1.0000000180025095e-35 1.0000000180025095e-35 1.0000000180025095e-35 1.4066094126709543 1.0000000180025095e-35 14.500000000000002 1.0000000180025095e-35 5.5000000000000009 4.5000000000000009 2.8636420052419664 15.500000000000002 1.0000000180025095e-35
decision_type=2 2 2 2 2 2 2 2 2 2 2 2 2 2
left_child=1 2 3 4 5 6 8 10 9 -1 -7 -6 -2 -12
right_child=12 -3 -4 -5 11 7 -8 -9 -10 -11 13 -13 -14 -15
leaf_value=-0.013710317591013467 -0.00078042711726668105 0.0058458371920751886 0.0039419008159634061 0.0037989726577067899 0.0051306079734991725 -0.0018989232525937734 0.00125856526314579 -0.0040327540832057231 0.00122065370147328 4.8877933691103084e-05 -0.00063860670855608252 -0.0019750455034068456 0.0077663248068290886 0.0054532849352942701
leaf_weight=2.080729969576621 0.26368090376490805 0.67000502345035862 0.84390473162420665 0.28571076501975756 0.48076178535120551 0.46490290615838681 0.5392494272400653 0.84839084682880628 0.083834593417122849 0.34205604326598393 0.60176115953072473 0.13479628588538617 0.51328782532800687 1.5033756861994332
leaf_count=7916 161 294 223 170 160 780 890 3655 38 483 1066 47 22 616
internal_value=0.00111078 -0.000441624 -0.00199942 -0.00337656 -0.00443914 -0.00576755 -0.00992776 0.000235471 -0.0118248 -0.0126241 0.0027927 0.00325418 0.00639272 0.00424916
internal_weight=9.65645 8.87948 8.20947 7.36557 7.07986 6.4643 3.04587 3.41843 2.50662 2.42279 2.57004 0.615558 0.776969 2.10514
internal_count=16521 16338 16044 15821 15651 15444 9327 6117 8437 8399 2462 207 183 1682
is_linear=0
shrinkage=0.03


Tree=250
num_leaves=15
num_cat=0
split_feature=30 60 52 26 40 33 27 18 56 20 21 20 60 21
split_gain=0.132845 0.164204 0.180009 0.12918 0.125079 0.118474 0.0995277 0.0828555 0.0771203 0.0588167 0.0559672 0.0422493 0.0322397 0.0279189
threshold=1.0000000180025095e-35 11.500000000000002 1.4066094126709543 1.0000000180025095e-35 0.77500000000000013 1.0000000180025095e-35 1.0000000180025095e-35 0.48529411764705888 1.0000000180025095e-35 6.5000000000000009 15.500000000000002 12.500000000000002 10.500000000000002 10.500000000000002
decision_type=2 2 2 2 2 2 2 2 2 2 2 2 2 2
left_child=1 2 3 4 -1 8 7 -4 12 -5 -3 13 -6 -9
right_child=-2 10 6 9 5 -7 -8 11 -10 -11 -12 -13 -14 -15
leaf_value=0.0025403279285292546 0.0069509771911082366 -0.0010756726358216752 -0.0017423579837841832 0.0046060775694404896 -0.0110368693626235 0.001729705860942868 -0.0039519902276677022 -0.00034606891420845302 0.0013199852874397529 -0.0024502767144252134 0.0076932984860170134 -0.0012877321254501446 0.00015358947584909598 0.0068812610546408418
leaf_weight=0.18241590110119199 0.71735888477997001 0.30056020775737202 0.91675429370298012 0.4740364581302855 2.7989896224389672 0.31487615115474898 0.28838023175376282 0.33416242495877746 0.091595790436258429 0.23318160074995831 0.50865402270574123 0.08831229107636307 0.18635170570996695 2.279126190770512
leaf_count=108 304 164 1528 122 9133 119 654 370 73 189 21 2100 129 1359
internal_value=0.0011216 -0.000522764 -0.00221573 -0.00547602 -0.00723347 -0.00850643 0.00200164 0.00371404 -0.00982268 0.00218811 0.00598928 0.00551914 -0.010557 0.00620772
internal_weight=9.71476 8.9974 8.18818 4.28145 3.57423 3.39181 3.90674 3.61836 3.07694 0.707218 0.809214 2.7016 2.98534 2.61329
internal_count=16373 16069 15884 9873 9562 9454 6011 5357 9335 311 185 3829 9262 1729
is_linear=0
shrinkage=0.03


Tree=251
num_leaves=15
num_cat=0
split_feature=30 25 24 38 31 48 54 26 3 35 42 52 54 48
split_gain=0.206163 0.264798 0.216722 0.199967 0.150779 0.168481 0.119943 0.150154 0.0709783 0.0533222 0.0520929 0.0291875 0.0282597 0.0251633
threshold=1.0000000180025095e-35 11.500000000000002 1.0000000180025095e-35 0.3928571428571429 1.0000000180025095e-35 1.0000000180025095e-35 -0.80483263461672416 1.0000000180025095e-35 1.0000000180025095e-35 0.62625000000000008 1.0000000180025095e-35 1.9758354613039071 -0.81013244253164418 2.5000000000000004
decision_type=2 2 2 2 2 2 2 2 2 2 2 2 2 2
left_child=1 2 3 4 5 6 12 -8 -4 -5 -3 -6 -1 -7
right_child=-2 10 8 9 11 13 7 -9 -10 -11 -12 -13 -14 -15
leaf_value=-0.0022070038573148796 0.0064509577462627228 -0.0010169377565070097 0.0063263543001996474 0.0050851047859259207 0.0028153461322592234 0.0035876564624364119 -0.014238464529861756 8.9671762144879246e-05 -0.0021841216461431908 -0.0020687438901248298 0.0075994489149830173 -0.00185018008711456 0.0023605371913855444 -0.0014544582307749548
leaf_weight=0.81830871283818851 0.74014774811803441 0.28467513503710495 0.52223415888147418 0.51179472797957704 0.64816204837279634 0.26700390689074982 3.131788653263357 0.72654648988827819 0.15316581883962499 0.14536804243471124 0.49881233471387532 0.40567258982991916 0.17239627423168524 0.09407637978438288
leaf_count=2020 319 161 301 368 524 170 11161 378 185 515 25 257 47 17
internal_value=-0.00106951 -0.00284872 -0.00481799 -0.00644423 -0.00796522 -0.00954614 -0.0107922 -0.0124309 0.00420639 0.00313662 0.00598753 0.000983866 -0.00036513 0.00215473
internal_weight=9.12015 8.38001 7.59652 6.92112 6.26396 5.21012 4.84904 3.85834 0.6754 0.657163 0.783487 1.05383 0.990705 0.36108
internal_count=16448 16129 15943 15457 14574 13793 13606 11539 486 883 186 781 2067 187
is_linear=0
shrinkage=0.03


Tree=252
num_leaves=15
num_cat=0
split_feature=21 52 60 55 54 37 39 55 52 54 55 60 40 48
split_gain=0.139664 0.0756029 0.0980148 0.0579461 0.0527602 0.0527292 0.0795578 0.0490603 0.045861 0.0655332 0.0415095 0.0398549 0.0301627 0.0279522
threshold=15.500000000000002 0.057316312316024874 2.5000000000000004 2.396616099697257 1.9177223553578659 1.0000000180025095e-35 1.0000000180025095e-35 -0.65637714639020561 0.62963017883289629 -0.76850518320319916 -0.6469712707979336 1.0000000180025095e-35 0.77500000000000013 1.0000000180025095e-35
decision_type=2 2 2 2 2 2 2 2 2 2 2 2 2 2
left_child=1 -1 4 10 7 8 -7 -3 -4 -10 -2 13 -12 -9
right_child=3 2 5 -5 -6 6 -8 11 9 -11 12 -13 -14 -15
leaf_value=-0.0040410111508463985 0.0006441508785117627 -0.00033474136333201345 0.0012114107235845085 0.0014359771376473167 -0.001534567351293375 0.0051249157832555054 -0.0030355461057716133 -0.0015292826304822635 0.0011528624081949029 -0.007093053312926003 0.00063339872051106311 0.0073843490888469629 -0.0091875386746470399 0.0028729139747724476
leaf_weight=0.30922052331379557 0.21106835046975903 1.1443464567091708 0.57868317538122971 0.12827621892938623 0.4557972946713561 0.42515793311758887 0.20847179477277678 1.0718944535747157 0.54906131311327044 0.85397301166267403 0.042441421537660062 2.3223162887807121 0.71770328141792628 0.31342865456826974
leaf_count=3855 89 1362 290 342 405 153 136 2180 551 1401 14 1191 4385 182
internal_value=-0.000700473 0.00110016 0.00207483 -0.00619293 0.00397451 -0.00183215 0.00217373 0.00478889 -0.00356148 -0.00508507 -0.00748888 0.00593345 -0.00857757 0.000575569
internal_weight=9.33184 8.23235 7.92313 1.09949 5.30778 2.61535 0.63363 4.85199 1.98172 1.40303 0.971213 3.70764 0.760145 1.38532
internal_count=16536 11706 7851 4830 5320 2531 289 4915 2242 1952 4488 3553 4399 2362
is_linear=0
shrinkage=0.03


Tree=253
num_leaves=15
num_cat=0
split_feature=30 59 20 20 55 52 53 40 52 35 52 52 52 25
split_gain=0.216485 0.159685 0.157117 0.128918 0.120819 0.105987 0.0839765 0.0812192 0.0638342 0.0394635 0.0361011 0.0339392 0.0445827 0.0231875
threshold=1.0000000180025095e-35 1.0000000180025095e-35 8.5000000000000018 7.5000000000000009 -0.69766702060585761 6.2838202790140754 0.62963017883289629 0.77500000000000013 1.4066094126709543 0.37565000000000009 1.6444966750710746 2.054090377967555 3.6127552040097792 7.5000000000000009
decision_type=2 2 2 2 2 2 2 2 2 2 2 2 2 2
left_child=1 2 4 6 10 -6 -3 -5 -4 13 -1 -10 -13 -8
right_child=-2 3 8 7 5 -7 9 -9 11 -11 -12 12 -14 -15
leaf_value=-0.0027599104068914159 0.0066740106024328486 -0.0021825598595168441 -0.0027883042329633926 0.002515853316046624 -0.01207339832375005 0.0015688897062661241 0.0079682091713717158 -0.0061999914144482884 0.005367784345699466 -0.00080611946292416124 0.002123766056704376 -0.0032959424612109722 0.0026009101202323164 6.9619202755769245e-05
leaf_weight=0.62772944270000042 0.68114124340354543 0.32013608221768741 0.60052455244112923 0.18023977504344657 1.7842188300974151 0.10839247997500923 1.3240260151069376 0.60593486007928721 0.4796070162210524 0.22372080632703717 0.85566391562315403 0.36496981165601028 0.31000762093026424 0.41142724970995903
leaf_count=1659 306 984 2327 92 6322 93 256 289 112 104 749 2755 203 192
internal_value=-0.00112849 -0.00295877 -0.00551047 0.00180168 -0.00810417 -0.0108874 0.00462645 -0.0038302 0.00113772 0.00627955 -0.000340913 0.00365288 -0.000667924 0.00713552
internal_weight=8.87774 8.1966 5.13111 3.06548 3.376 1.89261 2.27931 0.786175 1.75511 1.95917 1.48339 1.15458 0.674977 1.73545
internal_count=16443 16137 14220 1917 8823 6415 1536 381 5397 552 2408 3070 2958 448
is_linear=0
shrinkage=0.03


Tree=254
num_leaves=13
num_cat=0
split_feature=56 37 22 33 24 15 19 19 19 19 21 21
split_gain=0.166561 0.152686 0.134259 0.131362 0.147718 0.160813 0.0622626 0.0196437 0.0311711 0.0241537 0.00767932 0.00234436
threshold=1.0000000180025095e-35 1.0000000180025095e-35 0.81666666666666676 1.0000000180025095e-35 1.0000000180025095e-35 1.0000000180025095e-35 4.5000000000000009 2.5000000000000004 7.5000000000000009 1.5000000000000002 10.500000000000002 11.500000000000002
decision_type=2 2 2 2 2 2 2 2 2 2 2 2
left_child=1 3 -3 4 5 -1 -5 9 10 -7 -9 -10
right_child=-2 2 -4 6 -6 7 -8 8 11 -11 -12 -13
leaf_value=-0.0095591573845609061 0.0054527860534031415 -0.0035974328238777336 0.0070160662192666609 0.0044321987177013107 0.0032688189723079899 -0.0014179069218561021 -0.0027010895960572173 0.00030066597904108793 -0.00024308495281364351 0.003524010629415352 -0.0032702261989206172 0.0020778591352680967
leaf_weight=4.3989705355133975 0.43424283503554839 0.24216446120408364 0.62241144519066427 0.83205376530531783 0.25115612437366497 0.0986821458695889 0.14886401634430513 0.27738076520290622 0.016104107609862583 0.26171123774838634 1.1498434986115169 0.35926010892035265
leaf_count=11499 272 160 176 203 165 1014 34 584 100 178 943 1096
internal_value=-0.00213337 -0.0034656 0.00360716 -0.00482656 -0.00612944 -0.0071687 0.00226372 -5.0273e-05 -0.0013685 0.00211599 -0.00280576 0.00185745
internal_weight=9.09285 8.6586 0.864576 7.79403 6.81311 6.56195 0.980918 2.16298 1.80259 0.360393 1.42722 0.375364
internal_count=16424 16152 336 15816 15579 15414 237 3915 2723 1192 1527 1196
is_linear=0
shrinkage=0.03


Tree=255
num_leaves=15
num_cat=0
split_feature=19 59 33 47 56 35 54 36 19 44 54 44 35 13
split_gain=0.152144 0.192116 0.0980074 0.0967341 0.0919445 0.0979484 0.0689778 0.0548001 0.0553522 0.0339468 0.0417921 0.0328198 0.0311597 0.0302834
threshold=10.500000000000002 1.0000000180025095e-35 1.0000000180025095e-35 1.0000000180025095e-35 1.0000000180025095e-35 0.51715000000000011 1.8570294456452341 1.0000000180025095e-35 4.5000000000000009 1.5000000000000002 -0.80483263461672416 1.5000000000000002 0.62625000000000008 1.0000000180025095e-35
decision_type=2 2 2 2 2 2 2 2 2 2 2 2 2 2
left_child=1 2 3 4 5 6 -1 8 9 10 -3 -8 -7 -2
right_child=13 7 -4 -5 -6 12 11 -9 -10 -11 -12 -13 -14 -15
leaf_value=-0.010088645399826034 0.007268448887722434 0.0017659481733152519 0.0018794588995592915 0.002089487359888858 0.002080548174475044 0.0033347260173703214 -0.0023032909710612687 -0.0021360468562185461 0.0061164074252146108 0.0023531820483372813 -0.0045432080142844122 0.0028389527193782662 -0.0019225180733090457 -0.00081777879035463343
leaf_weight=2.9037937506418525 0.86081475576020317 0.19527130481947097 0.96206144787720393 0.36898974594078016 0.14483171241590742 0.24226069840369735 0.30734419157352011 0.14461505068538816 2.0057017430717679 0.16746414316003211 0.47802118425534068 0.18556972779333591 0.13525459709489951 0.055543553266033996
leaf_count=9697 3101 30 221 195 64 69 449 227 986 93 263 6 432 595
internal_value=0.000584408 -0.00122956 -0.00416969 -0.00569298 -0.00688416 -0.00782965 -0.00900223 0.00353401 0.00458469 -0.000802953 -0.00276118 0.00035711 0.0014184 0.00655362
internal_weight=9.15754 8.24118 5.25011 4.28804 3.91905 3.77422 3.39671 2.99107 2.84646 0.840757 0.673292 0.492914 0.377515 0.916358
internal_count=16428 12732 11133 10912 10717 10653 10152 1599 1372 386 293 455 501 3696
is_linear=0
shrinkage=0.03


Tree=256
num_leaves=15
num_cat=0
split_feature=25 59 18 18 18 25 23 35 42 35 51 54 57 54
split_gain=0.139833 0.100214 0.213887 0.0724634 0.0625816 0.0745777 0.0634986 0.0559156 0.0388483 0.0383573 0.0287095 0.0303123 0.0325045 0.0383921
threshold=11.500000000000002 1.0000000180025095e-35 0.77350427350427364 0.87867647058823539 0.58578431372549034 2.5000000000000004 0.81666666666666676 0.51715000000000011 1.0000000180025095e-35 0.62625000000000008 1.0000000180025095e-35 1.6900518049305207 1.0000000180025095e-35 -0.76850518320319916
decision_type=2 2 2 2 2 2 2 2 2 2 2 2 2 2
left_child=1 2 7 -4 5 -3 -6 10 -2 -9 11 12 13 -1
right_child=8 4 3 -5 6 -7 -8 9 -10 -11 -12 -13 -14 -15
leaf_value=-0.00043946607409265645 -0.00071836041334216586 0.0066983923780022901 0.0051593728419139237 -0.0025699055615725536 0.0024789946730505693 -0.00099962083131384903 -0.0044256618923687934 0.0032631557095542428 0.0074639247320317384 -0.0024011821880170268 0.0004789242406770501 -0.00010775735151122672 0.00052419013820124689 -0.010128428950172953
leaf_weight=0.61326939000446179 0.25344909790874304 0.92916973419778592 1.3743111445683096 0.18632803118771324 0.45994712429092033 1.1132778318524286 0.69727880866412284 0.23606411699438457 0.49483533534657909 0.17081124553988047 0.16522429889664625 0.47193430093648192 0.11848688734244195 1.9640615013954628
leaf_count=1103 160 632 1578 2477 151 871 283 65 23 517 228 1161 112 7048
internal_value=0.00018934 -0.00141642 -0.00349871 0.00331139 0.00205197 0.00408382 -0.00184942 -0.00650417 0.00618658 0.000865899 -0.00739119 -0.00782817 -0.00855818 -0.00902232
internal_weight=9.24845 8.50016 5.30049 1.56064 3.19967 2.04245 1.15723 3.73985 0.748284 0.406875 3.33298 3.16775 2.69582 2.57733
internal_count=16409 16226 14289 4055 1937 1503 434 10234 183 582 9652 9424 8263 8151
is_linear=0
shrinkage=0.03


Tree=257
num_leaves=15
num_cat=0
split_feature=6 30 31 40 52 56 10 38 20 52 20 52 20 52
split_gain=0.125784 0.180977 0.10658 0.115217 0.109612 0.123217 0.109797 0.082706 0.0503932 0.0357849 0.0333966 0.0284634 0.0271372 0.0241896
threshold=1.0000000180025095e-35 1.0000000180025095e-35 1.0000000180025095e-35 0.77500000000000013 5.2036832726553373 1.0000000180025095e-35 1.0000000180025095e-35 0.3928571428571429 5.5000000000000009 1.9758354613039071 3.5000000000000004 3.438811922224569 10.500000000000002 3.6127552040097792
decision_type=2 2 2 2 2 2 2 2 2 2 2 2 2 2
left_child=1 2 3 -1 5 6 7 11 10 -4 -2 -5 -8 -11
right_child=8 -3 9 4 -6 -7 12 -9 -10 13 -12 -13 -14 -15
leaf_value=0.0032459601648885763 -0.00080834358711316494 0.0058565145875757937 0.0041501026436587107 -0.010464117955230553 0.0026395978027309989 0.0027190372380113438 -0.0017961869419943577 -0.00012188299350196074 -0.0015603490443357674 -0.0030326656229136017 0.0068133746591396739 -1.6211361225205697e-05 0.0030666710367331048 0.0016261539225786994
leaf_weight=0.23922081722412247 0.15085554066990869 0.63935919637151517 0.71506845441763267 3.6484346425500012 0.26340175337099925 0.19580885604955245 0.11873665638995579 0.92816468111413986 0.11517510969406419 0.28518282158802322 1.5945880005720026 0.25133259572430677 0.41205161196558038 0.14034585232548125
leaf_count=158 518 295 482 9507 318 97 123 1052 2816 83 710 203 23 19
internal_value=0.000515763 -0.00136412 -0.00313951 -0.00455429 -0.00562335 -0.00661027 -0.00759751 -0.0087141 0.00503863 0.00248938 0.00607475 -0.0100245 0.00141905 -0.00142223
internal_weight=9.69773 7.83711 7.19775 6.05715 5.81793 5.55453 5.35872 4.82793 1.86062 1.1406 1.74544 3.89977 0.530788 0.425529
internal_count=16404 12360 12065 11481 11323 11005 10908 10762 4044 584 1228 9710 146 102
is_linear=0
shrinkage=0.03


Tree=258
num_leaves=15
num_cat=0
split_feature=19 56 9 20 31 2 22 54 19 20 59 21 54 55
split_gain=0.177873 0.126944 0.106604 0.101316 0.0896527 0.12804 0.0718788 0.0492981 0.0471221 0.040848 0.0334347 0.0331332 0.022345 0.0205924
threshold=10.500000000000002 1.0000000180025095e-35 1.0000000180025095e-35 7.5000000000000009 1.0000000180025095e-35 1.0000000180025095e-35 0.81666666666666676 -0.86562050999303886 4.5000000000000009 1.5000000000000002 1.0000000180025095e-35 13.500000000000002 -0.87369970142365816 -0.61622116297079621
decision_type=2 2 2 2 2 2 2 2 2 2 2 2 2 2
left_child=1 2 4 10 5 11 -5 12 -6 -2 -4 -1 -7 -11
right_child=9 -3 3 6 8 7 -8 -9 -10 13 -12 -13 -14 -15
leaf_value=0.001071203379650453 -0.0011454360977967274 0.0044603007862942133 -0.0010396567934304976 0.0025670346754373134 0.0034362807272152011 -0.002038054183765231 -0.0054371474402657048 -0.010687066078842429 -0.0026235816943335497 -0.00053080903581723344 0.0063797812363425794 -0.0031634148586597811 0.0022905034404605762 0.007468040659757617
leaf_weight=2.1197128138292087 0.078808069989919072 0.34116671378433228 0.071055351181712245 0.18422066394123249 0.7958231684679048 0.14367906239658623 0.52502829152126651 1.8860058496875352 0.14612374845637532 0.044125309603259666 0.63232084031915292 1.022591339944938 0.16469313274137709 0.77435254692863964
leaf_count=4871 1324 241 277 93 315 501 359 4609 253 80 108 1060 30 2312
internal_value=-0.000722717 -0.00250706 -0.00367282 0.0019101 -0.00508691 -0.00628204 -0.00299787 -0.00976085 0.00135172 0.00595481 0.00541561 -0.00100124 0.000255289 0.00696615
internal_weight=8.92971 8.03242 7.69125 1.41263 6.27863 5.33668 0.709249 2.19438 0.941947 0.897286 0.703376 3.1423 0.308372 0.818478
internal_count=16433 12717 12476 837 11639 11071 452 5140 568 3716 385 5931 531 2392
is_linear=0
shrinkage=0.03


Tree=259
num_leaves=15
num_cat=0
split_feature=25 56 33 1 21 59 20 20 22 20 20 25 27 21
split_gain=0.120842 0.115753 0.0724982 0.0559226 0.0497057 0.0460772 0.056655 0.087642 0.0523799 0.0521971 0.0666536 0.0343161 0.0574961 0.0337711
threshold=11.500000000000002 1.0000000180025095e-35 1.0000000180025095e-35 1.0000000180025095e-35 15.500000000000002 1.0000000180025095e-35 4.5000000000000009 8.5000000000000018 0.81666666666666676 10.500000000000002 11.500000000000002 1.5000000000000002 2.5000000000000004 14.500000000000002
decision_type=2 2 2 2 2 2 2 2 2 2 2 2 2 2
left_child=1 2 3 5 -2 9 -7 -8 -9 -1 -11 12 -5 -4
right_child=4 -3 13 11 -6 6 7 8 -10 10 -12 -13 -14 -15
leaf_value=-0.0078324857508602058 -0.0010428133284032903 0.0048692539009185434 0.0038691341716616309 0.0017600756045227049 0.0072183719912860839 -0.0041277088458348404 0.0042547282453529404 0.0019819052780429606 -0.0052832965455517095 0.0037123226694913514 -0.0035107284033286668 0.0032366139633499885 -0.0043394041063603726 -0.0015195780779858092
leaf_weight=2.1601920284438134 0.28807719787073516 0.37729749029676973 0.65225412204745203 1.2890641071107896 0.47765292775875423 0.49263289851023762 1.5019303994959043 0.13927795609924942 0.3490468176860303 0.38450886996270117 0.23274030002539803 0.21752122638281424 0.6422410677478182 0.3624668740958441
leaf_count=6977 173 224 194 2998 20 980 489 63 151 483 2701 9 952 57
internal_value=9.99781e-06 -0.00142419 -0.00258624 -0.00357424 0.00560379 -0.00483877 -0.000794123 0.00168633 -0.00328368 -0.00660838 0.000387247 0.000361671 -0.00144399 0.00221313
internal_weight=9.5669 8.80117 8.42388 7.40916 0.76573 5.26033 2.48289 1.99026 0.488325 2.77744 0.617249 2.14883 1.93131 1.01472
internal_count=16471 16278 16054 15803 193 11844 1683 703 214 10161 3184 3959 3950 251
is_linear=0
shrinkage=0.03


Tree=260
num_leaves=15
num_cat=0
split_feature=54 30 53 53 7 20 37 24 54 23 41 24 20 55
split_gain=0.160082 0.256865 0.225626 0.128716 0.102383 0.107826 0.0990152 0.175223 0.0895648 0.0612154 0.0495618 0.0464103 0.0390452 0.037069
threshold=-0.61997034148718144 1.0000000180025095e-35 3.438811922224569 2.5100182450186588 1.0000000180025095e-35 3.5000000000000004 1.0000000180025095e-35 1.0000000180025095e-35 -0.87927759471376976 0.70833333333333348 1.0000000180025095e-35 1.0000000180025095e-35 2.5000000000000004 -0.70292780030734525
decision_type=2 2 2 2 2 2 2 2 2 2 2 2 2 2
left_child=3 2 6 4 5 -1 7 12 -7 -10 -11 -8 -2 -14
right_child=1 -3 -4 -5 -6 8 11 -9 9 10 -12 -13 13 -15
leaf_value=-0.0022311292732573981 -0.0002413701658166401 0.0057332833121108784 0.0040456572883520499 -0.0036838327523804459 -0.002780762123538246 -0.0014914472918655299 0.0036175753031805358 0.0027137699908998834 -0.00088953148655026779 0.010078422429881313 -0.00082430626897386208 -0.0025838019119032319 5.8027789394915617e-05 -0.012273302087665607
leaf_weight=0.27883823212414505 0.37559627145037788 0.6244369797350372 0.48577004876551644 0.36641353278901068 0.15688048495394458 0.28640501047766598 0.32246328430483107 0.19919751147972409 0.20766488244226078 2.8895413563795942 0.096572869464580324 0.17163852160592796 0.21109041810450557 2.4325011164655725
leaf_count=1316 2692 303 584 1045 93 1149 101 118 158 1708 96 123 417 6547
internal_value=0.000125402 -0.0030757 -0.00581312 0.00356193 0.00525611 0.00644075 -0.0080679 -0.00936658 0.00769624 0.0087772 0.00953661 0.00111888 -0.0109274 -0.0116877
internal_weight=9.10501 4.82269 4.19826 4.28232 3.9159 3.75902 3.71249 3.21839 3.48018 3.19378 2.98611 0.494102 3.01919 2.64359
internal_count=16450 10885 10582 5565 4520 4427 9998 9774 3111 1962 1804 224 9656 6964
is_linear=0
shrinkage=0.03


Tree=261
num_leaves=15
num_cat=0
split_feature=30 60 19 60 31 53 53 42 53 55 23 20 20 20
split_gain=0.140758 0.160896 0.142903 0.142385 0.167813 0.167054 0.0574119 0.0566516 0.0539324 0.0397994 0.0373584 0.0712938 0.04931 0.0252567
threshold=1.0000000180025095e-35 11.500000000000002 5.5000000000000009 1.5000000000000002 1.0000000180025095e-35 2.336857385684675 3.2468620983371328 1.0000000180025095e-35 2.5242680868836214 0.73111192144214254 0.77500000000000013 10.500000000000002 11.500000000000002 4.5000000000000009
decision_type=2 2 2 2 2 2 2 2 2 2 2 2 2 2
left_child=1 2 3 4 5 10 9 -3 -6 -4 -1 -12 -13 -5
right_child=-2 7 6 13 8 -7 -8 -9 -10 -11 11 12 -14 -15
leaf_value=0.00029452730449841698 0.0061708294938226426 -0.001461919643467798 -0.0083603764147423126 -0.00060482733614655119 0.0057938679805265032 0.002953379166464857 0.0012172600926245709 0.0070245955561655865 -0.0017103408760403324 0.00020712170639795762 -0.010665525619455673 0.0030119447507132801 -0.0031887182341503464 0.0064362324210505409
leaf_weight=0.30958714724693082 0.67946762310748532 0.18330002540460544 2.3657610948048395 0.16799921097481252 0.66873496746848093 0.58552515451447096 0.20957555570566899 0.468356249788485 0.20691780359993572 0.44258289181198041 1.1889671967196571 0.42046802136292183 0.2074360895976497 0.84374327108344005
leaf_count=113 322 155 7200 362 189 1527 257 27 200 1410 2877 503 675 548
internal_value=5.60077e-05 -0.00155043 -0.00312653 0.000490217 -0.00246197 -0.00539992 -0.00663699 0.00533531 0.00406437 -0.00748563 -0.00801664 -0.00884509 9.56748e-05 0.00564183
internal_weight=8.94842 8.26895 7.6173 4.59938 3.58764 2.71198 3.01792 0.651656 0.875653 2.80834 2.12646 1.81687 0.627904 1.01174
internal_count=16365 16043 15861 6994 6084 5695 8867 182 389 8610 4168 4055 1178 910
is_linear=0
shrinkage=0.03


Tree=262
num_leaves=15
num_cat=0
split_feature=44 52 52 52 36 44 40 31 23 60 22 42 44 35
split_gain=0.0999074 0.104343 0.124025 0.104343 0.0880658 0.0820898 0.0647452 0.0532559 0.0478537 0.0515714 0.0415678 0.0342975 0.0252179 0.0450223
threshold=11.500000000000002 1.4066094126709543 2.5242680868836214 3.438811922224569 1.0000000180025095e-35 6.5000000000000009 0.77500000000000013 1.0000000180025095e-35 1.0000000180025095e-35 1.0000000180025095e-35 0.81666666666666676 1.0000000180025095e-35 5.5000000000000009 0.51715000000000011
decision_type=2 2 2 2 2 2 2 2 2 2 2 2 2 2
left_child=1 6 4 10 5 8 -1 12 -3 -10 -4 -2 13 -8
right_child=11 2 3 -5 -6 -7 7 -9 9 -11 -12 -13 -14 -15
leaf_value=0.0024528520578321073 -0.00068875317345645619 -0.0010891222800701952 0.0011871619772547447 0.0027936583592477974 -0.0024852564794920298 -0.0019662527244500784 -0.0068318829605435501 0.0014831710164176094 -7.6866474043976374e-05 0.009471834564291905 -0.0068467944670350268 0.0069319146737535677 0.00013775824132882268 0.0010095090708370196
leaf_weight=0.17582880554254909 0.25671498382143987 0.081606984174869779 0.080030773213365825 0.6409203404764412 0.17125600804138219 0.15078085222376092 2.757608816183621 0.34777815455754524 0.55360931155155446 1.6820932353803071 0.86987972034330596 0.46268029553903034 0.56794549800179073 0.22365417659966613
leaf_count=116 154 67 23 617 487 149 8506 374 795 468 3551 27 788 209
internal_value=0.000672848 -0.000786217 0.00208427 -0.00272982 0.00491183 0.00630779 -0.00347215 -0.00448071 0.00750763 0.00818752 -0.00582395 0.00570596 -0.00538903 -0.00607449
internal_weight=9.02239 8.30299 4.23018 1.59083 2.63935 2.46809 4.07282 3.89699 2.31731 2.2357 0.94991 0.719395 3.54921 2.98126
internal_count=16331 16150 6157 4191 1966 1479 9993 9877 1330 1263 3574 181 9503 8715
is_linear=0
shrinkage=0.03


Tree=263
num_leaves=15
num_cat=0
split_feature=58 30 20 47 6 36 20 20 5 44 52 52 21 56
split_gain=0.103118 0.0880916 0.0906295 0.0711553 0.0630663 0.0539228 0.0581682 0.0511586 0.0545292 0.036067 0.0358124 0.0300421 0.0253647 0.024989
threshold=1.0000000180025095e-35 1.0000000180025095e-35 10.500000000000002 1.0000000180025095e-35 1.0000000180025095e-35 1.0000000180025095e-35 7.5000000000000009 1.5000000000000002 1.0000000180025095e-35 1.5000000000000002 1.4066094126709543 0.17787532484666482 17.500000000000004 1.0000000180025095e-35
decision_type=2 2 2 2 2 2 2 2 2 2 2 2 2 2
left_child=1 2 3 4 13 6 7 -2 -9 10 -8 -4 -13 -1
right_child=5 -3 11 -5 -6 -7 9 8 -10 -11 -12 12 -14 -15
leaf_value=-0.007199096754332699 -0.0013564050425557289 0.003909030381483024 -0.0015341771637326573 0.0020501974367609466 0.0011272050783921793 -0.0019164078642842327 -0.00444109668368431 0.0077630088753739045 -0.0013226176062304271 0.0024199701523491038 0.0015625984995947413 0.004693169580167373 -0.00108847927458259 0.00067223906578811317
leaf_weight=2.7813889658277744 0.094003893904301861 0.45888640300836403 0.16697569477128116 0.25841909422888409 0.47581149663346867 0.13254475023313705 0.44853024198891933 2.6886895588468183 0.084110201809380558 0.18658684007823467 0.17130710662604542 0.68538050244387705 0.074439073691792146 0.045672471926081815
leaf_count=8094 1064 239 1056 165 1074 342 291 1021 167 104 35 232 2378 47
internal_value=0.00144444 -0.00129456 -0.00286758 -0.00460784 -0.00570554 0.00422423 0.00504329 0.00632891 0.00704866 -0.000780282 -0.00285563 0.00239868 0.00374842 -0.00684609
internal_weight=8.75275 4.94697 4.48809 3.56129 3.30287 3.80577 3.67323 2.8668 2.7728 0.806424 0.619837 0.926795 0.75982 2.82706
internal_count=16309 13285 13046 9380 9215 3024 2682 2252 1188 430 326 3666 2610 8141
is_linear=0
shrinkage=0.03


Tree=264
num_leaves=15
num_cat=0
split_feature=54 30 53 55 31 59 20 52 41 23 53 44 58 22
split_gain=0.108779 0.211704 0.183294 0.138631 0.121776 0.113483 0.0726808 0.0692546 0.0661233 0.0405406 0.044734 0.0268842 0.0195825 0.0152683
threshold=-0.61997034148718144 1.0000000180025095e-35 3.438811922224569 -0.70060577474483832 1.0000000180025095e-35 1.0000000180025095e-35 5.5000000000000009 0.17787532484666482 1.0000000180025095e-35 1.0000000180025095e-35 2.5100182450186588 1.5000000000000002 3.5000000000000004 0.81666666666666676
decision_type=2 2 2 2 2 2 2 2 2 2 2 2 2 2
left_child=3 2 4 13 5 -2 12 -5 9 -9 -11 -8 -7 -1
right_child=1 -3 -4 7 -6 6 11 8 -10 10 -12 -13 -14 -15
leaf_value=0.00088240051426719402 -0.010729592997661023 0.0059022058113102115 0.0040168180418731457 -0.0016528483478138317 0.0022189528599762111 0.0039810468057636834 -0.0051435707860047666 -0.00078995858471719719 -0.0014777332174120018 0.009399208059587362 -0.00052183092035538764 0.00078376672446232669 -0.00087579985437657971 -0.0033963335595725988
leaf_weight=0.099415127711836582 1.8239075437008985 0.65627833092003118 0.53130647384023166 0.16979391246195552 0.40758972502317181 0.66567995741115715 0.36844664734962862 0.1033070196699567 0.11505166220013041 2.3186524940474555 0.2286957977730707 0.32293592431233265 0.20087454905387858 0.85512039904551784
leaf_count=127 8628 309 576 856 390 215 207 56 584 1027 227 192 291 2712
internal_value=0.00107603 -0.00165083 -0.00430263 0.00394075 -0.00645376 -0.00793519 -0.00047133 0.00629228 0.007269 0.00812087 0.00867075 -0.00384993 0.00302965 -0.00265504
internal_weight=8.86706 4.97702 4.32074 3.89004 3.78943 3.38184 1.55794 2.9355 2.76571 2.65066 2.54735 0.691383 0.866555 0.954536
internal_count=16397 10808 10499 5589 9923 9533 905 2750 1894 1310 1254 399 506 2839
is_linear=0
shrinkage=0.03


Tree=265
num_leaves=15
num_cat=0
split_feature=30 31 24 52 10 19 19 25 25 19 25 25 25 25
split_gain=0.166818 0.12238 0.127021 0.0834269 0.0829494 0.135834 0.039714 0.0319593 0.0201403 0.0197844 0.0191106 0.0706257 0.0179966 0.00932229
threshold=1.0000000180025095e-35 1.0000000180025095e-35 1.0000000180025095e-35 6.2838202790140754 1.0000000180025095e-35 4.5000000000000009 5.5000000000000009 2.5000000000000004 5.5000000000000009 5.5000000000000009 1.5000000000000002 1.0000000180025095e-35 1.0000000180025095e-35 6.5000000000000009
decision_type=2 2 2 2 2 2 2 2 2 2 2 2 2 2
left_child=1 2 3 4 5 -1 12 -4 -9 -3 11 -8 -7 -14
right_child=-2 9 7 -5 -6 6 10 8 -10 -11 -12 -13 13 -15
leaf_value=-0.011835312613951003 0.0056713484831018412 0.0039243232165914813 0.0044482801867023478 0.0022143885209080743 0.0013298859726226192 -0.0014238586604944797 -0.0037391710324797389 -0.0027867577313826167 0.0015130359857208121 -0.00098484952763098696 -0.0043242115618886629 0.0034961760198083482 0.0029810959384291456 -0.00064613941748489876
leaf_weight=1.5236089720897323 0.59655018780904345 0.87469028969462659 0.34279949284973543 0.15623922171653237 0.49565896796048026 0.095642036301797129 0.28254847348353029 0.19151351232721936 0.10584579998976551 0.10192136023215426 1.7409443120386638 0.59784216762636788 0.86427977990570071 0.043607679355773143
leaf_count=5135 304 380 223 125 143 393 4537 184 113 406 3445 466 566 93
internal_value=-0.00135479 -0.00300435 -0.00444326 -0.00576946 -0.00651201 -0.00742783 -0.00202576 0.0028409 -0.00127146 0.0030945 -0.00338191 0.000190139 0.00140979 0.0024823
internal_weight=8.01369 7.41714 6.44053 5.80037 5.64413 5.14847 3.62486 0.640159 0.297359 0.976612 2.62133 0.880391 1.00353 0.907887
internal_count=16513 16209 15423 14903 14778 14635 9500 520 297 786 8448 5003 1052 659
is_linear=0
shrinkage=0.03


Tree=266
num_leaves=15
num_cat=0
split_feature=25 21 25 53 60 55 37 52 53 55 21 25 20 55
split_gain=0.09716 0.0731754 0.0854498 0.0720662 0.104666 0.0681555 0.0621247 0.0509987 0.0474121 0.0423655 0.0416328 0.0268646 0.0323667 0.0213193
threshold=11.500000000000002 15.500000000000002 2.5000000000000004 0.11165176876591411 1.0000000180025095e-35 -0.65637714639020561 1.0000000180025095e-35 3.6127552040097792 0.057316312316024874 1.4095270855768549 15.500000000000002 5.5000000000000009 4.5000000000000009 -0.61868004919256303
decision_type=2 2 2 2 2 2 2 2 2 2 2 2 2 2
left_child=1 2 3 -1 7 -6 11 -5 -3 -7 -2 -4 -13 -10
right_child=10 8 6 4 5 9 -8 -9 13 -11 -12 12 -14 -15
leaf_value=-0.0024139724738991269 -0.00093436309272303033 0.0012859120138364155 -0.0066317908194248694 -0.0033439188629867272 -0.001290692720927166 0.0084247282246847997 0.0018351154473452492 0.0025842080713604654 0.00027068081369066994 -0.00010238820189693807 0.0067505271418802663 -0.0027559327417991711 0.0020993430207785777 -0.0072049322551654884
leaf_weight=0.8412306355007767 0.27684680835591358 0.20685347864446135 0.52715728771818271 1.3328378766746025 0.37191427869220239 1.7993285161237511 0.57408886598568631 0.34508903387541057 0.2344875759235947 0.55319007650177798 0.45017700565222185 0.30491546510984335 0.67799854824625072 0.58888692769505724
leaf_count=4345 169 486 1419 2759 357 799 295 211 164 243 21 660 384 4111
internal_value=0.000286765 -0.00108456 0.000426288 0.00231132 0.00368629 0.00607173 -0.00312573 -0.00138245 -0.00501946 0.00729391 0.0052851 -0.00498273 -0.000244779 -0.00639232
internal_weight=9.085 8.35798 7.32775 5.24359 4.40236 2.72443 2.08416 1.67793 1.03023 2.35252 0.727024 1.51007 0.982914 0.823375
internal_count=16423 16233 11472 8714 4369 1399 2758 2970 4761 1042 190 2463 1044 4275
is_linear=0
shrinkage=0.03


Tree=267
num_leaves=15
num_cat=0
split_feature=19 21 52 27 27 36 44 7 23 5 41 23 53 53
split_gain=0.0817 0.0778682 0.0673814 0.110652 0.0855624 0.0872086 0.077578 0.0698653 0.0672507 0.0620334 0.0577103 0.0476868 0.044516 0.0429234
threshold=10.500000000000002 15.500000000000002 0.99541586762856193 1.5000000000000002 1.0000000180025095e-35 1.0000000180025095e-35 6.5000000000000009 1.0000000180025095e-35 1.0000000180025095e-35 1.0000000180025095e-35 1.5000000000000002 0.81666666666666676 5.3997877885463827 0.11165176876591411
decision_type=2 2 2 2 2 2 2 2 2 2 2 2 2 2
left_child=1 2 3 11 5 6 7 8 -4 10 12 -1 13 -10
right_child=-2 -3 4 -5 -6 -7 -8 -9 9 -11 -12 -13 -14 -15
leaf_value=0.00088279540447336086 0.0050729183749656601 -0.0051851844643778936 -0.0014950919507634229 0.0031111599161342475 -0.0029531270531240089 -0.0027088474551759645 -0.0020375841127216743 -0.0017235351668538218 1.1353731901540267e-05 -0.0012945784369802124 -0.001129400991766967 -0.0059703402509184997 -0.00083424488966258204 0.010793837824830609
leaf_weight=0.60702208055499829 0.87304600031166035 0.61673544839686645 0.10791157072526569 1.0322604702150782 0.44067722044928803 0.1912721980615969 0.19098945137739054 0.11581218181163411 0.36377546006952055 0.084604295250755857 0.073118021588015725 1.6583820470964385 0.054925030090089311 2.4301961567380204
leaf_count=381 3705 2194 91 1546 619 562 185 168 466 148 10 5016 44 1176
internal_value=0.000699704 -0.000701208 0.000703547 -0.00190772 0.00275641 0.00425701 0.00550211 0.00655657 0.00741803 0.00820739 0.00889676 -0.00458112 0.00951378 0.00998038
internal_weight=8.84073 7.96768 7.35095 3.29766 4.05328 3.6126 3.42133 3.23034 3.11453 3.00662 2.92201 2.2654 2.8489 2.79397
internal_count=16311 12606 10412 6943 3469 2850 2288 2103 1935 1844 1696 5397 1686 1642
is_linear=0
shrinkage=0.03


Tree=268
num_leaves=15
num_cat=0
split_feature=52 19 52 39 5 18 52 52 19 22 19 20 19 18
split_gain=0.0868351 0.121774 0.10863 0.0843438 0.0632237 0.0761677 0.0518249 0.0523578 0.045633 0.0369829 0.0246797 0.0305184 0.0187241 0.0122034
threshold=2.5242680868836214 2.5000000000000004 0.057316312316024874 1.0000000180025095e-35 1.0000000180025095e-35 0.59411764705882364 1.4066094126709543 1.6075917436324201 12.500000000000002 0.81666666666666676 2.5000000000000004 7.5000000000000009 13.500000000000002 0.86190476190476206
decision_type=2 2 2 2 2 2 2 2 2 2 2 2 2 2
left_child=2 13 -1 4 5 12 10 -8 9 -3 -7 -12 -4 -2
right_child=1 8 3 -5 -6 6 7 -9 -10 -11 11 -13 -14 -15
leaf_value=-0.0040958727889740653 0.0040724941044041375 0.00092400896859249444 0.0071952359051602882 -0.0030031548629991024 -0.0021672755579564764 0.0011827062351992103 0.0053328468165866963 -0.0015046023559242886 0.001211882142528243 -0.0077544498752959044 0.0009309691885483896 -0.0046906651769345782 -0.00050671547200589946 -0.00062344447463568938
leaf_weight=0.31385592383185201 0.32055026381203777 0.062727347161853353 3.7599955036985198 0.21012661842178193 0.14274099592785194 0.45570850375042971 0.58124603585747514 0.5238087983107107 0.11327772299227934 1.1028795249767427 0.45667087719084498 0.72469388740501017 0.034325601624914159 0.042378276133604231
leaf_count=4465 221 34 3680 336 515 632 152 601 633 2610 351 629 845 696
internal_value=0.000978987 -0.00313497 0.00239418 0.00354486 0.00439542 0.00501293 0.000501653 0.00321027 -0.00597584 -0.0069987 -0.00208661 -0.00329844 0.00697471 0.00346059
internal_weight=8.84499 1.64181 7.20317 6.88932 6.67919 6.53645 2.74213 1.10505 1.27888 1.16561 1.63707 1.18136 3.79432 0.362929
internal_count=16400 4194 12206 7741 7405 6890 2365 753 3277 2644 1612 980 4525 917
is_linear=0
shrinkage=0.03


Tree=269
num_leaves=15
num_cat=0
split_feature=30 25 33 56 47 25 18 35 10 35 42 23 18 48
split_gain=0.0948055 0.118705 0.110688 0.127499 0.0930827 0.0800082 0.160331 0.115527 0.106399 0.0781502 0.0347729 0.0334103 0.0282638 0.0253561
threshold=1.0000000180025095e-35 11.500000000000002 1.0000000180025095e-35 1.0000000180025095e-35 1.0000000180025095e-35 1.5000000000000002 0.46410256410256417 1.0000000180025095e-35 1.0000000180025095e-35 0.37565000000000009 1.0000000180025095e-35 0.77500000000000013 0.78174603174603186 2.5000000000000004
decision_type=2 2 2 2 2 2 2 2 2 2 2 2 2 2
left_child=1 2 3 4 5 7 -7 8 11 -8 -3 -1 -10 -6
right_child=-2 10 -4 -5 13 6 9 -9 12 -11 -12 -13 -14 -15
leaf_value=-0.00026646282679314856 0.0060255556899227371 -0.00078671797610895574 0.0036162309705182459 0.0039824440633742129 0.0038144267741839571 -0.0048242060169252548 0.0066775858574348269 0.0022367962243006086 -0.002049937924112448 -0.0020179492230342224 0.0065090876204782324 -0.011488861287793925 0.0027885177109852389 -0.0013759998399821523
leaf_weight=0.35671456725503992 0.68592732684919688 0.26559300810549746 0.89691594956093457 0.29988037262228306 0.28176609351066861 1.6561495427495176 0.76444972596073035 0.15519706218037743 0.13777293011298741 0.30033622074370214 0.43634750944329426 2.0180313868922886 0.37055674084695056 0.088892334373667836
leaf_count=163 323 169 260 181 172 3528 266 24 174 570 24 10589 20 15
internal_value=0.00113516 -0.000401007 -0.00194041 -0.0033896 -0.00464124 -0.00561422 -0.000809189 -0.00788798 -0.00912592 0.0045086 0.0052096 -0.0106956 0.000888256 0.00245894
internal_weight=8.71453 8.0286 7.32666 6.42975 6.12987 5.75921 2.72094 3.03827 2.88308 1.06479 0.701941 2.37475 0.50833 0.370658
internal_count=16478 16155 15962 15702 15521 15334 4364 10970 10946 836 193 10752 194 187
is_linear=0
shrinkage=0.03


Tree=270
num_leaves=15
num_cat=0
split_feature=30 54 53 21 53 59 40 53 53 54 55 19 20 54
split_gain=0.107123 0.119472 0.11874 0.217952 0.113993 0.082649 0.0620833 0.0409719 0.0394854 0.0325883 0.0186746 0.0186427 0.0182478 0.0181768
threshold=1.0000000180025095e-35 -0.43423245720990294 0.99541586762856193 14.500000000000002 3.1687635061542383 1.0000000180025095e-35 0.77500000000000013 2.054090377967555 2.5100182450186588 -0.71075025204272657 -0.61762520477538319 5.5000000000000009 3.5000000000000004 -0.80483263461672416
decision_type=2 2 2 2 2 2 2 2 2 2 2 2 2 2
left_child=1 2 3 -1 5 10 -4 13 11 -5 -3 -9 -7 -8
right_child=-2 4 6 9 -6 12 7 8 -10 -11 -12 -13 -14 -15
leaf_value=-0.0022637141376596562 0.006115156370366753 0.0001430407308593037 0.0028838209975994714 -0.00045729017215578551 0.0026704707404827483 0.0025030599456996733 0.00027767462375412235 0.0038748517874015111 -0.0022729123583550537 0.010181050986837111 -0.009463359806489352 -0.00098252728030809788 -0.0013772277304011623 -0.0059909923066534211
leaf_weight=1.4490472943793977 0.59676334512187157 0.13128033718021459 0.20974129528622176 0.10225494002725088 0.35642641557842569 0.20550663346511999 0.28436666615471029 0.47619762560861978 0.67399558096849432 1.0200846149064089 1.0049846255737978 0.073483644771840773 0.38714748340134975 1.0818616631386251
leaf_count=4186 306 148 147 203 461 97 195 171 2265 360 6446 87 221 1151
internal_value=0.000823104 -0.000804201 0.00162826 0.00480787 -0.00479929 -0.00694558 -0.00207864 -0.00356199 0.000459068 0.00953974 -0.00897003 0.00296415 0.000861229 -0.00529646
internal_weight=8.05314 7.45638 5.37103 2.57139 2.08535 1.72892 2.79965 2.58991 1.22368 1.12234 1.13626 0.549681 0.592654 1.36623
internal_count=16444 16138 8765 4749 7373 6912 4016 3869 2523 563 6594 258 318 1346
is_linear=0
shrinkage=0.03


Tree=271
num_leaves=15
num_cat=0
split_feature=59 19 20 53 40 53 53 21 18 18 52 53 53 20
split_gain=0.0643295 0.132421 0.0882829 0.109847 0.0709427 0.0601502 0.0408591 0.0269779 0.0441637 0.0577578 0.0186092 0.017866 0.016405 0.0149032
threshold=1.0000000180025095e-35 5.5000000000000009 7.5000000000000009 0.62963017883289629 0.77500000000000013 0.58819978801451722 0.034778350081199443 15.500000000000002 0.78174603174603186 0.63961038961038974 7.6838291415854068 2.5100182450186588 3.438811922224569 4.5000000000000009
decision_type=2 2 2 2 2 2 2 2 2 2 2 2 2 2
left_child=1 6 3 -2 -4 -3 -1 8 9 13 -11 -5 -7 -8
right_child=2 5 4 11 -6 12 7 -9 -10 10 -12 -13 -14 -15
leaf_value=-0.002752275064560457 -0.0029132131410684672 0.0010831165272225166 0.0025660392607902323 0.0068438882489984029 -0.0053589228727103531 -0.0082886653360984622 -0.00077460879261446796 -0.0014772352672174566 0.0053076389232784779 -0.0038637117854222669 0.00097243917452598748 -0.00010162888078937893 0.00029764493474059603 0.0034732607937695329
leaf_weight=0.1979279208571828 0.32223151845300968 0.29272756519230814 0.18401263499981724 1.63097187349922 0.55064259753635258 1.2695561071291193 0.17365856830474624 0.27936638573464723 1.0228815052341813 0.92236726776809508 0.065986906149191782 0.30333642793630122 0.069806089341909572 0.9348682794625347
leaf_count=2109 996 1998 96 508 289 5620 355 1129 710 1152 68 116 164 1085
internal_value=-0.00081788 -0.00251002 0.00196071 0.00419372 -0.00294898 -0.00660801 0.00104619 0.00220497 0.00298296 -0.000188512 -0.0031061 0.00625672 -0.00793091 0.00273758
internal_weight=8.22034 5.22915 2.9912 2.25654 0.734655 1.63209 3.59706 3.39913 3.11976 2.09688 0.988354 1.93431 1.33936 1.10853
internal_count=16395 14390 2005 1620 385 7782 6608 4499 3370 2660 1220 624 5784 1440
is_linear=0
shrinkage=0.03


Tree=272
num_leaves=15
num_cat=0
split_feature=36 25 18 5 35 7 18 18 25 55 18 35 54 22
split_gain=0.0865927 0.108897 0.111335 0.0726892 0.0741007 0.0564428 0.0405911 0.0610447 0.0537181 0.0464878 0.0505834 0.0419382 0.0488322 0.0358122
threshold=1.0000000180025095e-35 1.5000000000000002 0.25833333333333336 1.0000000180025095e-35 0.65070000000000017 1.0000000180025095e-35 0.45993589743589752 0.77350427350427364 1.0000000180025095e-35 -0.54831580864593621 0.85164835164835173 1.0000000180025095e-35 -0.80483263461672416 0.81666666666666676
decision_type=2 2 2 2 2 2 2 2 2 2 2 2 2 2
left_child=1 6 -3 4 5 -4 8 11 -1 -9 -11 12 -8 -14
right_child=-2 2 3 -5 -6 -7 7 9 -10 10 -12 -13 13 -15
leaf_value=-0.0019972435953074606 -0.0042938793646191999 -0.0027669538423903688 0.0092328234094022788 -0.0017355370517109711 -0.0015808344966244505 -0.0011405257360407037 0.0009814311211083272 -0.0018189463986996869 0.0047834622367224529 0.0056516744399236121 -0.0017307894057015524 0.0016739121590904473 0.0010466916121406639 -0.0065608651767116782
leaf_weight=0.37727015533527986 0.32080039120228399 0.23431047411304495 2.6542453485253659 0.11282111068248912 0.10783184233150667 0.07483175779452711 0.55031663884710802 0.6932108791138476 0.44889822045479377 0.58213506625543343 0.14607603397098501 0.11376685474533577 0.074773889587960274 1.9602806508528365
leaf_count=3706 1187 1685 1367 194 88 119 276 1805 414 503 1745 14 17 3300
internal_value=0.00120894 0.00223089 0.00529012 0.00678954 0.00770602 0.00858633 -0.00069437 -0.00192627 0.0024649 0.00174786 0.00398759 -0.00378154 -0.00464701 -0.00590109
internal_weight=8.45157 8.13077 3.18404 2.94973 2.83691 2.72908 4.94673 4.12056 0.826168 1.42142 0.728211 2.69914 2.58537 2.03505
internal_count=16420 15233 3453 1768 1574 1486 11780 7660 4120 4053 2248 3607 3593 3317
is_linear=0
shrinkage=0.03


Tree=273
num_leaves=15
num_cat=0
split_feature=25 56 52 52 49 49 35 26 53 49 53 37 20 26
split_gain=0.112262 0.106839 0.120556 0.0599557 0.0910611 0.0864061 0.0629561 0.0456343 0.0284115 0.0267557 0.0254348 0.0186823 0.0143482 0.014224
threshold=11.500000000000002 1.0000000180025095e-35 1.0680049290841331 2.5242680868836214 1.0000000180025095e-35 1.0000000180025095e-35 0.62625000000000008 1.0000000180025095e-35 1.1292754870689443 1.5000000000000002 2.5242680868836214 1.0000000180025095e-35 6.5000000000000009 1.0000000180025095e-35
decision_type=2 2 2 2 2 2 2 2 2 2 2 2 2 2
left_child=1 2 7 5 -5 -4 10 11 -6 -2 13 -1 -9 -7
right_child=9 -3 3 4 8 6 -8 12 -10 -11 -12 -13 -14 -15
leaf_value=-0.0073918797494928416 -0.00063386984267329769 0.0044447437598520712 -0.0028758920570094667 0.0028102523591363826 -0.0064367336092294915 0.0069021900049519832 -0.0019582074574762401 0.0020317247537448642 0.00056600033140020403 0.0062724434531124364 -0.00047150371370520731 -2.2304726872041478e-05 -0.0013811613376777218 -0.00032455321530546068
leaf_weight=2.4141246534968568 0.21399169571304799 0.33999719149142027 0.4151656740968982 0.50261296349253803 0.6159052614329994 1.7128356147159145 0.13574261484245642 0.25517981629673148 0.27799083041281847 0.44608592379154288 0.23524360790543131 0.34599206800339732 0.29719988506258233 0.076844135692226589
leaf_count=8831 141 222 990 3418 429 988 236 92 332 42 172 193 209 40
internal_value=-0.000260235 -0.00172637 -0.00290977 0.00071248 -0.00250715 0.00279091 0.00473878 -0.00588648 -0.00537287 0.00524028 0.00593768 -0.00686559 0.000552073 0.00658437
internal_weight=8.28491 7.62483 7.28484 3.97234 1.39651 2.57583 2.16067 3.3125 0.893896 0.660078 2.02492 2.76012 0.55238 1.78968
internal_count=16335 16152 15930 6605 4179 2426 1436 9325 761 183 1200 9024 301 1028
is_linear=0
shrinkage=0.03


Tree=274
num_leaves=15
num_cat=0
split_feature=58 19 52 37 5 18 52 19 19 58 27 19 25 18
split_gain=0.149972 0.106233 0.0837007 0.0911403 0.0631919 0.0533699 0.0401085 0.0213411 0.0205005 0.0176883 0.017385 0.0150116 0.0148695 0.0119722
threshold=1.0000000180025095e-35 7.5000000000000009 3.6127552040097792 1.0000000180025095e-35 1.0000000180025095e-35 0.12916666666666668 1.0343289473823132 2.5000000000000004 7.5000000000000009 3.5000000000000004 4.0000000000000009 14.500000000000002 2.5000000000000004 0.87867647058823539
decision_type=2 2 2 2 2 2 2 2 2 2 2 2 2 2
left_child=2 6 3 7 5 -3 9 13 -5 -2 11 -9 -8 -1
right_child=1 4 -4 8 -6 -7 12 10 -10 -11 -12 -13 -14 -15
leaf_value=0.0010218177932902236 -0.0040371139841612474 -0.0012235770128567723 0.002391851120287912 0.0031276319827155149 -0.0016332297318089467 0.0082639265065980426 0.0028642541329140683 -0.0081640687549428079 -0.0013026006756034507 0.00078836014384301724 5.3403987487776239e-05 0.00023511267433592011 -0.00089281106671412302 -0.0020344233402638441
leaf_weight=0.69359647664032387 1.0415340730960458 0.084518069441401056 0.4539277765816222 0.39932340525410825 0.10627778282650968 1.4163338047983414 0.47888166065240501 2.0948054798288931 0.15104798971151467 0.15661286350223225 0.23590397926272988 0.085926858762377267 0.35244596624033875 0.14477169531846812
leaf_count=929 733 1020 502 223 152 651 169 7651 76 43 221 1342 238 2312
internal_value=-0.000727272 0.00295617 -0.00381189 -0.00512098 0.00616605 0.00733586 -0.00138454 -0.00655213 0.00184375 -0.0033078 -0.00743109 -0.00787897 0.00176591 -0.000567583
internal_weight=7.89591 3.6366 4.2593 3.80538 1.60713 1.50085 2.02947 3.255 0.550371 1.19815 2.41664 2.18073 0.831328 0.838368
internal_count=16262 3006 13256 12754 1823 1671 1183 12455 299 776 9214 8993 407 3241
is_linear=0
shrinkage=0.03


Tree=275
num_leaves=15
num_cat=0
split_feature=19 56 33 53 30 40 18 53 38 44 44 26 53 44
split_gain=0.0977608 0.0825168 0.0719858 0.118125 0.104757 0.111008 0.0476422 0.039597 0.0366671 0.043078 0.0535543 0.0495123 0.0249642 0.0142281
threshold=10.500000000000002 1.0000000180025095e-35 1.0000000180025095e-35 3.2468620983371328 1.0000000180025095e-35 0.77500000000000013 0.25833333333333336 0.99541586762856193 0.3928571428571429 4.5000000000000009 6.5000000000000009 1.0000000180025095e-35 0.95502634113867735 4.5000000000000009
decision_type=2 2 2 2 2 2 2 2 2 2 2 2 2 2
left_child=1 2 3 4 5 -1 -2 -4 9 11 -11 -7 -8 -10
right_child=6 -3 7 -5 -6 8 12 -9 13 10 -12 -13 -14 -15
leaf_value=0.0026283180775111097 -0.0012841120411895101 0.0038402606639125788 0.0041001050665105164 0.0030961396921752407 0.0026105650884076397 -0.010204148647197346 0.0069825104851201419 -0.001731703526459709 0.0015523492054089554 0.0022528472402980923 -0.0038290067873507174 -0.00010308556942462661 -0.00071213757655295582 -0.0017589560307143422
leaf_weight=0.18966937935329031 0.25422277705592922 0.28851187607506279 0.53957079799147312 0.56451400240894134 0.32181245688116167 2.5703039741590605 0.49622173261195712 0.33846956466732081 0.38657135506764451 0.75936442932288606 0.63235162222008512 0.52837546957380244 0.047713540556287626 0.29302940572779335
leaf_count=151 2501 240 176 729 60 9084 186 63 538 396 651 259 1065 321
internal_value=-0.000303917 -0.001719 -0.00273658 -0.00379962 -0.00511252 -0.00615965 0.00467342 0.00221087 -0.00712526 -0.00782072 -0.00113891 -0.00919781 0.00627832 -0.00012261
internal_weight=8.2107 7.41254 7.12403 6.24599 5.68148 5.35967 0.798158 0.87804 5.17 4.4904 1.39172 3.09868 0.543935 0.679601
internal_count=16420 12668 12428 12189 11460 11400 3752 239 11249 10390 1047 9343 1251 859
is_linear=0
shrinkage=0.03


Tree=276
num_leaves=15
num_cat=0
split_feature=30 44 37 22 52 33 23 59 56 23 42 12 55 55
split_gain=0.116703 0.153471 0.125611 0.25319 0.209291 0.158638 0.127828 0.0851741 0.0512153 0.0353201 0.0332662 0.00039603 0.000139331 0.00382
threshold=1.0000000180025095e-35 11.500000000000002 1.0000000180025095e-35 0.81666666666666676 3.438811922224569 1.0000000180025095e-35 0.81666666666666676 1.5000000000000002 1.0000000180025095e-35 0.81666666666666676 1.0000000180025095e-35 1.0000000180025095e-35 -0.65459379401234574 -0.65560174430346652
decision_type=2 2 2 2 2 2 2 2 2 2 2 2 2 2
left_child=1 2 3 -1 5 7 -4 8 -5 -9 12 -6 13 -3
right_child=-2 10 6 4 11 -7 -8 9 -10 -11 -12 -13 -14 -15
leaf_value=0.0051708043102035974 0.0052395701342768334 -0.00090289600667987511 -0.0036680868967513898 -0.011704670624865752 0.0032917047001654923 0.0013102808863681822 0.0065862332021234355 0.0028948569391513946 0.00079725711425822604 -0.0024321949139891426 0.0061303175288656558 3.6979094835304171e-06 -0.00090939109328217209 0.00091714686743880371
leaf_weight=0.41820739855756972 0.58316981383541122 0.089354797983105527 0.25522003533114912 3.7205666105328423 0.5135209566051343 0.78035440178064153 0.54833048221189518 0.21331229235511273 0.05364501301664848 0.28655581057319057 0.40922860449791187 0.037970215340465074 0.099510462547186651 0.062305600295076147
leaf_count=312 298 99 181 14214 518 242 168 9 24 308 24 20 53 6
internal_value=-0.000509816 -0.00196765 -0.0035722 -0.00499067 -0.00690907 -0.00862311 0.00303599 -0.0102763 -0.0113124 0.000338367 0.00483575 0.00324567 -0.000845919 2.30846e-06
internal_weight=8.07125 7.48808 6.82768 6.02413 5.60593 5.05443 0.803551 4.27408 3.77421 0.499868 0.660399 0.551491 0.251171 0.15166
internal_count=16476 16178 15996 15647 15335 14797 349 14555 14238 317 182 538 158 105
is_linear=0
shrinkage=0.03


Tree=277
num_leaves=15
num_cat=0
split_feature=58 52 23 21 52 52 52 52 38 56 52 52 58 33
split_gain=0.131314 0.0962277 0.119883 0.0802401 0.0591308 0.0476305 0.0409743 0.0392635 0.0287775 0.0181956 0.012473 0.0106433 0.00951671 0.00941102
threshold=1.0000000180025095e-35 0.62963017883289629 0.81666666666666676 13.500000000000002 1.9758354613039071 0.057316312316024874 5.2036832726553373 0.4074831712993664 0.3928571428571429 1.0000000180025095e-35 2.1647983306263359 3.438811922224569 2.5000000000000004 1.0000000180025095e-35
decision_type=2 2 2 2 2 2 2 2 2 2 2 2 2 2
left_child=3 5 12 7 8 -2 9 13 -4 -5 -6 -12 -3 -1
right_child=1 2 4 6 10 -7 -8 -9 -10 -11 11 -13 -14 -15
leaf_value=-0.0035231836787985777 -0.0012772863572601224 -0.00010724346703333978 -0.0070921062713662567 -0.0075181571693360306 0.0025027619351720215 0.0071464571100538204 0.001069205289995364 0.001854823455235019 0.00065503727341149919 0.00047622788363324824 -0.0020193590688569944 0.0011108391722038443 0.0046790069752882246 0.00053337729507176653
leaf_weight=0.27948803784215703 0.088227802450092319 0.33945298448634287 0.8416899568073859 1.4099816671177903 0.17618389055132866 1.3443012032948898 0.093206869823916239 2.4421912625448385 0.13958230733624077 0.031658187159336992 0.20954640651871159 0.085636275267461315 0.38543293770635501 0.070727414917200804
leaf_count=3304 1079 200 760 6060 6 480 75 3841 158 8 177 6 139 24
internal_value=-0.000445364 0.00297547 -0.00108679 -0.00333767 -0.00447503 0.00618571 -0.00634573 0.000273955 -0.00628995 -0.00716788 0.00133586 -0.000934593 0.00400405 -0.00294721
internal_weight=7.93731 3.61005 2.17752 4.32725 1.45264 1.43253 1.53485 2.79241 0.981272 1.44164 0.471367 0.295183 0.724886 0.350215
internal_count=16317 3005 1446 13312 1107 1559 6143 7169 918 6068 189 183 339 3328
is_linear=0
shrinkage=0.03


Tree=278
num_leaves=15
num_cat=0
split_feature=52 54 19 37 26 24 41 25 19 31 24 37 14 35
split_gain=0.0972756 0.071699 0.0777316 0.0714583 0.0621326 0.0544815 0.0444157 0.0468378 0.0422987 0.0397678 0.0359208 0.11988 0.0352891 0.0337261
threshold=1.0680049290841331 -0.62293216066487767 2.5000000000000004 1.0000000180025095e-35 1.0000000180025095e-35 1.0000000180025095e-35 1.0000000180025095e-35 6.5000000000000009 12.500000000000002 1.0000000180025095e-35 1.0000000180025095e-35 1.0000000180025095e-35 1.0000000180025095e-35 0.44150000000000006
decision_type=2 2 2 2 2 2 2 2 2 2 2 2 2 2
left_child=4 6 -3 5 9 8 7 12 -4 10 11 -1 -2 -12
right_child=1 2 3 -5 -6 -7 -8 -9 -10 -11 13 -13 -14 -15
leaf_value=-0.0086159625311139579 0.0069124269451899725 0.0031421033073333457 -0.0076917867547939018 0.0020749731439339866 0.0015392191389238729 0.001518489874134079 -0.0016159938376320594 -0.0014403374400570206 0.00098649188332102628 0.0010131699844305945 0.0028859053977791328 0.0024656085688837034 -0.00071534098255913753 -0.0024109004582341942
leaf_weight=2.1572339288134135 1.4662521840327825 0.4203392697099847 1.2701611658530962 0.33717281658027776 0.51672813388722705 0.1059921288397162 0.15079618075651513 0.12572704127160239 0.11036370834517573 0.21148048332770475 0.2111313497298396 0.1768253061454742 0.2370112752978456 0.15575932558567729
leaf_count=8569 1028 970 2790 130 390 45 635 106 799 311 187 84 240 112
internal_value=-0.00152799 0.00135021 -0.00174812 -0.0039292 -0.0042646 -0.00570013 0.00397573 0.00504003 -0.00682484 -0.00550175 -0.00622589 -0.00702606 0.00603791 0.000500148
internal_weight=7.65297 4.22382 2.24403 1.82369 3.42916 1.48652 1.97979 1.82899 1.38052 2.91243 2.70095 2.33406 1.70326 0.366891
internal_count=16396 6743 4734 3764 9653 3634 2009 1374 3589 9263 8952 8653 1268 299
is_linear=0
shrinkage=0.03


Tree=279
num_leaves=15
num_cat=0
split_feature=30 44 18 40 56 35 35 19 42 26 52 52 44 34
split_gain=0.10875 0.12326 0.103199 0.0985812 0.103874 0.0630811 0.062419 0.0450606 0.036402 0.0300309 0.037051 0.0225696 0.0137299 0.0108223
threshold=1.0000000180025095e-35 11.500000000000002 0.77350427350427364 0.77500000000000013 1.0000000180025095e-35 0.51715000000000011 0.62625000000000008 1.5000000000000002 1.0000000180025095e-35 1.0000000180025095e-35 3.438811922224569 1.0343289473823132 1.0000000180025095e-35 1.0000000180025095e-35
decision_type=2 2 2 2 2 2 2 2 2 2 2 2 2 2
left_child=1 2 3 -1 5 9 -7 -4 -3 10 -5 -11 -9 -14
right_child=-2 8 7 4 -6 6 -8 12 -10 11 -12 -13 13 -15
leaf_value=0.002886727215952675 0.0055214291263071379 -0.0010051417865204228 -0.0022271346055754808 -0.0085793515864793311 0.0026537714308017941 0.003954808709283433 -0.0031421147143157117 0.0047296407455492441 0.0059802346100569226 0.0019822874710391791 0.00053474209068791404 -0.0022703987161327142 -0.0015629629431546015 0.0013307924646336019
leaf_weight=0.21029693496529933 0.58647289326472662 0.2441334331560937 0.15964579491765096 3.62577311679479 0.18966511951293785 0.29399674182059232 0.22817682477852941 0.62656756965225191 0.40307204822602216 0.35115358122493479 0.18985963062914368 0.15224298090106458 0.16509179133936414 0.51359878119365021
leaf_count=154 313 158 2336 10218 122 88 628 987 25 241 205 93 412 301
internal_value=9.18103e-05 -0.00142928 -0.00292712 -0.00456525 -0.0056093 -0.00661421 0.000821169 0.00218592 0.00457662 -0.00748853 -0.00809791 -9.01924e-05 0.00374671 -1.45145e-05
internal_weight=7.93975 7.35327 6.70607 5.24116 5.03087 4.8412 0.522174 1.4649 0.647205 4.31903 3.81563 0.503397 1.30526 0.678691
internal_count=16281 15968 15785 11749 11595 11473 716 4036 183 10757 10423 334 1700 713
is_linear=0
shrinkage=0.03


Tree=280
num_leaves=15
num_cat=0
split_feature=53 53 30 40 53 25 10 21 18 36 18 58 41 53
split_gain=0.0950562 0.114006 0.0967354 0.0928391 0.0835763 0.0604265 0.0516039 0.045718 0.0338798 0.02937 0.0475369 0.0233579 0.0183665 0.0194382
threshold=0.95502634113867735 0.62963017883289629 1.0000000180025095e-35 0.77500000000000013 3.2468620983371328 1.0000000180025095e-35 1.0000000180025095e-35 12.500000000000002 0.28869047619047622 1.0000000180025095e-35 0.7958333333333335 3.5000000000000004 1.5000000000000002 0.56450435462351634
decision_type=2 2 2 2 2 2 2 2 2 2 2 2 2 2
left_child=1 8 3 -2 6 -3 7 -5 -1 10 12 -9 13 -10
right_child=2 5 -4 4 -6 -7 -8 11 9 -11 -12 -13 -14 -15
leaf_value=-0.0035846549349384262 0.0030687934833703661 -0.0013828490250387432 0.0037642422689407062 -0.0010839446527622491 0.0016657722539156698 0.00829160909760677 0.00126208367367195 -0.0096170283861895505 0.0052420295993594644 -0.0021962415459557722 -0.0016615183794563746 0.00022029980202838443 -0.00078911064860368756 -0.00074371188036605207
leaf_weight=0.2892391062516716 0.22491209628060449 0.095733292908334877 0.38242565174004983 1.5353720506254842 0.60212038722784189 1.1000138761228297 0.14627612500771636 1.3576972738123911 1.1828056491249301 0.15537132587633085 0.70439050668392145 0.13823934365063895 0.051039315061643609 0.049659642552796757
leaf_count=2814 168 969 74 1482 864 745 61 4815 912 639 2662 54 8 150
internal_value=0.000609195 0.0033606 -0.0020061 -0.00362738 -0.00494988 0.00713637 -0.00636269 -0.00708606 -0.000877999 0.0010413 0.00226889 -0.009102 0.0041241 0.00468992
internal_weight=8.0153 3.62825 4.38704 4.00462 3.77971 1.19575 3.17758 3.03131 2.43251 2.14327 1.9879 1.49594 1.2835 1.23247
internal_count=16417 8899 7518 7444 7276 1714 6412 6351 7185 4371 3732 4869 1070 1062
is_linear=0
shrinkage=0.03


Tree=281
num_leaves=14
num_cat=0
split_feature=60 49 49 46 5 7 52 52 41 48 33 25 10
split_gain=0.0689187 0.146272 0.0624208 0.0589527 0.0639237 0.0404992 0.0420673 0.0348142 0.0242212 0.0136044 0.00968324 0.00184999 0.000321086
threshold=1.0000000180025095e-35 1.0000000180025095e-35 1.0000000180025095e-35 2.5000000000000004 1.0000000180025095e-35 1.0000000180025095e-35 0.057316312316024874 0.11165176876591411 1.0000000180025095e-35 2.5000000000000004 1.0000000180025095e-35 4.5000000000000009 1.0000000180025095e-35
decision_type=2 2 2 2 2 2 2 2 2 2 2 2 2
left_child=2 -2 7 4 5 6 -3 -1 -8 -9 -4 -5 -12
right_child=1 3 10 11 -6 -7 8 9 -10 -11 12 -13 -14
leaf_value=-0.0020123500712323733 -0.0045349910638537282 -0.0011938871394165098 -0.0052699700100164891 0.00018614736694425304 -0.0019932741578847081 -0.0012374494703835501 0.0068561004267594788 0.003899128240648574 -0.00060169393632232841 -0.00071846832937214544 -0.00030557376173651513 -0.0020003482170216874 0.00021202305425994434
leaf_weight=0.14318275908362943 0.50168811623007048 0.082187312174482829 0.84696041036204384 0.0413873633424372 0.133565543309487 0.08152890616111097 4.6183783743608728 0.82173048698496132 0.091787959569046396 0.044392628828063607 0.24195252686331514 0.29643057764042169 0.20342195290140808
leaf_count=2760 2330 778 3171 42 432 107 2495 3893 140 4 65 226 27
internal_value=0.000910837 0.00245247 -0.00232485 0.00416452 0.0049666 0.00568179 0.00612921 0.00173483 0.00657475 0.00332626 -0.00462325 -0.00180239 -8.91093e-05
internal_weight=8.14859 5.84695 2.30164 5.34527 5.00745 4.87388 4.79235 1.00931 4.71017 0.866123 1.29233 0.337818 0.445374
internal_count=16470 6550 9920 4220 3952 3520 3413 6657 2635 3897 3263 268 92
is_linear=0
shrinkage=0.03


Tree=282
num_leaves=15
num_cat=0
split_feature=54 30 55 19 35 54 24 52 55 52 23 23 35 19
split_gain=0.09817 0.186504 0.0860603 0.085806 0.0747557 0.0740144 0.0666921 0.0556636 0.0459759 0.044159 0.049188 0.0404768 0.0349834 0.0205348
threshold=-0.62293216066487767 1.0000000180025095e-35 -0.61622116297079621 2.5000000000000004 0.51715000000000011 -0.72817777264030059 1.0000000180025095e-35 0.11165176876591411 -0.70060577474483832 1.9758354613039071 0.81666666666666676 0.70833333333333348 0.62625000000000008 1.5000000000000002
decision_type=2 2 2 2 2 2 2 2 2 2 2 2 2 2
left_child=2 3 9 13 6 -4 7 -5 -9 10 -1 -7 -6 -2
right_child=1 -3 5 4 12 11 -8 8 -10 -11 -12 -13 -14 -15
leaf_value=0.0018831129780242217 -0.001321767623370658 0.0052733271229325291 -0.0013343533210146898 0.00051038550010397866 0.0034735870063352476 -0.00088259021776881409 0.0011750334304916872 0.0004915897677910489 -0.010028593164137492 0.0026414807120329342 -0.0043240019879097888 0.0088288902273111983 -0.0020630818154473039 0.0031825922861416899
leaf_weight=0.39811795356126833 0.091801219524768718 0.58956774760736141 0.33397008127167271 0.3716321104773227 0.25399561581434671 0.057532912100214051 0.26484567481020338 0.21395070434027874 1.9633632649820343 0.47103380638691295 1.2269689832505724 1.0748685356875283 0.14412696054660046 0.43264861740863125
leaf_count=278 1295 321 634 2942 64 15 181 334 4784 458 3347 795 404 641
internal_value=0.000663303 -0.00201521 0.00347094 -0.00460286 -0.006021 0.0064094 -0.0072265 -0.00823227 -0.00925442 -0.000710503 -0.00260338 0.008087 0.00142025 0.00197162
internal_weight=7.88842 4.32593 3.56249 3.73636 3.21191 1.46637 2.81379 2.54895 2.17731 2.09612 1.62509 1.1324 0.398123 0.52445
internal_count=16493 10966 5527 10645 8709 1444 8241 8060 5118 4083 3625 810 468 1936
is_linear=0
shrinkage=0.03


Tree=283
num_leaves=15
num_cat=0
split_feature=36 52 52 53 53 18 25 39 21 5 52 5 21 25
split_gain=0.0818917 0.0869964 0.080371 0.120112 0.0641188 0.0440436 0.047635 0.0677084 0.047852 0.0377262 0.0349077 0.0355958 0.0335266 0.0221129
threshold=1.0000000180025095e-35 0.057316312316024874 2.5242680868836214 0.95502634113867735 2.054090377967555 0.69615384615384623 5.5000000000000009 1.0000000180025095e-35 15.500000000000002 1.0000000180025095e-35 2.1647983306263359 1.0000000180025095e-35 22.000000000000004 1.5000000000000002
decision_type=2 2 2 2 2 2 2 2 2 2 2 2 2 2
left_child=1 -1 3 9 12 6 7 8 10 -3 11 -5 -4 -7
right_child=-2 2 4 5 -6 13 -8 -9 -10 -11 -12 -13 -14 -15
leaf_value=-0.0035686175627026575 -0.0039968164649790902 0.0083835348818126453 -0.0052370333808806711 0.0070133275277540173 0.0025634754874325314 -0.0041716918106837059 -0.0021586697931522516 -0.0025666067718185782 -0.001423926833126375 -0.00085929061536724367 -0.00087826715489828556 -0.00098656303293660438 0.0012588614903118291 0.0010905385235716548
leaf_weight=0.26844008609623404 0.2970695201138368 2.4414640125714873 0.76191941773504346 1.9167758931780574 0.56486226096512837 0.34788671781552682 0.55038749087088934 0.17623052057024313 0.22660770222319104 0.055856919064353749 0.18363275029878412 0.061588374614075181 0.097224622202702449 0.074258102540625259
leaf_count=4480 1200 2907 936 1469 3001 363 458 175 429 353 188 128 257 40
internal_value=0.00146317 0.0024517 0.00337713 0.00462898 -0.00153305 0.000311309 0.00180959 0.00323382 0.00463642 0.0078866 0.00565064 0.00639352 -0.00413556 -0.00310989
internal_weight=8.0242 7.72713 7.45869 6.03469 1.42401 3.53737 3.11522 2.56484 2.3886 2.49732 2.162 1.97836 0.859144 0.422145
internal_count=16384 15184 10704 6510 4194 3250 2847 2389 2214 3260 1785 1597 1193 403
is_linear=0
shrinkage=0.03


Tree=284
num_leaves=15
num_cat=0
split_feature=60 56 37 33 53 24 22 53 19 19 19 53 19 19
split_gain=0.137761 0.136274 0.132676 0.151002 0.179202 0.153341 0.0871542 0.0408649 0.0322441 0.0170453 0.0072409 0.0050636 0.000747076 5.66332e-05
threshold=11.500000000000002 1.0000000180025095e-35 1.0000000180025095e-35 1.0000000180025095e-35 3.2468620983371328 1.0000000180025095e-35 0.81666666666666676 0.99541586762856193 13.500000000000002 9.5000000000000018 2.5000000000000004 3.3300921486066026 18.500000000000004 7.5000000000000009
decision_type=2 2 2 2 2 2 2 2 2 2 2 2 2 2
left_child=1 2 3 4 5 8 -4 -5 -1 13 -6 -12 -10 -2
right_child=9 -3 6 7 10 -7 -8 -9 12 -11 11 -13 -14 -15
leaf_value=-0.010564307620268337 1.40448396145242e-05 0.0043053729296810969 -0.0029578648037253169 0.0042258547167508057 0.003269375860636707 0.0025231302397125659 0.0057122371989469511 -0.0017514109162822247 0.00061193355137048448 0.0057031512970398069 0.00091238926908292336 -0.0011826518177009363 -0.00026889156494025121 -0.00043533172638309095
leaf_weight=4.0673331223747482 0.14974857362903993 0.32726969779469062 0.20045476099403459 0.49373711459338654 0.24957199831806054 0.18853773394948792 0.49760101162246417 0.32176789519144222 0.10454492567532714 0.38282495638122782 0.066072293082470424 0.18279413822529023 0.01808372429877636 0.05773626928566955
leaf_count=12547 94 223 174 179 347 149 173 67 916 27 39 462 964 62
internal_value=-0.00152533 -0.00308817 -0.0044028 -0.00581089 -0.00744106 -0.0090664 0.00287549 0.00229863 -0.0102346 0.00491216 0.00266497 -0.000309677 0.000351072 -0.000392123
internal_weight=7.30808 6.71777 6.3905 5.69244 4.87694 4.3785 0.698056 0.815505 4.18996 0.59031 0.498438 0.248866 0.122629 0.207485
internal_count=16423 16240 16017 15670 15424 14576 347 246 14427 183 848 501 1880 156
is_linear=0
shrinkage=0.03


Tree=285
num_leaves=15
num_cat=0
split_feature=58 53 18 37 18 18 21 44 52 52 35 44 35 51
split_gain=0.0883117 0.0685173 0.0680764 0.0800475 0.0642032 0.0438515 0.0490526 0.0326681 0.0404199 0.0321259 0.0299615 0.0175892 0.0136501 0.00698695
threshold=1.0000000180025095e-35 0.62963017883289629 0.77350427350427364 1.0000000180025095e-35 0.45993589743589752 0.85164835164835173 15.500000000000002 1.5000000000000002 1.0343289473823132 3.6127552040097792 0.37565000000000009 2.5000000000000004 0.65070000000000017 1.0000000180025095e-35
decision_type=2 2 2 2 2 2 2 2 2 2 2 2 2 2
left_child=2 -2 3 9 10 6 -4 8 -6 13 -3 -9 -5 -1
right_child=1 4 5 12 7 -7 -8 11 -10 -11 -12 -13 -14 -15
leaf_value=-0.006637464341097115 -0.0025640981606720311 0.006954295208591631 0.0050652057101389352 0.0029701139979586696 -0.0042000357577742569 -0.0022264327631680565 -0.0018510241392622956 0.00340440560155583 0.0017140661702304974 0.0007109336783085162 -0.0007295597043402534 -0.0010427152968194295 -0.00095695848057088468 2.8729938531807787e-06
leaf_weight=2.0569219837200321 0.30607020154866438 1.645656787501139 0.94682821440801468 0.39412734018333129 0.68780473886545201 0.25501206867147619 0.14551734710130404 0.25303978734882537 0.3156239421441569 0.23363027168670658 0.12054851617358497 0.117666306294268 0.064512261385971215 0.14601263170698064
leaf_count=8621 1532 766 869 215 328 2803 380 156 101 205 111 65 90 212
internal_value=0.000182805 0.0029442 -0.00228498 -0.00412615 0.00426982 0.00177282 0.00354258 -0.000550543 -0.00243713 -0.00571017 0.00632093 0.00230401 0.00208863 -0.00640541
internal_weight=7.68897 3.44641 4.24256 2.8952 3.14034 1.34736 1.09235 1.37413 1.00343 2.43656 1.76621 0.370706 0.45864 2.20293
internal_count=16454 3059 13395 9343 1527 4052 1249 650 429 9038 877 221 305 8833
is_linear=0
shrinkage=0.03


Tree=286
num_leaves=15
num_cat=0
split_feature=58 53 55 20 33 52 36 55 55 54 54 20 35 55
split_gain=0.0850516 0.0920411 0.0704027 0.0595504 0.0587856 0.0700768 0.0538337 0.0481735 0.0381416 0.0360324 0.0621382 0.0482945 0.0353482 0.0256397
threshold=1.0000000180025095e-35 0.62963017883289629 -0.65683667544064961 9.5000000000000018 1.0000000180025095e-35 5.2036832726553373 1.0000000180025095e-35 1.477697169468871 -0.65135202080771037 -0.64716052635830568 -0.65060519653594373 5.5000000000000009 0.51715000000000011 2.5540139374371491
decision_type=2 2 2 2 2 2 2 2 2 2 2 2 2 2
left_child=4 -2 -3 6 5 9 7 -4 -6 10 11 -1 13 -11
right_child=1 2 3 -5 8 -7 -8 -9 -10 12 -12 -13 -14 -15
leaf_value=0.0015643461002221636 -0.0027876821007376501 -0.0014994596451667328 0.0089181436571362776 -0.001272477920600474 0.0043437007227948203 0.002689140817613578 -0.0012540798017827517 -0.00058621824099987685 -0.00154894238244164 -0.0069921147527710311 0.0037957442195021129 -0.0049483946281542865 0.0007855830097332644 0.00069193263859600531
leaf_weight=0.50490153435521279 0.33338433274957457 0.44910218916720657 2.2647355584258562 0.22747424279623363 0.48732323199510574 0.25514354186452681 0.081090126777780713 0.275971977127483 0.34089754613523826 1.6604319098967155 0.26448136864837601 0.47702044210609529 0.24606870480238274 0.062674998349393607
leaf_count=1121 1532 396 843 86 146 362 96 118 105 8572 44 2343 351 264
internal_value=0.00122598 0.0037427 0.00520588 0.00644531 -0.00141343 -0.00293954 0.0073758 0.00808229 0.00253809 -0.00424609 7.90568e-05 -0.00279643 -0.00564411 -0.00649106
internal_weight=7.9307 3.63176 3.29837 2.84927 4.29894 3.47072 2.6218 2.54071 0.828221 3.21558 1.2464 0.981922 1.96918 1.72311
internal_count=16379 3071 1539 1143 13308 13057 1057 961 251 12695 3508 3464 9187 8836
is_linear=0
shrinkage=0.03


Tree=287
num_leaves=15
num_cat=0
split_feature=56 18 1 25 9 37 35 54 53 54 18 35 23 48
split_gain=0.10062 0.117731 0.0704855 0.0648505 0.0608303 0.0722323 0.0600786 0.0363925 0.0967204 0.0559737 0.0437433 0.0336892 0.0100762 0.00926895
threshold=1.0000000180025095e-35 0.48529411764705888 1.0000000180025095e-35 1.5000000000000002 1.0000000180025095e-35 1.0000000180025095e-35 0.37565000000000009 -0.61997034148718144 3.438811922224569 -0.65704349032961484 0.63961038961038974 1.0000000180025095e-35 0.81666666666666676 2.5000000000000004
decision_type=2 2 2 2 2 2 2 2 2 2 2 2 2 2
left_child=1 2 4 7 5 -1 -5 9 11 10 12 -9 -3 -10
right_child=-2 3 -4 6 -6 -7 -8 8 13 -11 -12 -13 -14 -15
leaf_value=-0.010107974368121863 0.0045941070491680204 0.002851116264833739 0.0013731034746665342 0.0059332129306412396 0.0011893997731631518 0.00059957404789304062 -0.0017714272926711589 -0.0060440633974114333 0.0035061315829504362 0.0042375078632683541 -0.0037827680120440968 0.0010832309617990177 -0.00069803430731786695 -0.00055764791713621418
leaf_weight=1.2620359713282598 0.35392659738135979 0.19993196375435218 0.33095246150969604 0.70616188986605255 0.16217727934508719 0.42844460631749814 0.28039882442135422 1.6493488544560935 0.3443733427702681 0.46403491491310012 0.86209239057734521 0.073391820420510956 0.12692245124344459 0.033878718502819538
leaf_count=5642 261 5 1532 268 295 242 581 4508 454 291 2055 11 247 2
internal_value=-0.00121108 -0.0024709 -0.00615359 0.000547963 -0.00751296 -0.00853996 0.00402358 -0.0014465 -0.00310301 0.00120513 -0.00189374 -0.0053216 0.00205754 0.00297929
internal_weight=7.27807 6.92415 2.18361 4.74054 1.85266 1.69048 0.986561 3.75397 2.10099 1.65298 1.18895 1.72274 0.326854 0.378252
internal_count=16394 16133 7711 8422 6179 5884 849 7573 4975 2598 2307 4519 252 456
is_linear=0
shrinkage=0.03


Tree=288
num_leaves=15
num_cat=0
split_feature=30 25 33 47 35 35 19 21 48 60 60 60 27 27
split_gain=0.0985955 0.114704 0.0887218 0.070163 0.0591169 0.056329 0.0346125 0.0311724 0.017003 0.0134329 0.039004 0.0657267 0.00736991 0.0230788
threshold=1.0000000180025095e-35 11.500000000000002 1.0000000180025095e-35 1.0000000180025095e-35 0.51715000000000011 0.62625000000000008 4.5000000000000009 15.500000000000002 2.5000000000000004 1.0000000180025095e-35 2.5000000000000004 1.5000000000000002 2.5000000000000004 1.5000000000000002
decision_type=2 2 2 2 2 2 2 2 2 2 2 2 2 2
left_child=1 2 3 4 9 -6 -4 -3 -5 -1 11 12 13 -11
right_child=-2 7 6 8 5 -7 -8 -9 -10 10 -12 -13 -14 -15
leaf_value=-0.0087934810189752924 0.0050378512026747957 -0.00093009464800109421 0.0039434754689795107 0.0031774075235193669 0.0039877165841677746 -0.0028263956550506225 -0.0017589905589052547 0.005519249029243967 -0.0011236079033302639 -0.0017540475762122673 -0.004745451911226062 0.0038552342018397683 -0.0035137904098298802 0.0022298182588229259
leaf_weight=0.81631240148999484 0.5144262857211287 0.24960855697645445 0.67250378758762952 0.22989011430763628 0.29748691778513592 0.20352891640322923 0.099638913321541622 0.37317774438997731 0.072523405979154631 1.3823976583689734 1.459101671875487 0.52676938597187462 0.26569294216096739 0.15637477627024043
leaf_count=9224 302 163 209 165 93 609 33 22 17 1411 2631 1065 350 35
internal_value=-0.000248466 -0.00170163 -0.00317624 -0.00443104 -0.00528879 0.001173 0.00246946 0.00419623 0.0020659 -0.00613392 -0.00272168 0.000151355 -0.00238818 -0.000317783
internal_weight=7.31943 6.80501 6.18222 5.41008 5.10766 0.501016 0.772143 0.622786 0.302414 4.60665 3.79034 2.33123 1.80447 1.53877
internal_count=16329 16027 15842 15600 15418 702 242 185 182 14716 5492 2861 1796 1446
is_linear=0
shrinkage=0.03


Tree=289
num_leaves=15
num_cat=0
split_feature=30 42 19 44 52 37 24 26 36 44 24 52 52 44
split_gain=0.0990519 0.080726 0.11358 0.0879899 0.106697 0.0860603 0.112838 0.113277 0.0615383 0.047062 0.0469371 0.0271035 0.0511036 0.0191214
threshold=1.0000000180025095e-35 1.0000000180025095e-35 5.5000000000000009 1.5000000000000002 1.4066094126709543 1.0000000180025095e-35 1.0000000180025095e-35 1.0000000180025095e-35 1.0000000180025095e-35 11.500000000000002 1.0000000180025095e-35 1.6075917436324201 3.438811922224569 6.5000000000000009
decision_type=2 2 2 2 2 2 2 2 2 2 2 2 2 2
left_child=1 2 3 4 -1 6 7 -4 13 -3 -7 -6 -13 -5
right_child=-2 9 5 8 11 10 -8 -9 -10 -11 -12 12 -14 -15
leaf_value=-0.0052637621775699422 0.0052764967445569789 -0.001605295553861195 -0.010382091622388156 0.0069327620877517619 0.0041785065420172776 0.0039238754711643006 0.0022756747627126635 0.0017761756328442443 -0.0018534966304676124 0.0054483351388073219 -0.002412215130529903 -0.0032423813303953581 0.0027113653914020435 -0.00051505572548658058
leaf_weight=1.3534760318066226 0.5700347015808801 0.22101257163922117 1.8191746797074313 0.73142254219783343 0.46457139378981072 0.32026146526914079 0.16238598592462938 0.21077097183660942 0.12847264875745168 0.37018148059723899 0.16403398381953593 0.68303700785691013 0.55244445514836116 0.056847932763048448
leaf_count=3510 316 3177 6278 328 119 82 125 152 493 23 150 1028 449 139
internal_value=8.04566e-05 -0.0013825 -0.00255812 0.000803867 -0.00180715 -0.0057561 -0.00734756 -0.00886471 0.00477649 0.00360767 0.00156354 0.00230251 -0.000549785 0.00641147
internal_weight=7.80813 7.23809 6.6469 3.97027 3.05353 2.67663 2.19233 2.02995 0.916743 0.591194 0.484295 1.70005 1.23548 0.78827
internal_count=16369 16053 12853 6066 5106 6787 6555 6430 960 3200 232 1596 1477 467
is_linear=0
shrinkage=0.03


Tree=290
num_leaves=15
num_cat=0
split_feature=52 52 52 52 52 35 9 21 27 59 21 18 18 21
split_gain=0.0617774 0.116332 0.0661632 0.0599763 0.0617042 0.0550113 0.0312857 0.0281234 0.0292015 0.0254998 0.0317699 0.0217463 0.0207063 0.0189613
threshold=0.62963017883289629 0.057316312316024874 0.99541586762856193 2.5242680868836214 5.2036832726553373 0.62625000000000008 1.0000000180025095e-35 10.500000000000002 1.5000000000000002 1.5000000000000002 13.500000000000002 0.57738095238095244 0.81534090909090928 16.500000000000004
decision_type=2 2 2 2 2 2 2 2 2 2 2 2 2 2
left_child=1 -1 9 5 6 7 12 -4 -9 -2 -11 -3 13 -5
right_child=2 11 3 4 -6 -7 -8 8 -10 10 -12 -13 -14 -15
leaf_value=-0.0034558228358844414 -0.0052136728078129423 0.0066216819515867381 -0.00075332640217465005 -0.0065194246947199025 0.0026082905377108924 -0.0022496250396874013 0.0011276407316111461 0.0058104579298469258 -0.00082620256573313054 0.0028495616800538262 -0.0022772162496099016 0.00013831636267942526 0.00061919057629513427 0.00038527470997485615
leaf_weight=0.25866714449557582 0.95574521716298455 1.5117334643719007 0.32934382193707401 0.74799522618741299 0.25101689350776712 0.15864853132643464 0.125805628321359 1.9352117286512114 0.17308239320027485 0.23415077391109662 0.17522751553769922 0.63700443490324676 0.11009371726049721 0.16774191683089157
leaf_count=4483 2085 1949 447 772 371 435 155 1456 297 71 46 922 960 1971
internal_value=0.000897436 0.00358777 -0.00095647 0.00115919 -0.00220568 0.00314582 -0.0042443 0.00435259 0.00512864 -0.00415955 0.000586411 0.00569289 -0.00521299 -0.00585793
internal_weight=7.77147 2.40741 5.36406 3.99894 1.40265 2.59629 1.15164 2.43764 2.10829 1.36512 0.409378 2.14874 1.02583 0.915737
internal_count=16420 7354 9066 6864 4229 2635 3858 2200 1753 2202 117 2871 3703 2743
is_linear=0
shrinkage=0.03


Tree=291
num_leaves=15
num_cat=0
split_feature=30 25 37 24 33 53 23 56 53 21 51 53 53 53
split_gain=0.126309 0.130161 0.126932 0.241171 0.211334 0.177763 0.0836946 0.0623314 0.0348343 0.0313414 0.0244248 0.00415619 0.00219886 0.00358147
threshold=1.0000000180025095e-35 11.500000000000002 1.0000000180025095e-35 1.0000000180025095e-35 1.0000000180025095e-35 3.2468620983371328 0.81666666666666676 1.0000000180025095e-35 2.8636420052419664 15.500000000000002 1.5000000000000002 5.3997877885463827 3.9976927939054847 3.3300921486066026
decision_type=2 2 2 2 2 2 2 2 2 2 2 2 2 2
left_child=1 2 3 4 5 7 -4 10 -6 -3 -1 12 13 -7
right_child=-2 9 6 -5 8 11 -8 -9 -10 -11 -12 -13 -14 -15
leaf_value=-0.011797536188747097 0.0050928420529580305 -0.00098627524976860467 -0.002828861219374413 0.004790374168265288 0.0040084990888941633 0.00082725347082306447 0.005754122565577926 0.00097701283729732281 -0.001724663875880345 0.0053603309205785413 0.00020159160534676394 -0.00037856182363565184 0.0025704242202259754 -0.00094468817880635379
leaf_weight=3.6288181238605839 0.54960464761825267 0.24570796222906199 0.19688758543634322 0.38171314033388615 0.66068495760555368 0.060106387034465913 0.46330960586783465 0.066557386599015333 0.11778957824571989 0.36284872121177614 0.088653444989176822 0.025526841747705475 0.31709669228439452 0.063856970456981799
leaf_count=14110 304 162 185 304 187 31 158 39 60 20 79 346 267 169
internal_value=-0.000997409 -0.00255658 -0.0040442 -0.00547852 -0.00739918 -0.00944266 0.00299207 -0.0110591 0.002524 0.00400634 -0.011541 0.00200425 0.00233933 -0.000115572
internal_weight=7.22916 6.67956 6.071 5.4108 5.02909 4.25062 0.660197 3.78403 0.778475 0.608557 3.71747 0.466587 0.44106 0.123963
internal_count=16421 16117 15935 15592 15288 15041 343 14228 247 182 14189 813 467 200
is_linear=0
shrinkage=0.03


Tree=292
num_leaves=15
num_cat=0
split_feature=59 19 20 33 55 44 36 55 22 55 55 35 20 35
split_gain=0.0712818 0.0934305 0.0699454 0.0637275 0.0655024 0.107326 0.0549514 0.0571619 0.0525126 0.0443606 0.0439967 0.0298036 0.0217909 0.0172627
threshold=1.0000000180025095e-35 5.5000000000000009 7.5000000000000009 1.0000000180025095e-35 -0.54943866764432625 1.5000000000000002 1.0000000180025095e-35 -0.65683667544064961 0.81666666666666676 1.6231691602110228 2.271423557725051 0.51715000000000011 11.500000000000002 0.37565000000000009
decision_type=2 2 2 2 2 2 2 2 2 2 2 2 2 2
left_child=1 3 6 4 5 -1 7 -2 -4 12 11 -3 -6 -7
right_child=2 10 8 -5 9 13 -8 -9 -10 -11 -12 -13 -14 -15
leaf_value=-0.0074793505037783368 -0.0013868171862292443 -0.0081431606329335354 0.0022544079025574718 0.003928661040456808 0.0045848658818799385 0.0032208838007417072 -0.0019590693602218726 0.0065612488469680022 -0.0045276200242573813 -0.0021202273043378298 0.0011136528458200888 0.00036756083424030337 -0.00095767274130776692 -0.001052830419008474
leaf_weight=0.65831575987613222 0.28284826065555524 1.1408126564842858 0.17163679408258758 0.72866401841747563 0.78505094329739222 0.41631757175491657 0.13168105580734835 1.5003014951407752 0.59632656742360257 0.29082540138642798 0.099703498315648065 0.23121030611036975 0.066531753446724906 0.14566559317063366
leaf_count=2319 636 7114 104 224 943 277 198 759 286 1242 351 331 1087 508
internal_value=-0.00122851 -0.00306617 0.00187173 0.000450592 -0.00193134 -0.00445885 0.00399107 0.00523385 -0.00247815 0.00188803 -0.00645722 -0.0073416 0.00378387 0.00215601
internal_weight=7.24589 4.5631 2.68279 3.09137 2.36271 1.2203 1.91483 1.78315 0.767963 1.14241 1.47173 1.37202 0.851583 0.561983
internal_count=16379 14396 1983 6600 6376 3104 1593 1395 390 3272 7796 7445 2030 785
is_linear=0
shrinkage=0.03


Tree=293
num_leaves=15
num_cat=0
split_feature=44 53 52 53 53 55 55 55 20 22 56 52 52 55
split_gain=0.0703238 0.0628859 0.0589904 0.0614408 0.039861 0.0346479 0.0325333 0.0312241 0.0305589 0.0193562 0.0168224 0.0159865 0.0148921 0.0125455
threshold=2.5000000000000004 1.4066094126709543 1.8505551827656268 0.11165176876591411 1.1292754870689443 1.929387024237178 -0.65459379401234574 -0.69766702060585761 9.5000000000000018 0.81666666666666676 1.0000000180025095e-35 1.0680049290841331 1.6444966750710746 -0.65309347779252425
decision_type=2 2 2 2 2 2 2 2 2 2 2 2 2 2
left_child=1 2 3 -1 -5 9 11 12 -8 -4 -9 -3 -2 -11
right_child=7 6 5 4 -6 -7 8 10 -10 13 -12 -13 -14 -15
leaf_value=-0.0023894018994166555 -0.0013743542862228336 -0.0022919426226239168 0.00067160327164873974 0.0051902608773905651 -0.0013798065058456886 0.0012751475754432255 0.0060134517870526812 -0.0052446290745812195 -0.00073552316961783526 0.00011951230811302841 0.00064507764904476648 0.0013439915450888997 0.0020284181117845804 -0.0064017286986484418
leaf_weight=0.67902474653760725 0.3423870631809226 0.18153992409270392 0.044319368316791952 1.046893913570784 0.19641673852038355 0.11873660611490777 1.374019429794316 1.1825268823981785 0.25272670063168323 0.21587375283343135 0.043753066653152817 0.35538038315462472 0.4475349642252695 0.55611512693212706
leaf_count=4480 1232 236 9 1768 302 219 1954 1877 2675 301 41 325 398 683
internal_value=-0.000273424 0.001589 -0.00116149 0.00162716 0.00394151 -0.00409672 0.00403448 -0.00339312 0.00513754 -0.00522875 -0.00476487 -0.000723063 0.000625593 -0.00580765
internal_weight=7.03725 5.02105 2.85738 1.92234 1.24331 0.935045 2.16367 2.0162 1.62675 0.816308 1.22628 0.53692 0.789922 0.771989
internal_count=16500 12952 7762 6550 2070 1212 5190 3548 4629 993 1918 561 1630 984
is_linear=0
shrinkage=0.03


Tree=294
num_leaves=15
num_cat=0
split_feature=30 54 37 22 53 31 23 54 19 19 53 19 53 23
split_gain=0.112598 0.129156 0.0881948 0.156296 0.115489 0.143232 0.065845 0.0608247 0.0331316 0.0401259 0.015805 0.0156379 0.0149919 0.0137505
threshold=1.0000000180025095e-35 -0.70764991985603098 1.0000000180025095e-35 0.81666666666666676 5.2036832726553373 1.0000000180025095e-35 0.81666666666666676 -0.72465516457552515 5.5000000000000009 3.5000000000000004 2.4860854977526912 4.5000000000000009 3.2468620983371328 0.81666666666666676
decision_type=2 2 2 2 2 2 2 2 2 2 2 2 2 2
left_child=1 7 3 -3 5 -5 -4 8 9 -1 -11 -9 13 -10
right_child=-2 2 6 4 -6 -7 -8 11 12 10 -12 -13 -14 -15
leaf_value=-0.0019199777883127643 0.0050613393531027968 0.003352071171121102 -0.002780050429464749 -0.010698547711278769 0.0019841551421944667 0.0016751100698530002 0.0047028809181145319 -0.00049260849867170328 0.00057235680505609654 0.0041391991939907467 -0.00075798693799066506 0.0058935221953602809 0.00077666595268599114 -0.0045234759276048964
leaf_weight=0.56357189987920742 0.51142161330790248 0.25390175249776836 0.18747941415131208 2.6943605604149079 0.28055049194153969 0.43392562019607783 0.36540249007521186 0.067622901027789228 0.0914414983271854 0.69978924346287386 0.075286231124664482 0.50075681373346015 0.069638575326280261 0.47617587955073748
leaf_count=1626 310 180 142 10669 470 507 126 96 90 420 106 213 39 1387
internal_value=-0.000680407 -0.00217119 -0.00466931 -0.00601574 -0.00769496 -0.00899828 0.00197538 0.00220127 -0.000934763 0.00140174 0.00346006 0.00534179 -0.00318378 -0.00389617
internal_weight=7.27132 6.7599 4.21562 3.66274 3.40884 3.12829 0.552882 2.54428 1.9759 1.33865 0.775075 0.56838 0.637256 0.567617
internal_count=16381 16071 12094 11826 11646 11176 268 3977 3668 2152 526 309 1516 1477
is_linear=0
shrinkage=0.03


Tree=295
num_leaves=15
num_cat=0
split_feature=56 20 37 59 55 33 37 18 55 18 10 21 21 9
split_gain=0.0954415 0.0960708 0.0630423 0.0489514 0.0562661 0.0972566 0.0671871 0.034643 0.0366892 0.0277812 0.0269426 0.03003 0.0206998 0.020076
threshold=1.0000000180025095e-35 4.5000000000000009 1.0000000180025095e-35 1.0000000180025095e-35 -0.54831580864593621 1.0000000180025095e-35 1.0000000180025095e-35 0.71130952380952395 -0.65744645013511449 0.63068181818181823 1.0000000180025095e-35 12.500000000000002 10.500000000000002 1.0000000180025095e-35
decision_type=2 2 2 2 2 2 2 2 2 2 2 2 2 2
left_child=1 2 13 4 5 6 12 8 -5 -7 11 -6 -3 -1
right_child=-2 3 -4 7 10 9 -8 -9 -10 -11 -12 -13 -14 -15
leaf_value=-0.0087163626987848668 0.0042508703841355553 9.5111634942642075e-05 0.0012559112257808183 -0.0013428979720962598 0.0017646995307909351 -0.0016574380827572783 0.0012638728160805645 -0.0016412560199735684 0.0048257849322670479 0.003355504873602126 0.0035729452914554129 -0.0027976967632737867 -0.0088364137133551228 0.00044275694443231457
leaf_weight=0.9244899865177556 0.32347103505162511 0.2088447877467845 0.19524756519967923 0.21048929781318282 0.6499787033340001 0.10466235183412198 0.27012197469593957 0.25630296440249356 1.3027895611885467 0.64194736781064421 0.2563412003146367 0.73026629351352312 0.78759906322193274 0.032322910188668175
leaf_count=5599 259 639 158 119 1390 20 133 186 462 200 25 4408 2705 22
internal_value=-0.00154775 -0.00275845 -0.00692691 -0.000243925 -0.00196056 -0.00403083 -0.00659811 0.00245834 0.00369173 0.00195758 0.00140234 -0.00087628 -0.00815043 -0.00831676
internal_weight=6.89488 6.5714 1.15206 5.41934 3.64976 2.01318 1.26657 1.76958 1.51328 0.74661 1.63659 1.38024 0.996444 0.956813
internal_count=16325 16066 5779 10287 9520 3697 3477 767 581 220 5823 5798 3344 5621
is_linear=0
shrinkage=0.03


Tree=296
num_leaves=15
num_cat=0
split_feature=30 54 53 56 37 31 18 52 54 26 53 53 31 25
split_gain=0.133009 0.128589 0.135505 0.128078 0.109146 0.106365 0.0692492 0.0523663 0.0435284 0.043475 0.0254264 0.0209811 0.0148959 0.0187803
threshold=1.0000000180025095e-35 -0.70764991985603098 3.438811922224569 1.0000000180025095e-35 1.0000000180025095e-35 1.0000000180025095e-35 0.63961038961038974 2.5467889716101815 -0.87927759471376976 1.0000000180025095e-35 2.5242680868836214 0.62963017883289629 1.0000000180025095e-35 1.5000000000000002
decision_type=2 2 2 2 2 2 2 2 2 2 2 2 2 2
left_child=1 6 3 4 5 9 7 8 -1 -3 11 -10 13 -8
right_child=-2 2 -4 -5 -6 -7 12 -9 10 -11 -12 -13 -14 -15
leaf_value=-0.0012887001850669672 0.005062660793451545 -0.011846419850719552 0.0030069857494519872 0.0027062328027896401 0.0012266779407697221 0.0011574850803433658 -0.0043610431498443611 -0.0017216599971034523 -0.00041204993012883094 -0.00052410663272713174 -0.00065715275683684931 0.0074684896762554276 0.00068346440670538969 0.00088748061746030929
leaf_weight=0.11019346129660323 0.52790976141113777 2.249798676167531 0.38825804708631029 0.19441036161151704 0.5202101761351513 0.36098811520832885 0.3490826850279517 0.21658748486333923 0.11508576581081831 0.53569347170923709 0.085192701541472959 1.1659552051942226 0.32183699832239654 0.060304181119136047
leaf_count=484 300 10333 647 124 264 502 1624 315 631 337 179 524 142 57
internal_value=-0.00129253 -0.0028467 -0.00523726 -0.00680947 -0.00809107 -0.00950962 0.0018169 0.00402584 0.00537439 -0.010798 0.00635817 0.0069409 -0.00250037 -0.00349299
internal_weight=7.20151 6.6736 4.24936 3.8611 3.66669 3.14648 2.42424 1.69301 1.47643 2.78549 1.36623 1.28104 0.731224 0.409387
internal_count=16463 16163 12207 11560 11436 11172 3956 2133 1818 10670 1334 1155 1823 1681
is_linear=0
shrinkage=0.03


Tree=297
num_leaves=15
num_cat=0
split_feature=33 24 2 2 44 20 44 18 53 53 18 21 3 44
split_gain=0.0728324 0.0773455 0.143887 0.0568416 0.0566105 0.073019 0.0657905 0.0365919 0.0622765 0.0266431 0.0266057 0.0169545 0.0169028 0.0119928
threshold=1.0000000180025095e-35 1.0000000180025095e-35 1.0000000180025095e-35 1.0000000180025095e-35 4.5000000000000009 10.500000000000002 6.5000000000000009 0.45993589743589752 1.6075917436324201 2.8636420052419664 0.78869047619047628 14.500000000000002 1.0000000180025095e-35 1.0000000180025095e-35
decision_type=2 2 2 2 2 2 2 2 2 2 2 2 2 2
left_child=1 2 7 -3 5 -4 -6 13 12 11 -7 -2 -9 -1
right_child=9 3 4 -5 6 10 -8 8 -10 -11 -12 -13 -14 -15
leaf_value=-0.00049076836963012592 0.0046348043667477547 -0.0024214758189384468 -0.010877479975976663 0.0046862145899774369 0.0031464737630659562 0.0024157177630594871 -0.0036886161831435524 -0.0048981810808164305 0.0023662143490099916 -0.0013984169352935104 -0.0022274176879026756 -0.00066866215630465573 0.00048611933663445488 0.0037799383861516272
leaf_weight=0.23374540400141119 0.43410718729137432 0.16532803953668906 1.3695915021248768 0.36517620900121983 0.5147907890832355 0.33136794366646416 0.58421405046374275 0.65443978057191976 0.72736113348673825 0.094641989038791507 0.14385274297546857 0.12577880208846182 0.24138800493437884 0.62367328819664181
leaf_count=2710 166 175 4344 323 261 1410 840 2696 879 50 1202 22 495 913
internal_value=-0.00247191 -0.00354658 -0.00458664 0.00230801 -0.00756813 -0.00931021 -0.000522571 0.0007504 -0.00150664 0.00261101 0.000346099 0.00385181 -0.00411362 0.00308708
internal_weight=6.60946 5.95493 5.42442 0.530504 2.94382 1.84481 1.099 2.48061 1.62319 0.654528 0.475221 0.559886 0.895828 0.857419
internal_count=16486 16248 15750 498 8057 6956 1101 7693 4070 238 2612 188 3191 3623
is_linear=0
shrinkage=0.03


Tree=298
num_leaves=15
num_cat=0
split_feature=36 52 52 39 25 5 52 52 9 21 54 54 55 54
split_gain=0.0707655 0.0668415 0.0851209 0.106137 0.0772477 0.0790854 0.0789704 0.0591979 0.0409837 0.0338337 0.0278775 0.0229444 0.0188085 0.012871
threshold=1.0000000180025095e-35 0.057316312316024874 2.5242680868836214 1.0000000180025095e-35 1.5000000000000002 1.0000000180025095e-35 1.4066094126709543 3.438811922224569 1.0000000180025095e-35 12.500000000000002 -0.87927759471376976 1.9556678573972917 2.5540139374371491 -0.80483263461672416
decision_type=2 2 2 2 2 2 2 2 2 2 2 2 2 2
left_child=1 -1 3 4 6 10 8 12 11 -8 -6 -3 -4 -10
right_child=-2 2 7 -5 5 -7 9 -9 13 -11 -12 -13 -14 -15
leaf_value=-0.003277035077975735 -0.0040479572986319963 0.0023538682967290908 -0.0052146673645703445 -0.0032207769493080721 -0.00049640229959553085 -0.0016183405876641227 -0.00068144646612231213 0.0022367430511356116 0.0002791644580399335 0.0056436977916245745 0.0094430344733352611 -0.0017904804194542826 0.00073063870064444473 -0.0051733028640434577
leaf_weight=0.24378199759848929 0.30092695709936368 1.0303810218401852 0.65222429259256365 0.22212882281019108 0.06593337379308728 0.10551324756715974 0.52240890898792691 0.43112678566103568 0.23273085240543878 0.69885695453194785 2.0065603069924691 0.19546396775876917 0.049889555055415258 0.40118780959073763
leaf_count=4508 1196 2418 3524 179 166 318 619 605 54 484 1292 595 112 350
internal_value=0.000829584 0.00190923 0.00281682 0.00416515 0.00527855 0.00799451 0.000967532 -0.00220058 -0.00222723 0.00419482 0.00903833 0.000992665 -0.00456411 -0.00447955
internal_weight=7.15911 6.85819 6.61441 5.48117 5.25904 2.17801 3.08103 1.13324 1.85976 1.22127 2.07249 1.22584 0.702114 0.633919
internal_count=16420 15224 10716 6475 6296 1776 4520 4241 3417 1103 1458 3013 3636 404
is_linear=0
shrinkage=0.03


Tree=299
num_leaves=15
num_cat=0
split_feature=30 18 9 38 54 26 33 54 54 19 58 19 19 48
split_gain=0.157796 0.103183 0.155281 0.0577383 0.0370047 0.035509 0.0359897 0.0294265 0.0272704 0.0258536 0.0164861 0.0137758 0.0114081 0.00903604
threshold=1.0000000180025095e-35 0.77350427350427364 1.0000000180025095e-35 0.3928571428571429 -0.68581147954660115 1.0000000180025095e-35 1.0000000180025095e-35 -0.61367472465062223 1.9177223553578659 1.5000000000000002 1.5000000000000002 2.5000000000000004 3.5000000000000004 2.5000000000000004
decision_type=2 2 2 2 2 2 2 2 2 2 2 2 2 2
left_child=1 2 3 5 -3 6 11 10 -7 -6 -4 -1 -12 -11
right_child=-2 4 7 -5 9 8 -8 -9 -10 13 12 -13 -14 -15
leaf_value=0.00022892520141069722 0.00514039559754633 -0.0017627461386423009 -0.00079356356791230372 0.00025751511304054133 -0.0011321883855582181 0.0021401829193082038 -4.5708379675588851e-05 -0.0014202978993429118 -0.0025286202006794805 0.0048840429577162196 -0.00041705697556431538 -0.010308758830131111 0.0047405918997368611 -0.00038036346186230187
leaf_weight=0.026885319079157699 0.53492798197839864 0.36804384415108871 0.053572317123325774 0.65246483269675071 0.078195677278699582 0.33648063648433879 0.36447788470832154 0.36489975540916908 0.18125871591109899 0.80393117862422514 0.10100759466513409 2.1430851909206012 0.61552215397387045 0.025035194645170122
leaf_count=73 319 1452 238 1046 1355 170 90 420 196 1253 100 9529 152 10
internal_value=-0.00187567 -0.00360508 -0.00521251 -0.00739505 0.00195319 -0.00848528 -0.00934053 0.00208433 -0.00020458 0.00363632 0.00357144 -0.010131 0.00424177 0.00456855
internal_weight=6.64979 6.11486 4.83965 3.70465 1.27521 3.05219 2.53445 1.135 0.517739 0.907162 0.770102 2.16997 0.71653 0.828966
internal_count=16403 16084 12014 11104 4070 10058 9692 910 366 2618 490 9602 252 1263
is_linear=0
shrinkage=0.03


end of trees

feature_importances:
Column_52=355
Column_53=341
Column_25=254
Column_55=236
Column_18=234
Column_19=188
Column_30=153
Column_20=146
Column_44=142
Column_54=139
Column_35=137
Column_33=136
Column_37=129
Column_56=122
Column_21=114
Column_22=91
Column_36=88
Column_24=86
Column_58=86
Column_59=83
Column_23=75
Column_49=68
Column_48=64
Column_60=63
Column_47=55
Column_26=52
Column_40=49
Column_27=46
Column_31=44
Column_10=39
Column_41=39
Column_38=34
Column_5=31
Column_42=31
Column_2=30
Column_39=29
Column_9=24
Column_7=22
Column_3=20
Column_51=14
Column_8=12
Column_1=11
Column_11=11
Column_13=11
Column_34=11
Column_14=10
Column_6=9
Column_46=9
Column_12=6
Column_57=5
Column_43=4
Column_15=3
Column_4=1
Column_16=1
Column_32=1

parameters:
[boosting: gbdt]
[objective: lambdarank]
[metric: ndcg]
[tree_learner: serial]
[device_type: cpu]
[data_sample_strategy: bagging]
[data: ]
[valid: ]
[num_iterations: 300]
[learning_rate: 0.03]
[num_leaves: 15]
[num_threads: 8]
[seed: 7]
[deterministic: 0]
[force_col_wise: 0]
[force_row_wise: 0]
[histogram_pool_size: -1]
[max_depth: -1]
[min_data_in_leaf: 30]
[min_sum_hessian_in_leaf: 0.001]
[bagging_fraction: 0.8]
[pos_bagging_fraction: 1]
[neg_bagging_fraction: 1]
[bagging_freq: 1]
[bagging_seed: 17422]
[bagging_by_query: 0]
[feature_fraction: 0.5]
[feature_fraction_bynode: 1]
[feature_fraction_seed: 7040]
[extra_trees: 0]
[extra_seed: 6516]
[early_stopping_round: 0]
[early_stopping_min_delta: 0]
[first_metric_only: 0]
[max_delta_step: 0]
[lambda_l1: 0]
[lambda_l2: 2]
[linear_lambda: 0]
[min_gain_to_split: 0]
[drop_rate: 0.1]
[max_drop: 50]
[skip_drop: 0.5]
[xgboost_dart_mode: 0]
[uniform_drop: 0]
[drop_seed: 15215]
[top_rate: 0.2]
[other_rate: 0.1]
[min_data_per_group: 100]
[max_cat_threshold: 32]
[cat_l2: 10]
[cat_smooth: 10]
[max_cat_to_onehot: 4]
[top_k: 20]
[monotone_constraints: ]
[monotone_constraints_method: basic]
[monotone_penalty: 0]
[feature_contri: ]
[forcedsplits_filename: ]
[refit_decay_rate: 0.9]
[cegb_tradeoff: 1]
[cegb_penalty_split: 0]
[cegb_penalty_feature_lazy: ]
[cegb_penalty_feature_coupled: ]
[path_smooth: 0]
[interaction_constraints: ]
[verbosity: -1]
[saved_feature_importance_type: 0]
[use_quantized_grad: 0]
[num_grad_quant_bins: 4]
[quant_train_renew_leaf: 0]
[stochastic_rounding: 1]
[linear_tree: 0]
[max_bin: 255]
[max_bin_by_feature: ]
[min_data_in_bin: 3]
[bin_construct_sample_cnt: 200000]
[data_random_seed: 61]
[is_enable_sparse: 1]
[enable_bundle: 1]
[use_missing: 1]
[zero_as_missing: 0]
[feature_pre_filter: 1]
[pre_partition: 0]
[two_round: 0]
[header: 0]
[label_column: ]
[weight_column: ]
[group_column: ]
[ignore_column: ]
[categorical_feature: ]
[forcedbins_filename: ]
[precise_float_parser: 0]
[parser_config_file: ]
[objective_seed: 15521]
[num_class: 1]
[is_unbalance: 0]
[scale_pos_weight: 1]
[sigmoid: 1]
[boost_from_average: 1]
[reg_sqrt: 0]
[alpha: 0.9]
[fair_c: 1]
[poisson_max_delta_step: 0.7]
[tweedie_variance_power: 1.5]
[lambdarank_truncation_level: 30]
[lambdarank_norm: 1]
[label_gain: ]
[lambdarank_position_bias_regularization: 0]
[eval_at: 1,3]
[multi_error_top_k: 1]
[auc_mu_weights: ]
[num_machines: 1]
[local_listen_port: 12400]
[time_out: 120]
[machine_list_filename: ]
[machines: ]
[gpu_platform_id: -1]
[gpu_device_id: -1]
[gpu_device_id_list: ]
[gpu_use_dp: 0]
[num_gpu: 1]

end of parameters

pandas_categorical:null
